startNodeId,endNodeId,relationshipType,relationshipId,amount,unit,step_order,ingredientCategory,isMain
201000001,201000002,801000001,R_000001,300,g,,蛋白质,True
201000001,201000003,801000001,R_000002,15,g,,调料,False
201000001,201000004,801000001,R_000003,200,g,,蔬菜,False
201000001,201000005,801000001,R_000004,100,ml,,调料,False
201000001,201000006,801000001,R_000005,1,个,,蛋白质,False
201000001,201000007,801000001,R_000006,5,g,,淀粉类,False
201000001,201000008,801000001,R_000007,5,瓣,,蔬菜,False
201000001,201000009,801000001,R_000008,30,ml,,调料,False
201000001,201000010,801000001,R_000009,300,ml,,其他,False
201000001,201000011,801000003,R_000010,,,1.0,,
201000001,201000012,801000003,R_000011,,,2.0,,
201000001,201000013,801000003,R_000012,,,3.0,,
201000001,201000014,801000003,R_000013,,,4.0,,
201000001,201000015,801000003,R_000014,,,5.0,,
201000001,201000016,801000003,R_000015,,,6.0,,
201000001,201000017,801000003,R_000016,,,7.0,,
201000001,201000018,801000003,R_000017,,,8.0,,
201000001,201000019,801000003,R_000018,,,9.0,,
201000001,201000020,801000003,R_000019,,,10.0,,
201000001,201000021,801000003,R_000020,,,11.0,,
201000001,201000022,801000003,R_000021,,,12.0,,
201000001,730000000,801000004,R_000022,,,,,
201000001,640000000,801000005,R_000023,,,,,
201000023,201000024,801000001,R_000024,450,g,,蛋白质,True
201000023,201000025,801000001,R_000025,25,g,,蔬菜,False
201000023,201000026,801000001,R_000026,10,g,,蔬菜,False
201000023,201000027,801000001,R_000027,13,g,,蔬菜,False
201000023,201000028,801000001,R_000028,5,mL,,调料,False
201000023,201000029,801000001,R_000029,25,mL,,调料,False
201000023,201000030,801000001,R_000030,2,mL,,调料,False
201000023,201000031,801000001,R_000031,50,mL,,调料,False
201000023,201000032,801000003,R_000032,,,1.0,,
201000023,201000033,801000003,R_000033,,,2.0,,
201000023,201000034,801000003,R_000034,,,3.0,,
201000023,201000035,801000003,R_000035,,,4.0,,
201000023,201000036,801000003,R_000036,,,5.0,,
201000023,201000037,801000003,R_000037,,,6.0,,
201000023,201000038,801000003,R_000038,,,7.0,,
201000023,201000039,801000003,R_000039,,,8.0,,
201000023,730000000,801000004,R_000040,,,,,
201000023,630000000,801000005,R_000041,,,,,
201000040,201000041,801000001,R_000042,500,g,,蛋白质,True
201000040,201000042,801000001,R_000043,300-500,g,,蔬菜,True
201000040,201000043,801000001,R_000044,40,g,,调料,False
201000040,201000044,801000001,R_000045,10,g,,调料,False
201000040,201000045,801000001,R_000046,10,ml,,调料,False
201000040,201000046,801000001,R_000047,25,ml,,调料,False
201000040,201000047,801000001,R_000048,3,g,,调料,False
201000040,201000008,801000001,R_000049,2,瓣,,调料,False
201000040,201000049,801000001,R_000050,5,g,,调料,False
201000040,201000050,801000001,R_000051,2,g,,调料,False
201000040,201000051,801000003,R_000052,,,1.0,,
201000040,201000052,801000003,R_000053,,,2.0,,
201000040,201000053,801000003,R_000054,,,3.0,,
201000040,201000054,801000003,R_000055,,,4.0,,
201000040,201000055,801000003,R_000056,,,5.0,,
201000040,201000056,801000003,R_000057,,,6.0,,
201000040,201000057,801000003,R_000058,,,7.0,,
201000040,201000058,801000003,R_000059,,,8.0,,
201000040,730000000,801000004,R_000060,,,,,
201000040,640000000,801000005,R_000061,,,,,
201000059,201000060,801000001,R_000062,6,个,,蛋白质,True
201000059,201000061,801000001,R_000063,1,升,,其他,False
201000059,201000062,801000001,R_000064,3,颗,,蔬菜,False
201000059,201000063,801000001,R_000065,6,瓣,,蔬菜,False
201000059,201000027,801000001,R_000066,1,小块,,蔬菜,False
201000059,201000029,801000001,R_000067,6,毫升,,调料,False
201000059,201000066,801000001,R_000068,1,把,,工具,False
201000059,201000067,801000003,R_000069,,,1.0,,
201000059,201000068,801000003,R_000070,,,2.0,,
201000059,201000069,801000003,R_000071,,,3.0,,
201000059,201000070,801000003,R_000072,,,4.0,,
201000059,201000071,801000003,R_000073,,,5.0,,
201000059,201000072,801000003,R_000074,,,6.0,,
201000059,730000000,801000004,R_000075,,,,,
201000059,630000000,801000005,R_000076,,,,,
201000073,201000074,801000001,R_000077,1,条,,蛋白质,True
201000073,201000027,801000001,R_000078,2,片,,蔬菜,False
201000073,201000076,801000001,R_000079,3.5,个,,蔬菜,False
201000073,201000077,801000001,R_000080,2.5,个,,蔬菜,False
201000073,201000078,801000001,R_000081,40,毫升,,调料,False
201000073,201000049,801000001,R_000082,10,克,,调料,False
201000073,201000028,801000001,R_000083,适量,,,调料,False
201000073,201000081,801000001,R_000084,5,毫升,,调料,False
201000073,201000029,801000001,R_000085,5,毫升,,调料,False
201000073,201000083,801000001,R_000086,10,克,,调料,False
201000073,201000084,801000001,R_000087,5,克,,调料,False
201000073,201000062,801000001,R_000088,1.5,根,,蔬菜,False
201000073,201000086,801000001,R_000089,适量,,,蔬菜,False
201000073,201000087,801000001,R_000090,1.5,个,,蔬菜,False
201000073,201000088,801000001,R_000091,5,克,,调料,False
201000073,201000089,801000003,R_000092,,,1.0,,
201000073,201000090,801000003,R_000093,,,2.0,,
201000073,201000091,801000003,R_000094,,,3.0,,
201000073,201000092,801000003,R_000095,,,4.0,,
201000073,201000093,801000003,R_000096,,,5.0,,
201000073,201000094,801000003,R_000097,,,6.0,,
201000073,201000095,801000003,R_000098,,,7.0,,
201000073,201000096,801000003,R_000099,,,8.0,,
201000073,201000097,801000003,R_000100,,,9.0,,
201000073,201000098,801000003,R_000101,,,10.0,,
201000073,201000099,801000003,R_000102,,,11.0,,
201000073,730000000,801000004,R_000103,,,,,
201000073,640000000,801000005,R_000104,,,,,
201000100,201000101,801000001,R_000105,1,个,,蛋白质,True
201000100,201000102,801000001,R_000106,200,g,,蔬菜,False
201000100,201000027,801000001,R_000107,80,g,,蔬菜,False
201000100,201000076,801000001,R_000108,3.5,个,,蔬菜,False
201000100,201000105,801000001,R_000109,0.25,个,,蔬菜,False
201000100,201000086,801000001,R_000110,4,棵,,蔬菜,False
201000100,201000107,801000001,R_000111,2,个,,调料,False
201000100,201000077,801000001,R_000112,5,个,,调料,False
201000100,201000078,801000001,R_000113,30,ml,,调料,False
201000100,201000049,801000001,R_000114,7,g,,调料,False
201000100,201000111,801000001,R_000115,3,g,,调料,False
201000100,201000112,801000001,R_000116,15,g,,调料,False
201000100,201000113,801000001,R_000117,3,g,,调料,False
201000100,201000114,801000001,R_000118,3,g,,调料,False
201000100,201000115,801000001,R_000119,2,g,,调料,False
201000100,201000028,801000001,R_000120,15,g,,调料,False
201000100,201000117,801000001,R_000121,500,ml,,其他,False
201000100,201000118,801000003,R_000122,,,1.0,,
201000100,201000119,801000003,R_000123,,,2.0,,
201000100,201000120,801000003,R_000124,,,3.0,,
201000100,201000121,801000003,R_000125,,,4.0,,
201000100,201000122,801000003,R_000126,,,5.0,,
201000100,201000123,801000003,R_000127,,,6.0,,
201000100,201000124,801000003,R_000128,,,7.0,,
201000100,201000125,801000003,R_000129,,,8.0,,
201000100,201000126,801000003,R_000130,,,9.0,,
201000100,730000000,801000004,R_000131,,,,,
201000100,640000000,801000005,R_000132,,,,,
201000127,201000128,801000001,R_000133,1000,克,,蛋白质,True
201000127,201000129,801000001,R_000134,100,克,,蛋白质,False
201000127,201000102,801000001,R_000135,200,克,,蔬菜,False
201000127,201000027,801000001,R_000136,80,克,,蔬菜,False
201000127,201000076,801000001,R_000137,3.5,个,,蔬菜,False
201000127,201000077,801000001,R_000138,2,个,,调料,False
201000127,201000134,801000001,R_000139,50,克,,调料,False
201000127,201000028,801000001,R_000140,50,毫升,,调料,False
201000127,201000114,801000001,R_000141,50,毫升,,调料,False
201000127,201000137,801000001,R_000142,50,毫升,,调料,False
201000127,201000113,801000001,R_000143,20,毫升,,调料,False
201000127,201000084,801000001,R_000144,5,毫升,,调料,False
201000127,201000049,801000001,R_000145,5,克,,调料,False
201000127,201000078,801000001,R_000146,适量,毫升,,调料,False
201000127,201000117,801000001,R_000147,没过鱼面,毫升,,其他,False
201000127,201000143,801000003,R_000148,,,1.0,,
201000127,201000144,801000003,R_000149,,,2.0,,
201000127,201000145,801000003,R_000150,,,3.0,,
201000127,201000146,801000003,R_000151,,,4.0,,
201000127,201000147,801000003,R_000152,,,5.0,,
201000127,201000148,801000003,R_000153,,,6.0,,
201000127,201000149,801000003,R_000154,,,7.0,,
201000127,201000150,801000003,R_000155,,,8.0,,
201000127,201000151,801000003,R_000156,,,9.0,,
201000127,201000152,801000003,R_000157,,,10.0,,
201000127,201000153,801000003,R_000158,,,11.0,,
201000127,201000154,801000003,R_000159,,,12.0,,
201000127,201000155,801000003,R_000160,,,13.0,,
201000127,201000156,801000003,R_000161,,,14.0,,
201000127,201000157,801000003,R_000162,,,15.0,,
201000127,201000158,801000003,R_000163,,,16.0,,
201000127,201000159,801000003,R_000164,,,17.0,,
201000127,730000000,801000004,R_000165,,,,,
201000127,640000000,801000005,R_000166,,,,,
201000160,201000161,801000001,R_000167,2,斤,,蛋白质,True
201000160,201000078,801000001,R_000168,70,毫升,,调料,False
201000160,201000163,801000001,R_000169,2,片,,调料,False
201000160,201000107,801000001,R_000170,1,个,,调料,False
201000160,201000165,801000001,R_000171,3,克,,调料,False
201000160,201000166,801000001,R_000172,10,克,,调料,False
201000160,201000167,801000001,R_000173,10,克,,调料,False
201000160,201000168,801000001,R_000174,5,克,,调料,False
201000160,201000062,801000001,R_000175,1,根,,蔬菜,False
201000160,201000027,801000001,R_000176,30,克,,蔬菜,False
201000160,201000063,801000001,R_000177,7,瓣,,蔬菜,False
201000160,201000172,801000001,R_000178,30,克,,调料,False
201000160,201000173,801000001,R_000179,30,克,,调料,False
201000160,201000174,801000001,R_000180,500,毫升,,调料,False
201000160,201000112,801000001,R_000181,30,毫升,,调料,False
201000160,201000049,801000001,R_000182,10,克,,调料,False
201000160,201000177,801000003,R_000183,,,1.0,,
201000160,201000178,801000003,R_000184,,,2.0,,
201000160,201000179,801000003,R_000185,,,3.0,,
201000160,201000180,801000003,R_000186,,,4.0,,
201000160,201000181,801000003,R_000187,,,5.0,,
201000160,201000182,801000003,R_000188,,,6.0,,
201000160,201000183,801000003,R_000189,,,7.0,,
201000160,730000000,801000004,R_000190,,,,,
201000160,640000000,801000005,R_000191,,,,,
201000184,201000185,801000001,R_000192,2-3,只,,蛋白质,True
201000184,201000186,801000001,R_000193,5,克,,调料,False
201000184,201000187,801000001,R_000194,适量,,,调料,False
201000184,201000188,801000001,R_000195,20,毫升,,调料,False
201000184,201000112,801000001,R_000196,1,毫升,,调料,False
201000184,201000086,801000001,R_000197,3,片,,蔬菜,False
201000184,201000191,801000001,R_000198,1,片,,蔬菜,False
201000184,201000004,801000001,R_000199,10,克,,蔬菜,False
201000184,201000193,801000001,R_000200,10,克,,蔬菜,False
201000184,201000008,801000001,R_000201,10,克,,蔬菜,False
201000184,201000195,801000001,R_000202,2调羹,,,调料,False
201000184,201000196,801000003,R_000203,,,1.0,,
201000184,201000197,801000003,R_000204,,,2.0,,
201000184,201000198,801000003,R_000205,,,3.0,,
201000184,201000199,801000003,R_000206,,,4.0,,
201000184,201000200,801000003,R_000207,,,5.0,,
201000184,201000201,801000003,R_000208,,,6.0,,
201000184,201000202,801000003,R_000209,,,7.0,,
201000184,201000203,801000003,R_000210,,,8.0,,
201000184,201000204,801000003,R_000211,,,9.0,,
201000184,201000205,801000003,R_000212,,,10.0,,
201000184,730000000,801000004,R_000213,,,,,
201000184,630000000,801000005,R_000214,,,,,
201000206,201000207,801000001,R_000215,10,只,,蛋白质,True
201000206,201000167,801000001,R_000216,5,克,,调料,False
201000206,201000062,801000001,R_000217,50,克,,蔬菜,False
201000206,201000027,801000001,R_000218,20,克,,蔬菜,False
201000206,201000211,801000001,R_000219,30,克,,调料,False
201000206,201000049,801000001,R_000220,3,克,,调料,False
201000206,201000213,801000001,R_000221,10,克,,调料,False
201000206,201000214,801000001,R_000222,适量,,,调料,False
201000206,201000215,801000003,R_000223,,,1.0,,
201000206,201000216,801000003,R_000224,,,2.0,,
201000206,201000217,801000003,R_000225,,,3.0,,
201000206,201000218,801000003,R_000226,,,4.0,,
201000206,201000219,801000003,R_000227,,,5.0,,
201000206,201000220,801000003,R_000228,,,6.0,,
201000206,201000221,801000003,R_000229,,,7.0,,
201000206,201000222,801000003,R_000230,,,8.0,,
201000206,730000000,801000004,R_000231,,,,,
201000206,640000000,801000005,R_000232,,,,,
201000223,201000224,801000001,R_000001,1500,克,,蛋白质,True
201000223,201000102,801000001,R_000002,0.5,根,,蔬菜,False
201000223,201000009,801000001,R_000003,20,毫升,,调料,False
201000223,201000028,801000001,R_000004,12.5,毫升,,调料,False
201000223,201000228,801000001,R_000005,7.5,克,,调料,False
201000223,201000047,801000001,R_000006,7.5,克,,调料,False
201000223,201000165,801000001,R_000007,1,小片,,调料,False
201000223,201000107,801000001,R_000008,2,个,,调料,False
201000223,201000008,801000001,R_000009,8,粒,,蔬菜,False
201000223,201000163,801000001,R_000010,2,片,,调料,False
201000223,201000166,801000001,R_000011,1,小把,,调料,False
201000223,201000235,801000001,R_000012,10,个,,调料,False
201000223,201000236,801000001,R_000013,4,个,,蔬菜,False
201000223,201000237,801000001,R_000014,2,根,,蔬菜,False
201000223,201000004,801000001,R_000015,0.5,个,,蔬菜,False
201000223,201000239,801000001,R_000016,1,张,,蛋白质,False
201000223,201000240,801000001,R_000017,适量,,,蔬菜,False
201000223,201000241,801000001,R_000018,0.5,包,,调料,False
201000223,201000242,801000001,R_000019,17.5,克,,调料,False
201000223,201000134,801000001,R_000020,5,克,,调料,False
201000223,201000112,801000001,R_000021,5,毫升,,调料,False
201000223,201000245,801000001,R_000022,适量,,,调料,False
201000223,201000246,801000001,R_000023,适量,,,其他,False
201000223,201000247,801000001,R_000024,适量,,,其他,False
201000223,201000086,801000001,R_000025,适量,,,蔬菜,False
201000223,201000249,801000003,R_000026,,,1.0,,
201000223,201000250,801000003,R_000027,,,2.0,,
201000223,201000251,801000003,R_000028,,,3.0,,
201000223,201000252,801000003,R_000029,,,4.0,,
201000223,201000253,801000003,R_000030,,,5.0,,
201000223,201000254,801000003,R_000031,,,6.0,,
201000223,201000255,801000003,R_000032,,,7.0,,
201000223,201000256,801000003,R_000033,,,8.0,,
201000223,730000000,801000004,R_000034,,,,,
201000223,640000000,801000005,R_000035,,,,,
201000257,201000258,801000001,R_000036,1,条,,蛋白质,True
201000257,201000259,801000001,R_000037,3,根,,蔬菜,False
201000257,201000027,801000001,R_000038,1,块,,蔬菜,False
201000257,201000009,801000001,R_000039,10-15,毫升,,调料,False
201000257,201000262,801000001,R_000040,10-15,毫升,,调料,False
201000257,201000028,801000001,R_000041,10-15,毫升,,调料,False
201000257,201000228,801000001,R_000042,5-10,克,,调料,False
201000257,201000265,801000003,R_000043,,,1.0,,
201000257,201000266,801000003,R_000044,,,2.0,,
201000257,201000267,801000003,R_000045,,,3.0,,
201000257,201000268,801000003,R_000046,,,4.0,,
201000257,201000269,801000003,R_000047,,,5.0,,
201000257,201000270,801000003,R_000048,,,6.0,,
201000257,201000271,801000003,R_000049,,,7.0,,
201000257,730000000,801000004,R_000050,,,,,
201000257,630000000,801000005,R_000051,,,,,
201000272,201000273,801000001,R_000052,250,g,,蛋白质,True
201000272,201000062,801000001,R_000053,1,根,,蔬菜,False
201000272,201000027,801000001,R_000054,1,块,,蔬菜,False
201000272,201000004,801000001,R_000055,1,头,,蔬菜,False
201000272,201000063,801000001,R_000056,5-8,瓣,,蔬菜,False
201000272,201000009,801000001,R_000057,10-15,ml,,调料,False
201000272,201000028,801000001,R_000058,20,ml,,调料,False
201000272,201000029,801000001,R_000059,10-15,ml,,调料,False
201000272,201000281,801000001,R_000060,1,把,,调料,False
201000272,201000282,801000001,R_000061,10,ml,,调料,False
201000272,201000084,801000001,R_000062,10,ml,,调料,False
201000272,201000284,801000003,R_000063,,,1.0,,
201000272,201000285,801000003,R_000064,,,2.0,,
201000272,201000286,801000003,R_000065,,,3.0,,
201000272,201000287,801000003,R_000066,,,4.0,,
201000272,201000288,801000003,R_000067,,,5.0,,
201000272,201000289,801000003,R_000068,,,6.0,,
201000272,730000000,801000004,R_000069,,,,,
201000272,620000000,801000005,R_000070,,,,,
201000290,201000128,801000001,R_000071,3,斤,,蛋白质,True
201000290,201000292,801000001,R_000072,40,克,,调料,False
201000290,201000134,801000001,R_000073,20,克,,调料,False
201000290,201000294,801000001,R_000074,10,克,,调料,False
201000290,201000295,801000001,R_000075,10,克,,淀粉类,False
201000290,201000049,801000001,R_000076,30,克,,调料,False
201000290,201000102,801000001,R_000077,30,克,,蔬菜,False
201000290,201000027,801000001,R_000078,30,克,,蔬菜,False
201000290,201000028,801000001,R_000079,25,克,,调料,False
201000290,201000086,801000001,R_000080,1,颗,,蔬菜,False
201000290,201000301,801000001,R_000081,100,克,,淀粉类,False
201000290,201000006,801000001,R_000082,1,个,,蛋白质,False
201000290,201000117,801000001,R_000083,50,克,,其他,False
201000290,201000304,801000003,R_000084,,,1.0,,
201000290,201000305,801000003,R_000085,,,2.0,,
201000290,201000306,801000003,R_000086,,,3.0,,
201000290,201000307,801000003,R_000087,,,4.0,,
201000290,201000308,801000003,R_000088,,,5.0,,
201000290,201000309,801000003,R_000089,,,6.0,,
201000290,201000310,801000003,R_000090,,,7.0,,
201000290,201000311,801000003,R_000091,,,8.0,,
201000290,201000312,801000003,R_000092,,,9.0,,
201000290,201000313,801000003,R_000093,,,10.0,,
201000290,201000314,801000003,R_000094,,,11.0,,
201000290,201000315,801000003,R_000095,,,12.0,,
201000290,201000316,801000003,R_000096,,,13.0,,
201000290,201000317,801000003,R_000097,,,14.0,,
201000290,201000318,801000003,R_000098,,,15.0,,
201000290,730000000,801000004,R_000099,,,,,
201000290,640000000,801000005,R_000100,,,,,
201000319,201000320,801000001,R_000101,500,克,,蛋白质,True
201000319,201000321,801000001,R_000102,20,克,,其他,False
201000319,201000322,801000001,R_000103,15,克,,调料,False
201000319,201000134,801000001,R_000104,3,克,,调料,False
201000319,201000112,801000001,R_000105,30,克,,调料,False
201000319,201000084,801000001,R_000106,30,克,,调料,False
201000319,201000049,801000001,R_000107,3,克,,调料,False
201000319,201000327,801000001,R_000108,15,克,,调料,False
201000319,201000086,801000001,R_000109,5,条,,蔬菜,False
201000319,201000063,801000001,R_000110,5,颗,,蔬菜,False
201000319,201000330,801000003,R_000111,,,1.0,,
201000319,201000331,801000003,R_000112,,,2.0,,
201000319,201000332,801000003,R_000113,,,3.0,,
201000319,201000333,801000003,R_000114,,,4.0,,
201000319,201000334,801000003,R_000115,,,5.0,,
201000319,201000335,801000003,R_000116,,,6.0,,
201000319,201000336,801000003,R_000117,,,7.0,,
201000319,730000000,801000004,R_000118,,,,,
201000319,630000000,801000005,R_000119,,,,,
201000337,201000338,801000001,R_000120,500,克,,蛋白质,True
201000337,201000339,801000001,R_000121,1,根,,蔬菜,False
201000337,201000340,801000001,R_000122,2,个,,蔬菜,False
201000337,201000027,801000001,R_000123,50,克,,蔬菜,False
201000337,201000028,801000001,R_000124,25,克,,调料,False
201000337,201000214,801000001,R_000125,15,克,,调料,False
201000337,201000049,801000001,R_000126,8,克,,调料,False
201000337,201000262,801000001,R_000127,10,克,,调料,False
201000337,201000117,801000001,R_000128,5000,毫升,,其他,False
201000337,201000347,801000003,R_000129,,,1.0,,
201000337,201000348,801000003,R_000130,,,2.0,,
201000337,201000349,801000003,R_000131,,,3.0,,
201000337,201000350,801000003,R_000132,,,4.0,,
201000337,201000351,801000003,R_000133,,,5.0,,
201000337,201000352,801000003,R_000134,,,6.0,,
201000337,201000353,801000003,R_000135,,,7.0,,
201000337,201000354,801000003,R_000136,,,8.0,,
201000337,201000355,801000003,R_000137,,,9.0,,
201000337,201000356,801000003,R_000138,,,10.0,,
201000337,201000357,801000003,R_000139,,,11.0,,
201000337,201000358,801000003,R_000140,,,12.0,,
201000337,201000359,801000003,R_000141,,,13.0,,
201000337,201000360,801000003,R_000142,,,14.0,,
201000337,201000361,801000003,R_000143,,,15.0,,
201000337,201000362,801000003,R_000144,,,16.0,,
201000337,201000363,801000003,R_000145,,,17.0,,
201000337,201000364,801000003,R_000146,,,18.0,,
201000337,730000000,801000004,R_000147,,,,,
201000337,640000000,801000005,R_000148,,,,,
201000365,201000366,801000001,R_000149,4,个,,蛋白质,True
201000365,201000367,801000001,R_000150,1,根,,蔬菜,True
201000365,201000009,801000001,R_000151,20,毫升,,调料,False
201000365,201000084,801000001,R_000152,20,克,,调料,False
201000365,201000112,801000001,R_000153,5,克,,调料,False
201000365,201000134,801000001,R_000154,2,克,,调料,False
201000365,201000295,801000001,R_000155,2,克,,淀粉类,False
201000365,201000373,801000001,R_000156,100,毫升,,其他,False
201000365,201000374,801000003,R_000157,,,1.0,,
201000365,201000375,801000003,R_000158,,,2.0,,
201000365,201000376,801000003,R_000159,,,3.0,,
201000365,201000377,801000003,R_000160,,,4.0,,
201000365,201000378,801000003,R_000161,,,5.0,,
201000365,201000379,801000003,R_000162,,,6.0,,
201000365,201000380,801000003,R_000163,,,7.0,,
201000365,201000381,801000003,R_000164,,,8.0,,
201000365,201000382,801000003,R_000165,,,9.0,,
201000365,201000383,801000003,R_000166,,,10.0,,
201000365,201000384,801000003,R_000167,,,11.0,,
201000365,201000385,801000003,R_000168,,,12.0,,
201000365,730000000,801000004,R_000169,,,,,
201000365,630000000,801000005,R_000170,,,,,
201000386,201000387,801000001,R_000171,8,只,,蛋白质,True
201000386,201000388,801000001,R_000172,50,g,,调料,False
201000386,201000009,801000001,R_000173,20,ml,,调料,False
201000386,201000112,801000001,R_000174,5,ml,,调料,False
201000386,201000391,801000003,R_000175,,,1.0,,
201000386,201000392,801000003,R_000176,,,2.0,,
201000386,201000393,801000003,R_000177,,,3.0,,
201000386,201000394,801000003,R_000178,,,4.0,,
201000386,730000000,801000004,R_000179,,,,,
201000386,620000000,801000005,R_000180,,,,,
201000395,201000396,801000001,R_000181,200,克,,蛋白质,True
201000395,201000397,801000001,R_000182,30,克,,调料,False
201000395,201000008,801000001,R_000183,20,克,,蔬菜,False
201000395,201000188,801000001,R_000184,15,毫升,,调料,False
201000395,201000191,801000001,R_000185,0.25,个,,蔬菜,False
201000395,201000195,801000001,R_000186,10,毫升,,调料,False
201000395,201000402,801000003,R_000187,,,1.0,,
201000395,201000403,801000003,R_000188,,,2.0,,
201000395,201000404,801000003,R_000189,,,3.0,,
201000395,201000405,801000003,R_000190,,,4.0,,
201000395,201000406,801000003,R_000191,,,5.0,,
201000395,201000407,801000003,R_000192,,,6.0,,
201000395,201000408,801000003,R_000193,,,7.0,,
201000395,201000409,801000003,R_000194,,,8.0,,
201000395,201000410,801000003,R_000195,,,9.0,,
201000395,730000000,801000004,R_000196,,,,,
201000395,620000000,801000005,R_000197,,,,,
201000411,201000412,801000001,R_000198,200,g,,蛋白质,True
201000411,201000006,801000001,R_000199,2,个,,蛋白质,True
201000411,201000009,801000001,R_000200,100,ml,,调料,False
201000411,201000004,801000001,R_000201,0.25,个,,蔬菜,False
201000411,201000295,801000001,R_000202,20,g,,淀粉类,False
201000411,201000112,801000001,R_000203,5,ml,,调料,False
201000411,201000111,801000001,R_000204,5,ml,,调料,False
201000411,201000028,801000001,R_000205,5,ml,,调料,False
201000411,201000420,801000003,R_000206,,,1.0,,
201000411,201000421,801000003,R_000207,,,2.0,,
201000411,201000422,801000003,R_000208,,,3.0,,
201000411,201000423,801000003,R_000209,,,4.0,,
201000411,730000000,801000004,R_000210,,,,,
201000411,630000000,801000005,R_000211,,,,,
201000424,201000425,801000001,R_000001,2,斤,,蛋白质,True
201000424,201000426,801000001,R_000002,20,克,,调料,False
201000424,201000062,801000001,R_000003,50,克,,蔬菜,False
201000424,201000063,801000001,R_000004,4,个,,蔬菜,False
201000424,201000086,801000001,R_000005,适量,,,蔬菜,False
201000424,201000113,801000001,R_000006,2,毫升,,调料,False
201000424,201000134,801000001,R_000007,10,克,,调料,False
201000424,201000242,801000001,R_000008,适量,,,调料,False
201000424,201000077,801000001,R_000009,4-6,个,,调料,False
201000424,201000028,801000001,R_000010,100,毫升,,调料,False
201000424,201000112,801000001,R_000011,4,毫升,,调料,False
201000424,201000049,801000001,R_000012,50,克,,调料,False
201000424,201000009,801000001,R_000013,100,毫升,,调料,False
201000424,201000438,801000001,R_000014,适量,,,蔬菜,False
201000424,201000111,801000001,R_000015,适量,,,调料,False
201000424,201000440,801000001,R_000016,适量,,,调料,False
201000424,201000114,801000001,R_000017,适量,,,调料,False
201000424,201000442,801000003,R_000018,,,1.0,,
201000424,201000443,801000003,R_000019,,,2.0,,
201000424,201000444,801000003,R_000020,,,3.0,,
201000424,201000445,801000003,R_000021,,,4.0,,
201000424,201000446,801000003,R_000022,,,5.0,,
201000424,201000447,801000003,R_000023,,,6.0,,
201000424,201000448,801000003,R_000024,,,7.0,,
201000424,201000449,801000003,R_000025,,,8.0,,
201000424,201000450,801000003,R_000026,,,9.0,,
201000424,201000451,801000003,R_000027,,,10.0,,
201000424,201000452,801000003,R_000028,,,11.0,,
201000424,730000000,801000004,R_000029,,,,,
201000424,640000000,801000005,R_000030,,,,,
201000453,201000009,801000001,R_000031,10,ml,,调料,False
201000453,201000027,801000001,R_000032,3,片,,调料,False
201000453,201000063,801000001,R_000033,3,瓣,,调料,False
201000453,201000128,801000001,R_000034,1.2,斤,,蛋白质,True
201000453,201000458,801000001,R_000035,13,片,,蔬菜,True
201000453,201000049,801000001,R_000036,5-8,克,,调料,False
201000453,201000113,801000001,R_000037,3,ml,,调料,False
201000453,201000112,801000001,R_000038,6,ml,,调料,False
201000453,201000165,801000001,R_000039,1,块,,调料,False
201000453,201000107,801000001,R_000040,3,个,,调料,False
201000453,201000464,801000001,R_000041,20,克,,调料,False
201000453,201000077,801000001,R_000042,4-6,个,,调料,False
201000453,201000466,801000003,R_000043,,,1.0,,
201000453,201000467,801000003,R_000044,,,2.0,,
201000453,201000468,801000003,R_000045,,,3.0,,
201000453,201000469,801000003,R_000046,,,4.0,,
201000453,201000470,801000003,R_000047,,,5.0,,
201000453,201000471,801000003,R_000048,,,6.0,,
201000453,730000000,801000004,R_000049,,,,,
201000453,630000000,801000005,R_000050,,,,,
201000472,201000473,801000001,R_000051,550,克,,蛋白质,True
201000472,201000474,801000001,R_000052,400,克,,蛋白质,True
201000472,201000027,801000001,R_000053,5,片,,蔬菜,False
201000472,201000062,801000001,R_000054,50,克,,蔬菜,False
201000472,201000063,801000001,R_000055,4,个,,蔬菜,False
201000472,201000113,801000001,R_000056,2,毫升,,调料,False
201000472,201000165,801000001,R_000057,1,块,,调料,False
201000472,201000213,801000001,R_000058,5,块,,调料,False
201000472,201000077,801000001,R_000059,4,个,,调料,False
201000472,201000028,801000001,R_000060,5,毫升,,调料,False
201000472,201000112,801000001,R_000061,4,毫升,,调料,False
201000472,201000049,801000001,R_000062,5,克,,调料,False
201000472,201000107,801000001,R_000063,1,个,,调料,False
201000472,201000163,801000001,R_000064,1,片,,调料,False
201000472,201000009,801000001,R_000065,10,毫升,,调料,False
201000472,201000488,801000001,R_000066,400,克,,其他,False
201000472,201000489,801000003,R_000067,,,1.0,,
201000472,201000490,801000003,R_000068,,,2.0,,
201000472,201000491,801000003,R_000069,,,3.0,,
201000472,201000492,801000003,R_000070,,,4.0,,
201000472,201000493,801000003,R_000071,,,5.0,,
201000472,201000494,801000003,R_000072,,,6.0,,
201000472,201000495,801000003,R_000073,,,7.0,,
201000472,730000000,801000004,R_000074,,,,,
201000472,630000000,801000005,R_000075,,,,,
201000496,201000497,801000001,R_000076,300,g,,蛋白质,True
201000496,201000321,801000001,R_000077,7,g,,调料,False
201000496,201000499,801000001,R_000078,15,ml,,调料,False
201000496,201000009,801000001,R_000079,45,ml,,调料,False
201000496,201000112,801000001,R_000080,10,ml,,调料,False
201000496,201000502,801000001,R_000081,5,ml,,调料,False
201000496,201000134,801000001,R_000082,10,ml,,调料,False
201000496,201000049,801000001,R_000083,2.5,ml,,调料,False
201000496,201000505,801000003,R_000084,,,1.0,,
201000496,201000506,801000003,R_000085,,,2.0,,
201000496,201000507,801000003,R_000086,,,3.0,,
201000496,201000508,801000003,R_000087,,,4.0,,
201000496,201000509,801000003,R_000088,,,5.0,,
201000496,201000510,801000003,R_000089,,,6.0,,
201000496,730000000,801000004,R_000090,,,,,
201000496,630000000,801000005,R_000091,,,,,
201000511,201000512,801000001,R_000092,2,片,,淀粉类,True
201000511,201000513,801000001,R_000093,适量,,,调料,False
201000511,201000514,801000003,R_000094,,,1.0,,
201000511,201000515,801000003,R_000095,,,2.0,,
201000511,201000516,801000003,R_000096,,,3.0,,
201000511,201000517,801000003,R_000097,,,4.0,,
201000511,201000518,801000003,R_000098,,,5.0,,
201000511,740000000,801000004,R_000099,,,,,
201000511,610000000,801000005,R_000100,,,,,
201000519,201000006,801000001,R_000101,1,个,,蛋白质,True
201000519,201000049,801000001,R_000102,1,克,,调料,False
201000519,201000078,801000001,R_000103,5,毫升,,调料,False
201000519,201000523,801000003,R_000104,,,1.0,,
201000519,201000524,801000003,R_000105,,,2.0,,
201000519,201000525,801000003,R_000106,,,3.0,,
201000519,201000526,801000003,R_000107,,,4.0,,
201000519,740000000,801000004,R_000108,,,,,
201000519,620000000,801000005,R_000109,,,,,
201000527,201000528,801000001,R_000110,1,个,,蛋白质,True
201000527,201000529,801000001,R_000111,1500,毫升,,其他,False
201000527,201000530,801000001,R_000112,1500,毫升,,其他,False
201000527,201000531,801000001,R_000113,适量,毫升,,其他,False
201000527,201000532,801000003,R_000114,,,1.0,,
201000527,201000533,801000003,R_000115,,,2.0,,
201000527,201000534,801000003,R_000116,,,3.0,,
201000527,201000535,801000003,R_000117,,,4.0,,
201000527,201000536,801000003,R_000118,,,5.0,,
201000527,201000537,801000003,R_000119,,,6.0,,
201000527,201000538,801000003,R_000120,,,7.0,,
201000527,740000000,801000004,R_000121,,,,,
201000527,650000000,801000005,R_000122,,,,,
201000539,201000006,801000001,R_000123,2,个,,蛋白质,True
201000539,201000061,801000001,R_000124,35,毫升,,其他,False
201000539,201000030,801000001,R_000125,3,毫升,,调料,False
201000539,201000049,801000001,R_000126,0.8,克,,调料,False
201000539,201000544,801000003,R_000127,,,1.0,,
201000539,201000545,801000003,R_000128,,,2.0,,
201000539,201000546,801000003,R_000129,,,3.0,,
201000539,201000547,801000003,R_000130,,,4.0,,
201000539,201000548,801000003,R_000131,,,5.0,,
201000539,201000549,801000003,R_000132,,,6.0,,
201000539,740000000,801000004,R_000133,,,,,
201000539,610000000,801000005,R_000134,,,,,
201000550,201000006,801000001,R_000135,1,个,,蛋白质,True
201000550,201000301,801000001,R_000136,15,g,,淀粉类,True
201000550,201000553,801000001,R_000137,2.5,g,,调料,False
201000550,201000134,801000001,R_000138,10,g,,调料,False
201000550,201000049,801000001,R_000139,1,g,,调料,False
201000550,201000321,801000001,R_000140,半个鸡蛋大,,,其他,True
201000550,201000557,801000001,R_000141,可选,,,调料,False
201000550,201000558,801000001,R_000142,可选,,,其他,False
201000550,201000559,801000001,R_000143,可选,,,淀粉类,False
201000550,201000560,801000001,R_000144,可选,,,其他,False
201000550,201000561,801000001,R_000145,可选,,,其他,False
201000550,201000562,801000001,R_000146,可选,,,淀粉类,False
201000550,201000563,801000001,R_000147,可选,,,其他,False
201000550,201000564,801000003,R_000148,,,1.0,,
201000550,201000565,801000003,R_000149,,,2.0,,
201000550,201000566,801000003,R_000150,,,3.0,,
201000550,201000567,801000003,R_000151,,,4.0,,
201000550,201000568,801000003,R_000152,,,5.0,,
201000550,201000569,801000003,R_000153,,,6.0,,
201000550,201000570,801000003,R_000154,,,7.0,,
201000550,740000000,801000004,R_000155,,,,,
201000550,610000000,801000005,R_000156,,,,,
201000571,201000572,801000001,R_000157,200,克,,淀粉类,True
201000571,201000010,801000001,R_000158,100,毫升,,其他,False
201000571,201000574,801000001,R_000159,50,毫升,,其他,False
201000571,201000009,801000001,R_000160,15,毫升,,调料,False
201000571,201000049,801000001,R_000161,3,克,,调料,False
201000571,201000006,801000001,R_000162,1,个,,蛋白质,True
201000571,201000578,801000001,R_000163,30,克,,蔬菜,True
201000571,201000579,801000001,R_000164,30,克,,蛋白质,True
201000571,201000580,801000001,R_000165,1,片,,蛋白质,True
201000571,201000581,801000003,R_000166,,,1.0,,
201000571,201000582,801000003,R_000167,,,2.0,,
201000571,201000583,801000003,R_000168,,,3.0,,
201000571,201000584,801000003,R_000169,,,4.0,,
201000571,201000585,801000003,R_000170,,,5.0,,
201000571,201000586,801000003,R_000171,,,6.0,,
201000571,740000000,801000004,R_000172,,,,,
201000571,620000000,801000005,R_000173,,,,,
201000587,201000588,801000001,R_000001,100,g,,淀粉类,True
201000587,201000589,801000001,R_000002,15,颗,,蔬菜,True
201000587,201000590,801000001,R_000003,15,颗,,其他,True
201000587,201000591,801000003,R_000004,,,1.0,,
201000587,201000592,801000003,R_000005,,,2.0,,
201000587,201000593,801000003,R_000006,,,3.0,,
201000587,201000594,801000003,R_000007,,,4.0,,
201000587,201000595,801000003,R_000008,,,5.0,,
201000587,740000000,801000004,R_000009,,,,,
201000587,620000000,801000005,R_000010,,,,,
201000596,201000597,801000001,R_000011,1,个,,蔬菜,True
201000596,201000373,801000001,R_000012,50,毫升,,其他,False
201000596,201000049,801000001,R_000013,2,克,,调料,False
201000596,201000050,801000001,R_000014,适量,,,调料,False
201000596,201000601,801000003,R_000015,,,1.0,,
201000596,201000602,801000003,R_000016,,,2.0,,
201000596,201000603,801000003,R_000017,,,3.0,,
201000596,201000604,801000003,R_000018,,,4.0,,
201000596,740000000,801000004,R_000019,,,,,
201000596,620000000,801000005,R_000020,,,,,
201000605,201000006,801000001,R_000021,1,颗,,蛋白质,True
201000605,201000373,801000001,R_000022,2,公分,,其他,False
201000605,201000608,801000003,R_000023,,,1.0,,
201000605,201000609,801000003,R_000024,,,2.0,,
201000605,201000610,801000003,R_000025,,,3.0,,
201000605,201000611,801000003,R_000026,,,4.0,,
201000605,201000612,801000003,R_000027,,,5.0,,
201000605,740000000,801000004,R_000028,,,,,
201000605,630000000,801000005,R_000029,,,,,
201000613,201000614,801000001,R_000030,10-15,个,,淀粉类,True
201000613,201000009,801000001,R_000031,10-15,毫升,,调料,False
201000613,201000117,801000001,R_000032,没过饺子高度1/2,毫升,,其他,False
201000613,201000617,801000001,R_000033,适量,,,调料,False
201000613,201000618,801000001,R_000034,适量,,,蔬菜,False
201000613,201000619,801000003,R_000035,,,1.0,,
201000613,201000620,801000003,R_000036,,,2.0,,
201000613,201000621,801000003,R_000037,,,3.0,,
201000613,201000622,801000003,R_000038,,,4.0,,
201000613,201000623,801000003,R_000039,,,5.0,,
201000613,201000624,801000003,R_000040,,,6.0,,
201000613,201000625,801000003,R_000041,,,7.0,,
201000613,201000626,801000003,R_000042,,,8.0,,
201000613,201000627,801000003,R_000043,,,9.0,,
201000613,740000000,801000004,R_000044,,,,,
201000613,620000000,801000005,R_000045,,,,,
201000628,201000006,801000001,R_000046,2,个,,蛋白质,True
201000628,201000630,801000001,R_000047,50,克,,淀粉类,True
201000628,201000560,801000001,R_000048,50,毫升,,其他,True
201000628,201000632,801000001,R_000049,50,克,,蔬菜,False
201000628,201000321,801000001,R_000050,适量,克,,其他,False
201000628,201000049,801000001,R_000051,适量,克,,调料,False
201000628,201000635,801000001,R_000052,适量,克,,调料,False
201000628,201000636,801000003,R_000053,,,1.0,,
201000628,201000637,801000003,R_000054,,,2.0,,
201000628,201000638,801000003,R_000055,,,3.0,,
201000628,201000639,801000003,R_000056,,,4.0,,
201000628,201000640,801000003,R_000057,,,5.0,,
201000628,201000641,801000003,R_000058,,,6.0,,
201000628,201000642,801000003,R_000059,,,7.0,,
201000628,201000643,801000003,R_000060,,,8.0,,
201000628,740000000,801000004,R_000061,,,,,
201000628,620000000,801000005,R_000062,,,,,
201000644,201000560,801000001,R_000063,280,ml,,蛋白质,True
201000644,201000646,801000001,R_000064,40,g,,淀粉类,True
201000644,201000006,801000001,R_000065,1,个,,蛋白质,True
201000644,201000648,801000001,R_000066,3,g,,调料,False
201000644,201000649,801000003,R_000067,,,1.0,,
201000644,201000650,801000003,R_000068,,,2.0,,
201000644,201000651,801000003,R_000069,,,3.0,,
201000644,201000652,801000003,R_000070,,,4.0,,
201000644,201000653,801000003,R_000071,,,5.0,,
201000644,201000654,801000003,R_000072,,,6.0,,
201000644,740000000,801000004,R_000073,,,,,
201000644,610000000,801000005,R_000074,,,,,
201000655,201000656,801000001,R_000075,2,片,,淀粉类,True
201000655,201000657,801000003,R_000076,,,1.0,,
201000655,201000658,801000003,R_000077,,,2.0,,
201000655,201000659,801000003,R_000078,,,3.0,,
201000655,201000660,801000003,R_000079,,,4.0,,
201000655,740000000,801000004,R_000080,,,,,
201000655,610000000,801000005,R_000081,,,,,
201000661,201000006,801000001,R_000082,3,个,,蛋白质,True
201000661,201000663,801000001,R_000083,10,克,,其他,False
201000661,201000321,801000001,R_000084,5,克,,其他,False
201000661,201000049,801000001,R_000085,1,克,,调料,False
201000661,201000666,801000003,R_000086,,,1.0,,
201000661,201000667,801000003,R_000087,,,2.0,,
201000661,201000668,801000003,R_000088,,,3.0,,
201000661,201000669,801000003,R_000089,,,4.0,,
201000661,740000000,801000004,R_000090,,,,,
201000661,620000000,801000005,R_000091,,,,,
201000670,201000006,801000001,R_000092,400,g,,蛋白质,True
201000670,201000107,801000001,R_000093,4,g,,调料,False
201000670,201000163,801000001,R_000094,0.5,g,,调料,False
201000670,201000165,801000001,R_000095,3,g,,调料,False
201000670,201000675,801000001,R_000096,5,g,,调料,False
201000670,201000213,801000001,R_000097,15,g,,调料,False
201000670,201000677,801000001,R_000098,20,g,,调料,False
201000670,201000112,801000001,R_000099,15,g,,调料,False
201000670,201000113,801000001,R_000100,25,g,,调料,False
201000670,201000680,801000001,R_000101,3,g,,调料,False
201000670,201000681,801000003,R_000102,,,1.0,,
201000670,201000682,801000003,R_000103,,,2.0,,
201000670,201000683,801000003,R_000104,,,3.0,,
201000670,201000684,801000003,R_000105,,,4.0,,
201000670,201000685,801000003,R_000106,,,5.0,,
201000670,201000686,801000003,R_000107,,,6.0,,
201000670,740000000,801000004,R_000108,,,,,
201000670,630000000,801000005,R_000109,,,,,
201000687,201000006,801000001,R_000110,2,个,,蛋白质,True
201000687,201000049,801000001,R_000111,2,克,,调料,False
201000687,201000488,801000001,R_000112,260,毫升,,其他,False
201000687,201000691,801000003,R_000113,,,1.0,,
201000687,201000692,801000003,R_000114,,,2.0,,
201000687,201000693,801000003,R_000115,,,3.0,,
201000687,201000694,801000003,R_000116,,,4.0,,
201000687,201000695,801000003,R_000117,,,5.0,,
201000687,740000000,801000004,R_000118,,,,,
201000687,620000000,801000005,R_000119,,,,,
201000696,201000697,801000001,R_000001,5,个,,淀粉类,True
201000696,201000373,801000001,R_000002,400,毫升,,其他,False
201000696,201000699,801000003,R_000003,,,1.0,,
201000696,201000700,801000003,R_000004,,,2.0,,
201000696,201000701,801000003,R_000005,,,3.0,,
201000696,201000702,801000003,R_000006,,,4.0,,
201000696,201000703,801000003,R_000007,,,5.0,,
201000696,201000704,801000003,R_000008,,,6.0,,
201000696,201000705,801000003,R_000009,,,7.0,,
201000696,740000000,801000004,R_000010,,,,,
201000696,620000000,801000005,R_000011,,,,,
201000706,201000707,801000001,R_000012,2,块,,淀粉类,True
201000706,201000006,801000001,R_000013,1,个,,蛋白质,True
201000706,201000709,801000001,R_000014,10,克,,调料,False
201000706,201000009,801000001,R_000015,10,毫升,,调料,False
201000706,201000228,801000001,R_000016,2,克,,调料,False
201000706,201000712,801000003,R_000017,,,1.0,,
201000706,201000713,801000003,R_000018,,,2.0,,
201000706,201000714,801000003,R_000019,,,3.0,,
201000706,201000715,801000003,R_000020,,,4.0,,
201000706,201000716,801000003,R_000021,,,5.0,,
201000706,201000717,801000003,R_000022,,,6.0,,
201000706,740000000,801000004,R_000023,,,,,
201000706,620000000,801000005,R_000024,,,,,
201000718,201000719,801000001,R_000025,65,g,,蛋白质,True
201000718,201000720,801000001,R_000026,2,片,,淀粉类,True
201000718,201000721,801000001,R_000027,50,mL,,调料,False
201000718,201000722,801000001,R_000028,10-15,mL,,调料,False
201000718,201000580,801000001,R_000029,1,片,,蛋白质,False
201000718,201000724,801000001,R_000030,1,片,,蛋白质,False
201000718,201000725,801000003,R_000031,,,1.0,,
201000718,201000726,801000003,R_000032,,,2.0,,
201000718,201000727,801000003,R_000033,,,3.0,,
201000718,201000728,801000003,R_000034,,,4.0,,
201000718,201000729,801000003,R_000035,,,5.0,,
201000718,740000000,801000004,R_000036,,,,,
201000718,610000000,801000005,R_000037,,,,,
201000730,201000006,801000001,R_000038,1,个,,蛋白质,True
201000730,201000512,801000001,R_000039,2,片,,淀粉类,True
201000730,201000733,801000001,R_000040,2,片,,蛋白质,True
201000730,201000321,801000001,R_000041,10,g,,调料,False
201000730,201000721,801000001,R_000042,20,g,,调料,False
201000730,201000049,801000001,R_000043,1,g,,调料,False
201000730,201000187,801000001,R_000044,2,g,,调料,False
201000730,201000738,801000003,R_000045,,,1.0,,
201000730,201000739,801000003,R_000046,,,2.0,,
201000730,201000740,801000003,R_000047,,,3.0,,
201000730,201000741,801000003,R_000048,,,4.0,,
201000730,201000742,801000003,R_000049,,,5.0,,
201000730,201000743,801000003,R_000050,,,6.0,,
201000730,740000000,801000004,R_000051,,,,,
201000730,620000000,801000005,R_000052,,,,,
201000744,201000006,801000001,R_000053,1,个,,蛋白质,True
201000744,201000746,801000001,R_000054,适量,,,调料,False
201000744,201000259,801000001,R_000055,适量,,,蔬菜,False
201000744,201000748,801000003,R_000056,,,1.0,,
201000744,201000749,801000003,R_000057,,,2.0,,
201000744,201000750,801000003,R_000058,,,3.0,,
201000744,201000751,801000003,R_000059,,,4.0,,
201000744,201000752,801000003,R_000060,,,5.0,,
201000744,201000753,801000003,R_000061,,,6.0,,
201000744,201000754,801000003,R_000062,,,7.0,,
201000744,740000000,801000004,R_000063,,,,,
201000744,630000000,801000005,R_000064,,,,,
201000755,201000006,801000001,R_000065,50,克,,蛋白质,True
201000755,201000757,801000001,R_000066,1.5,份,,淀粉类,True
201000755,201000580,801000001,R_000067,1.5,片,,蛋白质,True
201000755,201000759,801000001,R_000068,1.5,片,,蛋白质,True
201000755,201000760,801000003,R_000069,,,1.0,,
201000755,201000761,801000003,R_000070,,,2.0,,
201000755,201000762,801000003,R_000071,,,3.0,,
201000755,201000763,801000003,R_000072,,,4.0,,
201000755,201000764,801000003,R_000073,,,5.0,,
201000755,201000765,801000003,R_000074,,,6.0,,
201000755,201000766,801000003,R_000075,,,7.0,,
201000755,201000767,801000003,R_000076,,,8.0,,
201000755,740000000,801000004,R_000077,,,,,
201000755,630000000,801000005,R_000078,,,,,
201000768,201000301,801000001,R_000079,烙饼张数/0.13,克,,淀粉类,True
201000768,201000078,801000001,R_000080,烙饼张数*10,毫升,,调料,True
201000768,201000049,801000001,R_000081,烙饼张数/2,克,,调料,False
201000768,201000772,801000003,R_000082,,,1.0,,
201000768,201000773,801000003,R_000083,,,2.0,,
201000768,201000774,801000003,R_000084,,,3.0,,
201000768,790000000,801000004,R_000085,,,,,
201000768,620000000,801000005,R_000086,,,,,
201000775,201000776,801000001,R_000087,60,克,,调料,True
201000775,201000245,801000001,R_000088,20,克,,调料,False
201000775,201000778,801000001,R_000089,10,克,,调料,False
201000775,201000779,801000001,R_000090,15,克,,调料,False
201000775,201000680,801000001,R_000091,20,克,,调料,False
201000775,201000781,801000001,R_000092,15,克,,调料,False
201000775,201000111,801000001,R_000093,8,克,,调料,False
201000775,201000440,801000001,R_000094,5,克,,调料,False
201000775,201000784,801000001,R_000095,5,克,,调料,False
201000775,201000247,801000001,R_000096,30,克,,调料,False
201000775,201000786,801000001,R_000097,10,毫升,,调料,False
201000775,201000112,801000001,R_000098,10,毫升,,调料,False
201000775,201000788,801000001,R_000099,10,毫升,,调料,False
201000775,201000084,801000001,R_000100,10,毫升,,调料,False
201000775,201000790,801000003,R_000101,,,1.0,,
201000775,201000791,801000003,R_000102,,,2.0,,
201000775,201000792,801000003,R_000103,,,3.0,,
201000775,201000793,801000003,R_000104,,,4.0,,
201000775,790000000,801000004,R_000105,,,,,
201000775,620000000,801000005,R_000106,,,,,
201000794,201000213,801000001,R_000107,100,克,,调料,True
201000794,201000078,801000001,R_000108,100,毫升,,调料,False
201000794,201000010,801000001,R_000109,500,毫升,,调料,False
201000794,201000798,801000003,R_000110,,,1.0,,
201000794,201000799,801000003,R_000111,,,2.0,,
201000794,201000800,801000003,R_000112,,,3.0,,
201000794,201000801,801000003,R_000113,,,4.0,,
201000794,201000802,801000003,R_000114,,,5.0,,
201000794,201000803,801000003,R_000115,,,6.0,,
201000794,201000804,801000003,R_000116,,,7.0,,
201000794,790000000,801000004,R_000117,,,,,
201000794,640000000,801000005,R_000118,,,,,
201000805,201000117,801000001,R_000119,50,毫升,,调料,False
201000805,201000112,801000001,R_000120,40,毫升,,调料,False
201000805,201000134,801000001,R_000121,30,克,,调料,False
201000805,201000294,801000001,R_000122,20,毫升,,调料,False
201000805,201000028,801000001,R_000123,10,毫升,,调料,False
201000805,201000811,801000003,R_000124,,,1.0,,
201000805,201000812,801000003,R_000125,,,2.0,,
201000805,201000813,801000003,R_000126,,,3.0,,
201000805,201000814,801000003,R_000127,,,4.0,,
201000805,790000000,801000004,R_000128,,,,,
201000805,620000000,801000005,R_000129,,,,,
201000815,201000078,801000001,R_000001,200,g,,调料,False
201000815,201000062,801000001,R_000002,80,g,,蔬菜,True
201000815,201000027,801000001,R_000003,20,g,,蔬菜,False
201000815,201000028,801000001,R_000004,10,ml,,调料,False
201000815,201000004,801000001,R_000005,150,g,,蔬菜,False
201000815,201000086,801000001,R_000006,适量,g,,蔬菜,False
201000815,201000822,801000001,R_000007,50,g,,蛋白质,False
201000815,201000823,801000003,R_000008,,,1.0,,
201000815,201000824,801000003,R_000009,,,2.0,,
201000815,201000825,801000003,R_000010,,,3.0,,
201000815,201000826,801000003,R_000011,,,4.0,,
201000815,201000827,801000003,R_000012,,,5.0,,
201000815,790000000,801000004,R_000013,,,,,
201000815,630000000,801000005,R_000014,,,,,
201000828,201000829,801000001,R_000015,2,瓣,,蔬菜,True
201000828,201000247,801000001,R_000016,5,克,,调料,False
201000828,201000031,801000001,R_000017,15,毫升,,调料,False
201000828,201000029,801000001,R_000018,30,毫升,,调料,True
201000828,201000833,801000001,R_000019,1,个,,其他,False
201000828,201000834,801000003,R_000020,,,1.0,,
201000828,201000835,801000003,R_000021,,,2.0,,
201000828,201000836,801000003,R_000022,,,3.0,,
201000828,201000837,801000003,R_000023,,,4.0,,
201000828,790000000,801000004,R_000024,,,,,
201000828,620000000,801000005,R_000025,,,,,
201000838,201000776,801000001,R_000026,100,克,,调料,True
201000838,201000031,801000001,R_000027,150,毫升,,调料,True
201000838,201000841,801000001,R_000028,15,克,,调料,False
201000838,201000829,801000001,R_000029,1,个,,蔬菜,False
201000838,201000087,801000001,R_000030,1,个,,蔬菜,False
201000838,201000049,801000001,R_000031,5,克,,调料,False
201000838,201000050,801000001,R_000032,30,克,,调料,False
201000838,201000294,801000001,R_000033,5,毫升,,调料,False
201000838,201000779,801000001,R_000034,10,克,,调料,False
201000838,201000848,801000001,R_000035,1,个,,调料,False
201000838,201000339,801000001,R_000036,3-5,根,,蔬菜,False
201000838,201000107,801000001,R_000037,1,个,,调料,False
201000838,201000167,801000001,R_000038,20-50,粒,,调料,False
201000838,201000163,801000001,R_000039,2-3,片,,调料,False
201000838,201000853,801000001,R_000040,2-3,片,,调料,False
201000838,201000854,801000001,R_000041,大拇指粗细,片,,蔬菜,False
201000838,201000855,801000003,R_000042,,,1.0,,
201000838,201000856,801000003,R_000043,,,2.0,,
201000838,201000857,801000003,R_000044,,,3.0,,
201000838,201000858,801000003,R_000045,,,4.0,,
201000838,201000859,801000003,R_000046,,,5.0,,
201000838,201000860,801000003,R_000047,,,6.0,,
201000838,201000861,801000003,R_000048,,,7.0,,
201000838,201000862,801000003,R_000049,,,8.0,,
201000838,201000863,801000003,R_000050,,,9.0,,
201000838,201000864,801000003,R_000051,,,10.0,,
201000838,201000865,801000003,R_000052,,,11.0,,
201000838,790000000,801000004,R_000053,,,,,
201000838,630000000,801000005,R_000054,,,,,
201000866,201000867,801000001,R_000055,1200,克,,蔬菜,True
201000866,201000083,801000001,R_000056,400,克,,调料,False
201000866,201000869,801000001,R_000057,1,张,,其他,False
201000866,201000870,801000003,R_000058,,,1.0,,
201000866,201000871,801000003,R_000059,,,2.0,,
201000866,201000872,801000003,R_000060,,,3.0,,
201000866,201000873,801000003,R_000061,,,4.0,,
201000866,201000874,801000003,R_000062,,,5.0,,
201000866,201000875,801000003,R_000063,,,6.0,,
201000866,201000876,801000003,R_000064,,,7.0,,
201000866,790000000,801000004,R_000065,,,,,
201000866,620000000,801000005,R_000066,,,,,
201000877,201000083,801000001,R_000067,100,克,,调料,True
201000877,201000373,801000001,R_000068,100,克,,其他,False
201000877,201000880,801000003,R_000069,,,1.0,,
201000877,201000881,801000003,R_000070,,,2.0,,
201000877,790000000,801000004,R_000071,,,,,
201000877,610000000,801000005,R_000072,,,,,
201000882,201000883,801000001,R_000073,200,克,,淀粉类,True
201000882,201000083,801000001,R_000074,30,克,,调料,False
201000882,201000373,801000001,R_000075,15,克,,调料,False
201000882,201000062,801000001,R_000076,适量,克,,蔬菜,False
201000882,201000887,801000003,R_000077,,,1.0,,
201000882,201000888,801000003,R_000078,,,2.0,,
201000882,201000889,801000003,R_000079,,,3.0,,
201000882,201000890,801000003,R_000080,,,4.0,,
201000882,201000891,801000003,R_000081,,,5.0,,
201000882,201000892,801000003,R_000082,,,6.0,,
201000882,201000893,801000003,R_000083,,,7.0,,
201000882,770000000,801000004,R_000084,,,,,
201000882,630000000,801000005,R_000085,,,,,
201000894,201000895,801000001,R_000086,125,ml,,蛋白质,True
201000894,201000896,801000001,R_000087,250,ml,,其他,True
201000894,201000897,801000001,R_000088,35,ml,,调料,True
201000894,201000898,801000001,R_000089,50,ml,,其他,True
201000894,201000899,801000001,R_000090,10,g,,其他,True
201000894,201000050,801000001,R_000091,可选,,,调料,False
201000894,201000901,801000001,R_000092,适量,,,蔬菜,False
201000894,201000557,801000001,R_000093,适量,,,调料,False
201000894,201000903,801000003,R_000094,,,1.0,,
201000894,201000904,801000003,R_000095,,,2.0,,
201000894,201000905,801000003,R_000096,,,3.0,,
201000894,201000906,801000003,R_000097,,,4.0,,
201000894,201000907,801000003,R_000098,,,5.0,,
201000894,201000908,801000003,R_000099,,,6.0,,
201000894,201000909,801000003,R_000100,,,7.0,,
201000894,201000910,801000003,R_000101,,,8.0,,
201000894,770000000,801000004,R_000102,,,,,
201000894,640000000,801000005,R_000103,,,,,
201000911,201000912,801000001,R_000104,6,块,,其他,True
201000911,201000083,801000001,R_000105,18,克,,调料,False
201000911,201000895,801000001,R_000106,250,毫升,,其他,True
201000911,201000915,801000003,R_000107,,,1.0,,
201000911,201000916,801000003,R_000108,,,2.0,,
201000911,201000917,801000003,R_000109,,,3.0,,
201000911,201000918,801000003,R_000110,,,4.0,,
201000911,201000919,801000003,R_000111,,,5.0,,
201000911,201000920,801000003,R_000112,,,6.0,,
201000911,201000921,801000003,R_000113,,,7.0,,
201000911,770000000,801000004,R_000114,,,,,
201000911,630000000,801000005,R_000115,,,,,
201000922,201000006,801000001,R_000116,3,个,,蛋白质,True
201000922,201000134,801000001,R_000117,50,g,,调料,False
201000922,201000560,801000001,R_000118,30,g,,其他,False
201000922,201000009,801000001,R_000119,25,g,,其他,False
201000922,201000927,801000001,R_000120,50,g,,淀粉类,True
201000922,201000928,801000001,R_000121,少许,,,调料,False
201000922,201000929,801000003,R_000122,,,1.0,,
201000922,201000930,801000003,R_000123,,,2.0,,
201000922,201000931,801000003,R_000124,,,3.0,,
201000922,201000932,801000003,R_000125,,,4.0,,
201000922,201000933,801000003,R_000126,,,5.0,,
201000922,201000934,801000003,R_000127,,,6.0,,
201000922,770000000,801000004,R_000128,,,,,
201000922,650000000,801000005,R_000129,,,,,
201000935,201000936,801000001,R_000130,450,g,,蛋白质,True
201000935,201000937,801000001,R_000131,1,包,,淀粉类,True
201000935,201000938,801000001,R_000132,350,ml,,其他,True
201000935,201000939,801000001,R_000133,4,个,,蛋白质,True
201000935,201000083,801000001,R_000134,50,g,,调料,False
201000935,201000941,801000001,R_000135,10,g,,调料,False
201000935,201000942,801000001,R_000136,35,ml,,调料,False
201000935,201000943,801000003,R_000137,,,1.0,,
201000935,201000944,801000003,R_000138,,,2.0,,
201000935,201000945,801000003,R_000139,,,3.0,,
201000935,201000946,801000003,R_000140,,,4.0,,
201000935,201000947,801000003,R_000141,,,5.0,,
201000935,201000948,801000003,R_000142,,,6.0,,
201000935,201000949,801000003,R_000143,,,7.0,,
201000935,201000950,801000003,R_000144,,,8.0,,
201000935,201000951,801000003,R_000145,,,9.0,,
201000935,201000952,801000003,R_000146,,,10.0,,
201000935,770000000,801000004,R_000147,,,,,
201000935,640000000,801000005,R_000148,,,,,
201000953,201000954,801000001,R_000001,400,g,,淀粉类,True
201000953,201000560,801000001,R_000002,200,g,,其他,True
201000953,201000956,801000001,R_000003,4,g,,调料,False
201000953,201000006,801000001,R_000004,1,个,,蛋白质,True
201000953,201000083,801000001,R_000005,70,g,,调料,False
201000953,201000049,801000001,R_000006,2,g,,调料,False
201000953,201000321,801000001,R_000007,30,g,,其他,True
201000953,201000961,801000001,R_000008,20,g,,调料,False
201000953,201000373,801000001,R_000009,20,g,,其他,False
201000953,201000281,801000001,R_000010,适量,,,调料,False
201000953,201000031,801000001,R_000011,适量,,,调料,False
201000953,201000965,801000001,R_000012,适量,,,蛋白质,False
201000953,201000966,801000003,R_000013,,,1.0,,
201000953,201000967,801000003,R_000014,,,2.0,,
201000953,201000968,801000003,R_000015,,,3.0,,
201000953,201000969,801000003,R_000016,,,4.0,,
201000953,201000970,801000003,R_000017,,,5.0,,
201000953,201000971,801000003,R_000018,,,6.0,,
201000953,201000972,801000003,R_000019,,,7.0,,
201000953,201000973,801000003,R_000020,,,8.0,,
201000953,201000974,801000003,R_000021,,,9.0,,
201000953,201000975,801000003,R_000022,,,10.0,,
201000953,201000976,801000003,R_000023,,,11.0,,
201000953,201000977,801000003,R_000024,,,12.0,,
201000953,201000978,801000003,R_000025,,,13.0,,
201000953,770000000,801000004,R_000026,,,,,
201000953,650000000,801000005,R_000027,,,,,
201000979,201000560,801000001,R_000028,250,g,,蛋白质,True
201000979,201000981,801000001,R_000029,30,g,,淀粉类,True
201000979,201000982,801000001,R_000030,100,g,,淀粉类,True
201000979,201000006,801000001,R_000031,2,个,,蛋白质,True
201000979,201000134,801000001,R_000032,30,g,,调料,False
201000979,201000009,801000001,R_000033,适量,,,调料,False
201000979,201000986,801000003,R_000034,,,1.0,,
201000979,201000987,801000003,R_000035,,,2.0,,
201000979,201000988,801000003,R_000036,,,3.0,,
201000979,201000989,801000003,R_000037,,,4.0,,
201000979,201000990,801000003,R_000038,,,5.0,,
201000979,201000991,801000003,R_000039,,,6.0,,
201000979,201000992,801000003,R_000040,,,7.0,,
201000979,201000993,801000003,R_000041,,,8.0,,
201000979,201000994,801000003,R_000042,,,9.0,,
201000979,201000995,801000003,R_000043,,,10.0,,
201000979,201000996,801000003,R_000044,,,11.0,,
201000979,201000997,801000003,R_000045,,,12.0,,
201000979,201000998,801000003,R_000046,,,13.0,,
201000979,770000000,801000004,R_000047,,,,,
201000979,630000000,801000005,R_000048,,,,,
201000999,201001000,801000001,R_000049,30,个,,淀粉类,True
201000999,201000006,801000001,R_000050,8,个,,蛋白质,True
201000999,201000560,801000001,R_000051,200,毫升,,蛋白质,True
201000999,201000895,801000001,R_000052,450,毫升,,蛋白质,True
201000999,201000083,801000001,R_000053,80,克,,调料,False
201000999,201001005,801000003,R_000054,,,1.0,,
201000999,201001006,801000003,R_000055,,,2.0,,
201000999,201001007,801000003,R_000056,,,3.0,,
201000999,201001008,801000003,R_000057,,,4.0,,
201000999,201001009,801000003,R_000058,,,5.0,,
201000999,201001010,801000003,R_000059,,,6.0,,
201000999,201001011,801000003,R_000060,,,7.0,,
201000999,201001012,801000003,R_000061,,,8.0,,
201000999,201001013,801000003,R_000062,,,9.0,,
201000999,201001014,801000003,R_000063,,,10.0,,
201000999,201001015,801000003,R_000064,,,11.0,,
201000999,201001016,801000003,R_000065,,,12.0,,
201000999,770000000,801000004,R_000066,,,,,
201000999,640000000,801000005,R_000067,,,,,
201001017,201001018,801000001,R_000068,1,个,,蛋白质,True
201001017,201000321,801000001,R_000069,50,克,,其他,True
201001017,201000083,801000001,R_000070,20,克,,调料,False
201001017,201000049,801000001,R_000071,1,克,,调料,False
201001017,201000927,801000001,R_000072,50,克,,淀粉类,True
201001017,201000981,801000001,R_000073,50,克,,淀粉类,True
201001017,201001024,801000003,R_000074,,,1.0,,
201001017,201001025,801000003,R_000075,,,2.0,,
201001017,201001026,801000003,R_000076,,,3.0,,
201001017,201001027,801000003,R_000077,,,4.0,,
201001017,201001028,801000003,R_000078,,,5.0,,
201001017,201001029,801000003,R_000079,,,6.0,,
201001017,201001030,801000003,R_000080,,,7.0,,
201001017,770000000,801000004,R_000081,,,,,
201001017,630000000,801000005,R_000082,,,,,
201001031,201000006,801000001,R_000083,2,个,,蛋白质,True
201001031,201000301,801000001,R_000084,80,克,,淀粉类,True
201001031,201001034,801000001,R_000085,20,克,,蔬菜,True
201001031,201000078,801000001,R_000086,15,毫升,,调料,False
201001031,201000373,801000001,R_000087,80,毫升,,其他,False
201001031,201000050,801000001,R_000088,15,克,,调料,False
201001031,201001038,801000003,R_000089,,,1.0,,
201001031,201001039,801000003,R_000090,,,2.0,,
201001031,201001040,801000003,R_000091,,,3.0,,
201001031,201001041,801000003,R_000092,,,4.0,,
201001031,201001042,801000003,R_000093,,,5.0,,
201001031,201001043,801000003,R_000094,,,6.0,,
201001031,201001044,801000003,R_000095,,,7.0,,
201001031,201001045,801000003,R_000096,,,8.0,,
201001031,201001046,801000003,R_000097,,,9.0,,
201001031,201001047,801000003,R_000098,,,10.0,,
201001031,770000000,801000004,R_000099,,,,,
201001031,630000000,801000005,R_000100,,,,,
201001048,201000883,801000001,R_000101,200,g,,蔬菜,True
201001048,201001050,801000001,R_000102,3,g,,调料,False
201001048,201000560,801000001,R_000103,165,g,,其他,False
201001048,201001052,801000001,R_000104,50,g,,淀粉类,False
201001048,201001053,801000001,R_000105,75,g,,淀粉类,True
201001048,201000981,801000001,R_000106,22,g,,淀粉类,False
201001048,201000321,801000001,R_000107,30,g,,其他,False
201001048,201000895,801000001,R_000108,145,g,,其他,False
201001048,201000083,801000001,R_000109,26,g,,调料,False
201001048,201001058,801000003,R_000110,,,1.0,,
201001048,201001059,801000003,R_000111,,,2.0,,
201001048,201001060,801000003,R_000112,,,3.0,,
201001048,201001061,801000003,R_000113,,,4.0,,
201001048,201001062,801000003,R_000114,,,5.0,,
201001048,201001063,801000003,R_000115,,,6.0,,
201001048,201001064,801000003,R_000116,,,7.0,,
201001048,201001065,801000003,R_000117,,,8.0,,
201001048,201001066,801000003,R_000118,,,9.0,,
201001048,201001067,801000003,R_000119,,,10.0,,
201001048,201001068,801000003,R_000120,,,11.0,,
201001048,770000000,801000004,R_000121,,,,,
201001048,650000000,801000005,R_000122,,,,,
201001069,201000397,801000001,R_000123,40,g,,蛋白质,True
201001069,201000927,801000001,R_000124,180,g,,淀粉类,True
201001069,201000050,801000001,R_000125,30,g,,调料,False
201001069,201000049,801000001,R_000126,1,g,,调料,False
201001069,201000553,801000001,R_000127,5,g,,调料,False
201001069,201000006,801000001,R_000128,1,个,,蛋白质,True
201001069,201000895,801000001,R_000129,45,g,,蛋白质,True
201001069,201001077,801000001,R_000130,50,g,,蛋白质,False
201001069,201001078,801000003,R_000131,,,1.0,,
201001069,201001079,801000003,R_000132,,,2.0,,
201001069,201001080,801000003,R_000133,,,3.0,,
201001069,201001081,801000003,R_000134,,,4.0,,
201001069,201001082,801000003,R_000135,,,5.0,,
201001069,201001083,801000003,R_000136,,,6.0,,
201001069,201001084,801000003,R_000137,,,7.0,,
201001069,770000000,801000004,R_000138,,,,,
201001069,630000000,801000005,R_000139,,,,,
201001085,201000867,801000001,R_000140,500,克,,蔬菜,True
201001085,201000083,801000001,R_000141,45,克,,调料,False
201001085,201001088,801000001,R_000142,6,克,,调料,False
201001085,201000680,801000001,R_000143,2,克,,调料,False
201001085,201001090,801000001,R_000144,6,克,,蛋白质,True
201001085,201001091,801000001,R_000145,400,克,,蛋白质,True
201001085,201001092,801000003,R_000146,,,1.0,,
201001085,201001093,801000003,R_000147,,,2.0,,
201001085,201001094,801000003,R_000148,,,3.0,,
201001085,201001095,801000003,R_000149,,,4.0,,
201001085,201001096,801000003,R_000150,,,5.0,,
201001085,770000000,801000004,R_000151,,,,,
201001085,620000000,801000005,R_000152,,,,,
201001097,201000895,801000001,R_000153,200,g,,蛋白质,True
201001097,201000050,801000001,R_000154,40,g,,调料,False
201001097,201001100,801000001,R_000155,250,g,,蛋白质,True
201001097,201001101,801000001,R_000156,6,g,,其他,False
201001097,201001102,801000003,R_000157,,,1.0,,
201001097,201001103,801000003,R_000158,,,2.0,,
201001097,201001104,801000003,R_000159,,,3.0,,
201001097,201001105,801000003,R_000160,,,4.0,,
201001097,201001106,801000003,R_000161,,,5.0,,
201001097,201001107,801000003,R_000162,,,6.0,,
201001097,770000000,801000004,R_000163,,,,,
201001097,640000000,801000005,R_000164,,,,,
201001108,201000397,801000001,R_000165,20,g,,调料,False
201001108,201001110,801000001,R_000166,75,g,,其他,True
201001108,201001111,801000001,R_000167,40,g,,其他,True
201001108,201001112,801000001,R_000168,60,g,,其他,True
201001108,201001113,801000001,R_000169,75,g,,淀粉类,True
201001108,201001114,801000003,R_000170,,,1.0,,
201001108,201001115,801000003,R_000171,,,2.0,,
201001108,201001116,801000003,R_000172,,,3.0,,
201001108,201001117,801000003,R_000173,,,4.0,,
201001108,201001118,801000003,R_000174,,,5.0,,
201001108,201001119,801000003,R_000175,,,6.0,,
201001108,201001120,801000003,R_000176,,,7.0,,
201001108,201001121,801000003,R_000177,,,8.0,,
201001108,770000000,801000004,R_000178,,,,,
201001108,630000000,801000005,R_000179,,,,,
201001122,201000006,801000001,R_000001,3,个,,蛋白质,True
201001122,201001124,801000001,R_000002,50,克,,调料,False
201001122,201000941,801000001,R_000003,10,克,,调料,False
201001122,201001126,801000001,R_000004,10,克,,淀粉类,True
201001122,201001127,801000001,R_000005,1,克,,调料,False
201001122,201001128,801000003,R_000006,,,1.0,,
201001122,201001129,801000003,R_000007,,,2.0,,
201001122,201001130,801000003,R_000008,,,3.0,,
201001122,201001131,801000003,R_000009,,,4.0,,
201001122,201001132,801000003,R_000010,,,5.0,,
201001122,201001133,801000003,R_000011,,,6.0,,
201001122,201001134,801000003,R_000012,,,7.0,,
201001122,201001135,801000003,R_000013,,,8.0,,
201001122,770000000,801000004,R_000014,,,,,
201001122,640000000,801000005,R_000015,,,,,
201001136,201001137,801000001,R_000016,25,克,,淀粉类,True
201001136,201000574,801000001,R_000017,120,毫升,,其他,False
201001136,201000010,801000001,R_000018,500,毫升,,其他,False
201001136,201000083,801000001,R_000019,100,克,,调料,False
201001136,201001141,801000003,R_000020,,,1.0,,
201001136,201001142,801000003,R_000021,,,2.0,,
201001136,201001143,801000003,R_000022,,,3.0,,
201001136,201001144,801000003,R_000023,,,4.0,,
201001136,201001145,801000003,R_000024,,,5.0,,
201001136,201001146,801000003,R_000025,,,6.0,,
201001136,770000000,801000004,R_000026,,,,,
201001136,620000000,801000005,R_000027,,,,,
201001147,201001148,801000001,R_000028,10,毫升,,其他,True
201001147,201001149,801000001,R_000029,10,毫升,,其他,True
201001147,201001150,801000001,R_000030,10,毫升,,其他,True
201001147,201001151,801000003,R_000031,,,1.0,,
201001147,201001152,801000003,R_000032,,,2.0,,
201001147,201001153,801000003,R_000033,,,3.0,,
201001147,201001154,801000003,R_000034,,,4.0,,
201001147,201001155,801000003,R_000035,,,5.0,,
201001147,780000000,801000004,R_000036,,,,,
201001147,630000000,801000005,R_000037,,,,,
201001156,201001157,801000001,R_000038,1,块,,蔬菜,True
201001156,201001158,801000001,R_000039,5,珠,,蔬菜,True
201001156,201001159,801000001,R_000040,20,毫升,,调料,False
201001156,201001160,801000001,R_000041,45,毫升,,其他,True
201001156,201001150,801000001,R_000042,10,毫升,,其他,True
201001156,201001162,801000001,R_000043,1,杯,,其他,False
201001156,201001163,801000001,R_000044,1,杯,,其他,False
201001156,201001164,801000003,R_000045,,,1.0,,
201001156,201001165,801000003,R_000046,,,2.0,,
201001156,201001166,801000003,R_000047,,,3.0,,
201001156,201001167,801000003,R_000048,,,4.0,,
201001156,201001168,801000003,R_000049,,,5.0,,
201001156,201001169,801000003,R_000050,,,6.0,,
201001156,201001170,801000003,R_000051,,,7.0,,
201001156,201001171,801000003,R_000052,,,8.0,,
201001156,201001172,801000003,R_000053,,,9.0,,
201001156,201001173,801000003,R_000054,,,10.0,,
201001156,201001174,801000003,R_000055,,,11.0,,
201001156,780000000,801000004,R_000056,,,,,
201001156,630000000,801000005,R_000057,,,,,
201001175,201001176,801000001,R_000058,1000,g,,蔬菜,True
201001175,201000213,801000001,R_000059,300,g,,调料,False
201001175,201001178,801000003,R_000060,,,1.0,,
201001175,201001179,801000003,R_000061,,,2.0,,
201001175,201001180,801000003,R_000062,,,3.0,,
201001175,201001181,801000003,R_000063,,,4.0,,
201001175,201001182,801000003,R_000064,,,5.0,,
201001175,201001183,801000003,R_000065,,,6.0,,
201001175,780000000,801000004,R_000066,,,,,
201001175,620000000,801000005,R_000067,,,,,
201001184,201001185,801000001,R_000068,100,毫升,,其他,True
201001184,201001186,801000001,R_000069,500,毫升,,其他,True
201001184,201001162,801000001,R_000070,300,克,,其他,False
201001184,201000191,801000001,R_000071,1,个,,蔬菜,False
201001184,201001189,801000003,R_000072,,,1.0,,
201001184,201001190,801000003,R_000073,,,2.0,,
201001184,201001191,801000003,R_000074,,,3.0,,
201001184,201001192,801000003,R_000075,,,4.0,,
201001184,201001193,801000003,R_000076,,,5.0,,
201001184,201001194,801000003,R_000077,,,6.0,,
201001184,201001195,801000003,R_000078,,,7.0,,
201001184,201001196,801000003,R_000079,,,8.0,,
201001184,780000000,801000004,R_000080,,,,,
201001184,620000000,801000005,R_000081,,,,,
201001197,201001198,801000001,R_000082,4,克,,其他,True
201001197,201001111,801000001,R_000083,11.5,克,,其他,True
201001197,201001200,801000001,R_000084,6,克,,调料,False
201001197,201001201,801000001,R_000085,190,毫升,,其他,False
201001197,201001202,801000003,R_000086,,,1.0,,
201001197,201001203,801000003,R_000087,,,2.0,,
201001197,201001204,801000003,R_000088,,,3.0,,
201001197,201001205,801000003,R_000089,,,4.0,,
201001197,780000000,801000004,R_000090,,,,,
201001197,620000000,801000005,R_000091,,,,,
201001206,201001207,801000001,R_000092,24,g,,淀粉类,True
201001206,201000560,801000001,R_000093,50,ml,,蛋白质,True
201001206,201001162,801000001,R_000094,2,小块,,其他,False
201001206,201001210,801000001,R_000095,1,粒,,蔬菜,True
201001206,201001211,801000001,R_000096,0.5,粒,,蔬菜,True
201001206,201001212,801000001,R_000097,150,ml,,蛋白质,True
201001206,201001213,801000001,R_000098,适量,,,其他,False
201001206,201001214,801000001,R_000099,适量,,,其他,False
201001206,201001215,801000003,R_000100,,,1.0,,
201001206,201001216,801000003,R_000101,,,2.0,,
201001206,201001217,801000003,R_000102,,,3.0,,
201001206,201001218,801000003,R_000103,,,4.0,,
201001206,201001219,801000003,R_000104,,,5.0,,
201001206,780000000,801000004,R_000105,,,,,
201001206,620000000,801000005,R_000106,,,,,
201001220,201000061,801000001,R_000107,1177,克,,其他,True
201001220,201001222,801000001,R_000108,120,克,,调料,True
201001220,201001223,801000001,R_000109,9,克,,调料,False
201001220,201001224,801000001,R_000110,48,克,,调料,False
201001220,201001225,801000003,R_000111,,,1.0,,
201001220,201001226,801000003,R_000112,,,2.0,,
201001220,201001227,801000003,R_000113,,,3.0,,
201001220,201001228,801000003,R_000114,,,4.0,,
201001220,201001229,801000003,R_000115,,,5.0,,
201001220,780000000,801000004,R_000116,,,,,
201001220,610000000,801000005,R_000117,,,,,
201001230,201001231,801000001,R_000118,15,毫升,,其他,True
201001230,201001232,801000001,R_000119,15,毫升,,其他,True
201001230,201001233,801000001,R_000120,15,毫升,,其他,True
201001230,201001234,801000001,R_000121,15,毫升,,其他,True
201001230,201001235,801000001,R_000122,15,毫升,,其他,True
201001230,201000191,801000001,R_000123,1,个,,蔬菜,True
201001230,201000928,801000001,R_000124,30,毫升,,调料,False
201001230,201001238,801000001,R_000125,20,毫升,,调料,False
201001230,201001239,801000001,R_000126,75,毫升,,其他,True
201001230,201001162,801000001,R_000127,100,克,,其他,False
201001230,201001241,801000003,R_000128,,,1.0,,
201001230,201001242,801000003,R_000129,,,2.0,,
201001230,201001243,801000003,R_000130,,,3.0,,
201001230,201001244,801000003,R_000131,,,4.0,,
201001230,201001245,801000003,R_000132,,,5.0,,
201001230,201001246,801000003,R_000133,,,6.0,,
201001230,201001247,801000003,R_000134,,,7.0,,
201001230,780000000,801000004,R_000135,,,,,
201001230,620000000,801000005,R_000136,,,,,
201001248,201001249,801000001,R_000001,200,克,,淀粉类,True
201001248,201001250,801000001,R_000002,2000,毫升,,其他,True
201001248,201001251,801000001,R_000003,10,毫升,,调料,False
201001248,201001252,801000001,R_000004,10,克,,调料,False
201001248,201001253,801000003,R_000005,,,1.0,,
201001248,201001254,801000003,R_000006,,,2.0,,
201001248,201001255,801000003,R_000007,,,3.0,,
201001248,201001256,801000003,R_000008,,,4.0,,
201001248,201001257,801000003,R_000009,,,5.0,,
201001248,780000000,801000004,R_000010,,,,,
201001248,620000000,801000005,R_000011,,,,,
201001258,201000061,801000001,R_000012,700,毫升,,其他,True
201001258,201001260,801000001,R_000013,2,个,,其他,True
201001258,201001261,801000001,R_000014,0.5,个,,其他,True
201001258,201001262,801000001,R_000015,4,叶,,蔬菜,True
201001258,201000083,801000001,R_000016,12,克,,调料,False
201001258,201001264,801000003,R_000017,,,1.0,,
201001258,201001265,801000003,R_000018,,,2.0,,
201001258,201001266,801000003,R_000019,,,3.0,,
201001258,201001267,801000003,R_000020,,,4.0,,
201001258,201001268,801000003,R_000021,,,5.0,,
201001258,201001269,801000003,R_000022,,,6.0,,
201001258,201001270,801000003,R_000023,,,7.0,,
201001258,201001271,801000003,R_000024,,,8.0,,
201001258,780000000,801000004,R_000025,,,,,
201001258,610000000,801000005,R_000026,,,,,
201001272,201000191,801000001,R_000027,42.5,克,,蔬菜,True
201001272,201001274,801000001,R_000028,42.5,克,,调料,False
201001272,201001275,801000001,R_000029,几块,,,其他,False
201001272,201001276,801000003,R_000030,,,1.0,,
201001272,201001277,801000003,R_000031,,,2.0,,
201001272,201001278,801000003,R_000032,,,3.0,,
201001272,201001279,801000003,R_000033,,,4.0,,
201001272,201001280,801000003,R_000034,,,5.0,,
201001272,201001281,801000003,R_000035,,,6.0,,
201001272,780000000,801000004,R_000036,,,,,
201001272,610000000,801000005,R_000037,,,,,
201001282,201000373,801000001,R_000038,600,毫升,,其他,True
201001282,201001284,801000001,R_000039,20,克,,其他,True
201001282,201001285,801000001,R_000040,24,克,,调料,False
201001282,201000134,801000001,R_000041,24,克,,调料,False
201001282,201000560,801000001,R_000042,18,毫升,,蛋白质,False
201001282,201001288,801000003,R_000043,,,1.0,,
201001282,201001289,801000003,R_000044,,,2.0,,
201001282,201001290,801000003,R_000045,,,3.0,,
201001282,201001291,801000003,R_000046,,,4.0,,
201001282,201001292,801000003,R_000047,,,5.0,,
201001282,201001293,801000003,R_000048,,,6.0,,
201001282,780000000,801000004,R_000049,,,,,
201001282,630000000,801000005,R_000050,,,,,
201001294,201001295,801000001,R_000051,15,ml,,调料,False
201001294,201001296,801000001,R_000052,35~50,ml,,其他,True
201001294,201001163,801000001,R_000053,50,ml,,其他,True
201001294,201001298,801000001,R_000054,30,ml,,其他,True
201001294,201001299,801000001,R_000055,15,ml,,调料,False
201001294,201000928,801000001,R_000056,15,ml,,调料,False
201001294,201001162,801000001,R_000057,适量,块,,其他,False
201001294,201000191,801000001,R_000058,1,片,,蔬菜,False
201001294,201001303,801000003,R_000059,,,1.0,,
201001294,201001304,801000003,R_000060,,,2.0,,
201001294,201001305,801000003,R_000061,,,3.0,,
201001294,201001306,801000003,R_000062,,,4.0,,
201001294,201001307,801000003,R_000063,,,5.0,,
201001294,201001308,801000003,R_000064,,,6.0,,
201001294,201001309,801000003,R_000065,,,7.0,,
201001294,201001310,801000003,R_000066,,,8.0,,
201001294,201001311,801000003,R_000067,,,9.0,,
201001294,201001312,801000003,R_000068,,,10.0,,
201001294,780000000,801000004,R_000069,,,,,
201001294,630000000,801000005,R_000070,,,,,
201001313,201001314,801000001,R_000071,3,个,,其他,True
201001313,201001315,801000001,R_000072,1,个,,其他,True
201001313,201001316,801000001,R_000073,3,克,,其他,True
201001313,201001317,801000001,R_000074,240,毫升,,其他,True
201001313,201000083,801000001,R_000075,30,克,,调料,False
201001313,201001162,801000001,R_000076,160,克,,其他,False
201001313,201000961,801000001,R_000077,10,克,,调料,False
201001313,201001158,801000001,R_000078,1,片,,蔬菜,False
201001313,201000010,801000001,R_000079,150,毫升,,其他,False
201001313,201001323,801000003,R_000080,,,1.0,,
201001313,201001324,801000003,R_000081,,,2.0,,
201001313,201001325,801000003,R_000082,,,3.0,,
201001313,201001326,801000003,R_000083,,,4.0,,
201001313,201001327,801000003,R_000084,,,5.0,,
201001313,201001328,801000003,R_000085,,,6.0,,
201001313,201001329,801000003,R_000086,,,7.0,,
201001313,201001330,801000003,R_000087,,,8.0,,
201001313,201001331,801000003,R_000088,,,9.0,,
201001313,201001332,801000003,R_000089,,,10.0,,
201001313,780000000,801000004,R_000090,,,,,
201001313,630000000,801000005,R_000091,,,,,
201001333,201001334,801000001,R_000092,500,ml,,其他,True
201001333,201001335,801000001,R_000093,10,g,,调料,False
201001333,201001336,801000001,R_000094,适量,,,其他,False
201001333,201001337,801000003,R_000095,,,1.0,,
201001333,201001338,801000003,R_000096,,,2.0,,
201001333,201001339,801000003,R_000097,,,3.0,,
201001333,201001340,801000003,R_000098,,,4.0,,
201001333,201001341,801000003,R_000099,,,5.0,,
201001333,201001342,801000003,R_000100,,,6.0,,
201001333,780000000,801000004,R_000101,,,,,
201001333,610000000,801000005,R_000102,,,,,
201001343,201001344,801000001,R_000103,200,克,,蔬菜,True
201001343,201001345,801000001,R_000104,2,克,,其他,False
201001343,201001162,801000001,R_000105,60,克,,其他,False
201001343,201001347,801000001,R_000106,10,克,,调料,False
201001343,201001348,801000003,R_000107,,,1.0,,
201001343,201001349,801000003,R_000108,,,2.0,,
201001343,201001350,801000003,R_000109,,,3.0,,
201001343,201001351,801000003,R_000110,,,4.0,,
201001343,201001352,801000003,R_000111,,,5.0,,
201001343,201001353,801000003,R_000112,,,6.0,,
201001343,201001354,801000003,R_000113,,,7.0,,
201001343,201001355,801000003,R_000114,,,8.0,,
201001343,780000000,801000004,R_000115,,,,,
201001343,620000000,801000005,R_000116,,,,,
201001356,201001357,801000001,R_000117,30,ml,,其他,True
201001356,201001358,801000001,R_000118,60,ml,,其他,True
201001356,201001162,801000001,R_000119,50,g,,其他,False
201001356,201001163,801000001,R_000120,30,ml,,其他,False
201001356,201001361,801000001,R_000121,30,ml,,其他,False
201001356,201000560,801000001,R_000122,10,ml,,其他,False
201001356,201000050,801000001,R_000123,8,g,,调料,False
201001356,201000186,801000001,R_000124,0.5,g,,调料,False
201001356,201000942,801000001,R_000125,5,ml,,其他,False
201001356,201001366,801000003,R_000126,,,1.0,,
201001356,201001367,801000003,R_000127,,,2.0,,
201001356,201001368,801000003,R_000128,,,3.0,,
201001356,201001369,801000003,R_000129,,,4.0,,
201001356,780000000,801000004,R_000130,,,,,
201001356,630000000,801000005,R_000131,,,,,
201001370,201000588,801000001,R_000132,800,克,,淀粉类,True
201001370,201001372,801000001,R_000133,8,克,,调料,False
201001370,201000117,801000001,R_000134,1320,克,,其他,False
201001370,201001374,801000003,R_000135,,,1.0,,
201001370,201001375,801000003,R_000136,,,2.0,,
201001370,201001376,801000003,R_000137,,,3.0,,
201001370,201001377,801000003,R_000138,,,4.0,,
201001370,201001378,801000003,R_000139,,,5.0,,
201001370,201001379,801000003,R_000140,,,6.0,,
201001370,201001380,801000003,R_000141,,,7.0,,
201001370,201001381,801000003,R_000142,,,8.0,,
201001370,780000000,801000004,R_000143,,,,,
201001370,640000000,801000005,R_000144,,,,,
201001382,201000373,801000001,R_000001,2000,毫升,,其他,True
201001382,201001384,801000001,R_000002,25,克,,其他,True
201001382,201001385,801000001,R_000003,25,克,,其他,True
201001382,201001386,801000001,R_000004,30,克,,其他,True
201001382,201001387,801000001,R_000005,100,克,,调料,False
201001382,201001388,801000001,R_000006,2,克,,调料,False
201001382,201001389,801000001,R_000007,4,克,,调料,False
201001382,201001390,801000001,R_000008,1,克,,调料,False
201001382,201001391,801000001,R_000009,3,克,,调料,False
201001382,201001392,801000003,R_000010,,,1.0,,
201001382,201001393,801000003,R_000011,,,2.0,,
201001382,201001394,801000003,R_000012,,,3.0,,
201001382,201001395,801000003,R_000013,,,4.0,,
201001382,201001396,801000003,R_000014,,,5.0,,
201001382,201001397,801000003,R_000015,,,6.0,,
201001382,780000000,801000004,R_000016,,,,,
201001382,640000000,801000005,R_000017,,,,,
201001398,201001231,801000001,R_000018,30~40,毫升,,其他,True
201001398,201001400,801000001,R_000019,1,罐,,其他,True
201001398,201000191,801000001,R_000020,1,个,,蔬菜,False
201001398,201001162,801000001,R_000021,100,克,,其他,False
201001398,201001403,801000001,R_000022,1,片,,蔬菜,False
201001398,201001404,801000003,R_000023,,,1.0,,
201001398,201001405,801000003,R_000024,,,2.0,,
201001398,201001406,801000003,R_000025,,,3.0,,
201001398,201001407,801000003,R_000026,,,4.0,,
201001398,201001408,801000003,R_000027,,,5.0,,
201001398,201001409,801000003,R_000028,,,6.0,,
201001398,201001410,801000003,R_000029,,,7.0,,
201001398,201001411,801000003,R_000030,,,8.0,,
201001398,201001412,801000003,R_000031,,,9.0,,
201001398,201001413,801000003,R_000032,,,10.0,,
201001398,201001414,801000003,R_000033,,,11.0,,
201001398,780000000,801000004,R_000034,,,,,
201001398,620000000,801000005,R_000035,,,,,
201001415,201001231,801000001,R_000036,35,毫升,,其他,True
201001415,201001317,801000001,R_000037,1,罐,,其他,True
201001415,201000191,801000001,R_000038,1,个,,蔬菜,True
201001415,201001347,801000001,R_000039,35,克,,调料,False
201001415,201001162,801000001,R_000040,100,克,,其他,False
201001415,201001403,801000001,R_000041,1,片,,蔬菜,False
201001415,201001422,801000003,R_000042,,,1.0,,
201001415,201001423,801000003,R_000043,,,2.0,,
201001415,201001424,801000003,R_000044,,,3.0,,
201001415,201001425,801000003,R_000045,,,4.0,,
201001415,201001426,801000003,R_000046,,,5.0,,
201001415,201001427,801000003,R_000047,,,6.0,,
201001415,780000000,801000004,R_000048,,,,,
201001415,620000000,801000005,R_000049,,,,,
201001428,201001429,801000001,R_000050,1000,克,,蛋白质,True
201001428,201000174,801000001,R_000051,1000,毫升,,调料,False
201001428,201000438,801000001,R_000052,2,条,,蔬菜,False
201001428,201001432,801000001,R_000053,1,条,,蔬菜,False
201001428,201000008,801000001,R_000054,4,颗,,调料,False
201001428,201000193,801000001,R_000055,3,厘米,,调料,False
201001428,201000340,801000001,R_000056,3,颗,,调料,False
201001428,201001436,801000001,R_000057,2,根,,蔬菜,False
201001428,201000102,801000001,R_000058,2,根,,蔬菜,False
201001428,201001438,801000001,R_000059,2,颗,,调料,False
201001428,201000165,801000001,R_000060,4,厘米,,调料,False
201001428,201000107,801000001,R_000061,3,颗,,调料,False
201001428,201000163,801000001,R_000062,3,片,,调料,False
201001428,201000077,801000001,R_000063,6,条,,调料,False
201001428,201000028,801000001,R_000064,20,毫升,,调料,False
201001428,201000031,801000001,R_000065,60,毫升,,调料,False
201001428,201000167,801000001,R_000066,30,颗,,调料,False
201001428,201000049,801000001,R_000067,3,克,,调料,False
201001428,201000112,801000001,R_000068,10,毫升,,调料,False
201001428,201000113,801000001,R_000069,5,毫升,,调料,False
201001428,201001449,801000003,R_000070,,,1.0,,
201001428,201001450,801000003,R_000071,,,2.0,,
201001428,201001451,801000003,R_000072,,,3.0,,
201001428,201001452,801000003,R_000073,,,4.0,,
201001428,201001453,801000003,R_000074,,,5.0,,
201001428,720000000,801000004,R_000075,,,,,
201001428,640000000,801000005,R_000076,,,,,
201001454,201001455,801000001,R_000077,1,斤,,蛋白质,True
201001454,201000049,801000001,R_000078,2,克/斤兔肉,,调料,False
201001454,201000088,801000001,R_000079,1,克/斤兔肉,,调料,False
201001454,201000084,801000001,R_000080,5,克/斤兔肉,,调料,False
201001454,201000028,801000001,R_000081,10,克/斤兔肉,,调料,False
201001454,201000009,801000001,R_000082,0.9,升/斤兔肉,,其他,False
201001454,201000063,801000001,R_000083,0.5,头/斤兔肉,,蔬菜,False
201001454,201000027,801000001,R_000084,0.5,头蒜量,,蔬菜,False
201001454,201001463,801000001,R_000085,15,克/斤兔肉,,蔬菜,False
201001454,201000077,801000001,R_000086,1,体积等于兔肉体积,,蔬菜,False
201001454,201000166,801000001,R_000087,1,小碗/3斤兔肉,,调料,False
201001454,201000107,801000001,R_000088,1,粒/斤兔肉,,调料,False
201001454,201000165,801000001,R_000089,1,大拇指长/斤兔肉,,调料,False
201001454,201000163,801000001,R_000090,5,片/斤兔肉,,调料,False
201001454,201001469,801000001,R_000091,1,黄豆大小/斤兔肉,,调料,False
201001454,201001470,801000001,R_000092,2,颗/斤兔肉,,调料,False
201001454,201001471,801000001,R_000093,15,克/斤兔肉,,调料,False
201001454,201000247,801000001,R_000094,25,克/斤兔肉,,其他,False
201001454,201001473,801000003,R_000095,,,1.0,,
201001454,201001474,801000003,R_000096,,,2.0,,
201001454,201001475,801000003,R_000097,,,3.0,,
201001454,201001476,801000003,R_000098,,,4.0,,
201001454,201001477,801000003,R_000099,,,5.0,,
201001454,201001478,801000003,R_000100,,,6.0,,
201001454,201001479,801000003,R_000101,,,7.0,,
201001454,201001480,801000003,R_000102,,,8.0,,
201001454,201001481,801000003,R_000103,,,9.0,,
201001454,201001482,801000003,R_000104,,,10.0,,
201001454,720000000,801000004,R_000105,,,,,
201001454,640000000,801000005,R_000106,,,,,
201001483,201001484,801000001,R_000107,10,只,,蛋白质,True
201001483,201001239,801000001,R_000108,500,毫升,,调料,False
201001483,201000134,801000001,R_000109,10,克,,调料,False
201001483,201000112,801000001,R_000110,15,克,,调料,False
201001483,201000113,801000001,R_000111,3,克,,调料,False
201001483,201000049,801000001,R_000112,2,克,,调料,False
201001483,201000193,801000001,R_000113,2,片,,蔬菜,False
201001483,201000028,801000001,R_000114,20,毫升,,调料,False
201001483,201000339,801000001,R_000115,1,个,,蔬菜,False
201001483,201001493,801000003,R_000116,,,1.0,,
201001483,201001494,801000003,R_000117,,,2.0,,
201001483,201001495,801000003,R_000118,,,3.0,,
201001483,201001496,801000003,R_000119,,,4.0,,
201001483,201001497,801000003,R_000120,,,5.0,,
201001483,201001498,801000003,R_000121,,,6.0,,
201001483,201001499,801000003,R_000122,,,7.0,,
201001483,720000000,801000004,R_000123,,,,,
201001483,630000000,801000005,R_000124,,,,,
201001500,201001501,801000001,R_000125,100,克,,蛋白质,True
201001500,201000438,801000001,R_000126,25,克,,蔬菜,False
201001500,201001503,801000001,R_000127,75,克,,蔬菜,False
201001500,201000049,801000001,R_000128,0.25,茶匙,,调料,False
201001500,201001505,801000001,R_000129,4,汤匙,,调料,False
201001500,201000294,801000001,R_000130,2,茶匙,,调料,False
201001500,201001507,801000001,R_000131,1,汤匙,,调料,False
201001500,201000112,801000001,R_000132,0.5,茶匙,,调料,False
201001500,201000007,801000001,R_000133,2.5,茶匙,,淀粉类,False
201001500,201000083,801000001,R_000134,2,汤匙,,调料,False
201001500,201000373,801000001,R_000135,200,毫升,,其他,False
201001500,201000078,801000001,R_000136,500,毫升,,其他,False
201001500,201001513,801000001,R_000137,6,汤匙,,淀粉类,False
201001500,201001514,801000003,R_000138,,,1.0,,
201001500,201001515,801000003,R_000139,,,2.0,,
201001500,201001516,801000003,R_000140,,,3.0,,
201001500,201001517,801000003,R_000141,,,4.0,,
201001500,201001518,801000003,R_000142,,,5.0,,
201001500,201001519,801000003,R_000143,,,6.0,,
201001500,201001520,801000003,R_000144,,,7.0,,
201001500,201001521,801000003,R_000145,,,8.0,,
201001500,201001522,801000003,R_000146,,,9.0,,
201001500,201001523,801000003,R_000147,,,10.0,,
201001500,201001524,801000003,R_000148,,,11.0,,
201001500,201001525,801000003,R_000149,,,12.0,,
201001500,720000000,801000004,R_000150,,,,,
201001500,640000000,801000005,R_000151,,,,,
201001526,201001527,801000001,R_000152,500,克,,蛋白质,True
201001526,201001528,801000001,R_000153,50,克,,蔬菜,True
201001526,201000062,801000001,R_000154,10,克,,蔬菜,False
201001526,201000027,801000001,R_000155,2,克,,蔬菜,False
201001526,201000107,801000001,R_000156,3,个,,调料,False
201001526,201000961,801000001,R_000157,15,克,,调料,False
201001526,201000081,801000001,R_000158,5,克,,调料,False
201001526,201000028,801000001,R_000159,15,克,,调料,False
201001526,201000088,801000001,R_000160,1.5,克,,调料,False
201001526,201000029,801000001,R_000161,10,克,,调料,False
201001526,201001537,801000001,R_000162,15,克,,蛋白质,False
201001526,201001538,801000001,R_000163,1,克,,调料,False
201001526,201001539,801000001,R_000164,200,克,,其他,False
201001526,201000030,801000001,R_000165,10,克,,调料,False
201001526,201001541,801000001,R_000166,2000,克,,调料,False
201001526,201001542,801000003,R_000167,,,1.0,,
201001526,201001543,801000003,R_000168,,,2.0,,
201001526,201001544,801000003,R_000169,,,3.0,,
201001526,201001545,801000003,R_000170,,,4.0,,
201001526,201001546,801000003,R_000171,,,5.0,,
201001526,201001547,801000003,R_000172,,,6.0,,
201001526,201001548,801000003,R_000173,,,7.0,,
201001526,201001549,801000003,R_000174,,,8.0,,
201001526,720000000,801000004,R_000175,,,,,
201001526,650000000,801000005,R_000176,,,,,
201001550,201001551,801000001,R_000177,250,g,,蛋白质,True
201001550,201000438,801000001,R_000178,2,颗,,蔬菜,True
201001550,201001553,801000001,R_000179,20,g,,调料,False
201001550,201000087,801000001,R_000180,3,颗,,蔬菜,False
201001550,201001555,801000001,R_000181,20,ml,,调料,False
201001550,201000295,801000001,R_000182,10,g,,淀粉类,False
201001550,201000078,801000001,R_000183,15,ml,,调料,False
201001550,201000049,801000001,R_000184,3,g,,调料,False
201001550,201000062,801000001,R_000185,1,根,,蔬菜,False
201001550,201001560,801000003,R_000186,,,1.0,,
201001550,201001561,801000003,R_000187,,,2.0,,
201001550,201001562,801000003,R_000188,,,3.0,,
201001550,201001563,801000003,R_000189,,,4.0,,
201001550,201001564,801000003,R_000190,,,5.0,,
201001550,201001565,801000003,R_000191,,,6.0,,
201001550,201001566,801000003,R_000192,,,7.0,,
201001550,201001567,801000003,R_000193,,,8.0,,
201001550,720000000,801000004,R_000194,,,,,
201001550,630000000,801000005,R_000195,,,,,
201001568,201000129,801000001,R_000196,500,g,,蛋白质,True
201001568,201001570,801000001,R_000197,4,条,,蔬菜,False
201001568,201000087,801000001,R_000198,4,颗,,蔬菜,False
201001568,201000044,801000001,R_000199,10,g,,调料,False
201001568,201000242,801000001,R_000200,10,g,,调料,False
201001568,201000113,801000001,R_000201,10,ml,,调料,False
201001568,201000295,801000001,R_000202,10,g,,淀粉类,False
201001568,201000049,801000001,R_000203,1-2,g,,调料,False
201001568,201000062,801000001,R_000204,0.5-1,根,,蔬菜,False
201001568,201000063,801000001,R_000205,2,瓣,,蔬菜,False
201001568,201000009,801000001,R_000206,15,ml,,调料,False
201001568,201001580,801000003,R_000207,,,1.0,,
201001568,201001581,801000003,R_000208,,,2.0,,
201001568,201001582,801000003,R_000209,,,3.0,,
201001568,201001583,801000003,R_000210,,,4.0,,
201001568,201001584,801000003,R_000211,,,5.0,,
201001568,201001585,801000003,R_000212,,,6.0,,
201001568,201001586,801000003,R_000213,,,7.0,,
201001568,201001587,801000003,R_000214,,,8.0,,
201001568,201001588,801000003,R_000215,,,9.0,,
201001568,201001589,801000003,R_000216,,,10.0,,
201001568,201001590,801000003,R_000217,,,11.0,,
201001568,720000000,801000004,R_000218,,,,,
201001568,630000000,801000005,R_000219,,,,,
201001591,201000340,801000001,R_000001,20,个,,蔬菜,True
201001591,201000031,801000001,R_000002,20,ml,,调料,False
201001591,201001594,801000001,R_000003,200,g,,蛋白质,True
201001591,201000049,801000001,R_000004,1-2,g,,调料,False
201001591,201000112,801000001,R_000005,10,ml,,调料,False
201001591,201000084,801000001,R_000006,10,ml,,调料,False
201001591,201001598,801000001,R_000007,50,g,,蔬菜,False
201001591,201000242,801000001,R_000008,10,g,,调料,False
201001591,201000111,801000001,R_000009,10,g,,调料,False
201001591,201000134,801000001,R_000010,5,g,,调料,False
201001591,201001602,801000003,R_000011,,,1.0,,
201001591,201001603,801000003,R_000012,,,2.0,,
201001591,201001604,801000003,R_000013,,,3.0,,
201001591,201001605,801000003,R_000014,,,4.0,,
201001591,720000000,801000004,R_000015,,,,,
201001591,630000000,801000005,R_000016,,,,,
201001606,201001607,801000001,R_000017,500,克,,蛋白质,True
201001606,201000214,801000001,R_000018,适量,,,调料,False
201001606,201001609,801000001,R_000019,20,克,,蔬菜,False
201001606,201000339,801000001,R_000020,15,克,,蔬菜,False
201001606,201000028,801000001,R_000021,15,克,,调料,False
201001606,201000049,801000001,R_000022,4,克,,调料,False
201001606,201000440,801000001,R_000023,2,克,,调料,False
201001606,201000778,801000001,R_000024,3,克,,调料,False
201001606,201000088,801000001,R_000025,5,克,,调料,False
201001606,201000111,801000001,R_000026,5,克,,调料,False
201001606,201001617,801000001,R_000027,3,克,,调料,False
201001606,201001618,801000001,R_000028,3,克,,调料,False
201001606,201000112,801000001,R_000029,8,克,,调料,False
201001606,201000006,801000001,R_000030,2,个,,蛋白质,False
201001606,201000301,801000001,R_000031,30,克,,淀粉类,False
201001606,201001622,801000001,R_000032,120,克,,淀粉类,False
201001606,201000117,801000001,R_000033,80,克,,其他,False
201001606,201001624,801000003,R_000034,,,1.0,,
201001606,201001625,801000003,R_000035,,,2.0,,
201001606,201001626,801000003,R_000036,,,3.0,,
201001606,201001627,801000003,R_000037,,,4.0,,
201001606,201001628,801000003,R_000038,,,5.0,,
201001606,201001629,801000003,R_000039,,,6.0,,
201001606,720000000,801000004,R_000040,,,,,
201001606,630000000,801000005,R_000041,,,,,
201001630,201001631,801000001,R_000042,250,g,,蛋白质,True
201001630,201001632,801000001,R_000043,1,个,,蔬菜,True
201001630,201000062,801000001,R_000044,0.5,根,,蔬菜,False
201001630,201000027,801000001,R_000045,1,个,,蔬菜,False
201001630,201000063,801000001,R_000046,1,瓣,,蔬菜,False
201001630,201000029,801000001,R_000047,9,ml,,调料,False
201001630,201000049,801000001,R_000048,3,g,,调料,False
201001630,201000050,801000001,R_000049,1.5,g,,调料,False
201001630,201001639,801000003,R_000050,,,1.0,,
201001630,201001640,801000003,R_000051,,,2.0,,
201001630,201001641,801000003,R_000052,,,3.0,,
201001630,201001642,801000003,R_000053,,,4.0,,
201001630,201001643,801000003,R_000054,,,5.0,,
201001630,720000000,801000004,R_000055,,,,,
201001630,630000000,801000005,R_000056,,,,,
201001644,201001645,801000001,R_000057,150,g,,蛋白质,True
201001644,201001646,801000001,R_000058,6,根,,蔬菜,True
201001644,201000009,801000001,R_000059,300,ml,,调料,False
201001644,201001648,801000001,R_000060,50,g,,调料,False
201001644,201000112,801000001,R_000061,20,ml,,调料,False
201001644,201000680,801000001,R_000062,10,g,,调料,False
201001644,201000006,801000001,R_000063,1,个,,蛋白质,False
201001644,201000295,801000001,R_000064,10,g,,淀粉类,False
201001644,201001653,801000001,R_000065,20,g,,蔬菜,True
201001644,201001654,801000001,R_000066,100,g,,蔬菜,True
201001644,201000028,801000001,R_000067,适量,,,调料,False
201001644,201000114,801000001,R_000068,10,ml,,调料,False
201001644,201000781,801000001,R_000069,适量,,,调料,False
201001644,201000111,801000001,R_000070,适量,,,调料,False
201001644,201001659,801000003,R_000071,,,1.0,,
201001644,201001660,801000003,R_000072,,,2.0,,
201001644,201001661,801000003,R_000073,,,3.0,,
201001644,201001662,801000003,R_000074,,,4.0,,
201001644,201001663,801000003,R_000075,,,5.0,,
201001644,201001664,801000003,R_000076,,,6.0,,
201001644,201001665,801000003,R_000077,,,7.0,,
201001644,720000000,801000004,R_000078,,,,,
201001644,640000000,801000005,R_000079,,,,,
201001666,201001667,801000001,R_000080,1250,克,,蛋白质,True
201001666,201001668,801000001,R_000081,10,克,,调料,False
201001666,201001669,801000001,R_000082,150,克,,调料,False
201001666,201001538,801000001,R_000083,15,克,,调料,False
201001666,201001671,801000001,R_000084,35,克,,调料,False
201001666,201001672,801000001,R_000085,25,克,,调料,False
201001666,201000028,801000001,R_000086,25,克,,调料,False
201001666,201001674,801000001,R_000087,50,克,,蔬菜,False
201001666,201001675,801000001,R_000088,10,克,,蔬菜,False
201001666,201000107,801000001,R_000089,3,个,,调料,False
201001666,201000165,801000001,R_000090,5,克,,调料,False
201001666,201000062,801000001,R_000091,200,克,,蔬菜,False
201001666,201001679,801000003,R_000092,,,1.0,,
201001666,201001680,801000003,R_000093,,,2.0,,
201001666,201001681,801000003,R_000094,,,3.0,,
201001666,201001682,801000003,R_000095,,,4.0,,
201001666,201001683,801000003,R_000096,,,5.0,,
201001666,201001684,801000003,R_000097,,,6.0,,
201001666,720000000,801000004,R_000098,,,,,
201001666,650000000,801000005,R_000099,,,,,
201001685,201001686,801000001,R_000100,1.5,个/人,,蛋白质,True
201001685,201000049,801000001,R_000101,2,g/人,,调料,False
201001685,201000187,801000001,R_000102,0.5,g/人,,调料,False
201001685,201000195,801000001,R_000103,5,ml/人,,调料,False
201001685,201000063,801000001,R_000104,1,瓣/人,,调料,False
201001685,201000928,801000001,R_000105,5,ml/人,,调料,False
201001685,201001692,801000001,R_000106,1,根/人,,蔬菜,False
201001685,201001693,801000003,R_000107,,,1.0,,
201001685,201001694,801000003,R_000108,,,2.0,,
201001685,201001695,801000003,R_000109,,,3.0,,
201001685,201001696,801000003,R_000110,,,4.0,,
201001685,201001697,801000003,R_000111,,,5.0,,
201001685,720000000,801000004,R_000112,,,,,
201001685,630000000,801000005,R_000113,,,,,
201001698,201001699,801000001,R_000114,200,克,,蛋白质,True
201001698,201001700,801000001,R_000115,500,克,,蔬菜,True
201001698,201001701,801000001,R_000116,400,克,,蛋白质,True
201001698,201000028,801000001,R_000117,10,克,,调料,False
201001698,201000076,801000001,R_000118,5,个,,调料,False
201001698,201001704,801000001,R_000119,5,克,,调料,False
201001698,201000077,801000001,R_000120,5,个,,调料,False
201001698,201000163,801000001,R_000121,2,片,,调料,False
201001698,201000107,801000001,R_000122,1,个,,调料,False
201001698,201001708,801000001,R_000123,1,个,,调料,False
201001698,201000786,801000001,R_000124,10,克,,调料,False
201001698,201000046,801000001,R_000125,10,克,,调料,False
201001698,201000049,801000001,R_000126,5,克,,调料,False
201001698,201001712,801000001,R_000127,5,克,,调料,False
201001698,201000112,801000001,R_000128,10,克,,调料,False
201001698,201001507,801000001,R_000129,5,克,,调料,False
201001698,201001715,801000001,R_000130,适量,,,其他,False
201001698,201001716,801000003,R_000131,,,1.0,,
201001698,201001717,801000003,R_000132,,,2.0,,
201001698,201001718,801000003,R_000133,,,3.0,,
201001698,201001719,801000003,R_000134,,,4.0,,
201001698,201001720,801000003,R_000135,,,5.0,,
201001698,201001721,801000003,R_000136,,,6.0,,
201001698,201001722,801000003,R_000137,,,7.0,,
201001698,201001723,801000003,R_000138,,,8.0,,
201001698,201001724,801000003,R_000139,,,9.0,,
201001698,201001725,801000003,R_000140,,,10.0,,
201001698,201001726,801000003,R_000141,,,11.0,,
201001698,720000000,801000004,R_000142,,,,,
201001698,640000000,801000005,R_000143,,,,,
201001727,201001728,801000001,R_000144,360,克,,蛋白质,True
201001727,201000006,801000001,R_000145,1,个,,蛋白质,False
201001727,201000049,801000001,R_000146,1,克,,调料,False
201001727,201001731,801000001,R_000147,10,克,,调料,False
201001727,201001732,801000001,R_000148,100,毫升,,调料,False
201001727,201000301,801000001,R_000149,80,克,,淀粉类,False
201001727,201000295,801000001,R_000150,80,克,,淀粉类,False
201001727,201001735,801000001,R_000151,2.5,克,,调料,False
201001727,201000373,801000001,R_000152,10,克,,其他,False
201001727,201000078,801000001,R_000153,10,克,,其他,False
201001727,201001738,801000003,R_000154,,,1.0,,
201001727,201001739,801000003,R_000155,,,2.0,,
201001727,201001740,801000003,R_000156,,,3.0,,
201001727,201001741,801000003,R_000157,,,4.0,,
201001727,201001742,801000003,R_000158,,,5.0,,
201001727,201001743,801000003,R_000159,,,6.0,,
201001727,201001744,801000003,R_000160,,,7.0,,
201001727,201001745,801000003,R_000161,,,8.0,,
201001727,720000000,801000004,R_000162,,,,,
201001727,640000000,801000005,R_000163,,,,,
201001746,201001747,801000001,R_000164,300,g,,蛋白质,True
201001746,201000228,801000001,R_000165,5,g,,调料,False
201001746,201000778,801000001,R_000166,2,g,,调料,False
201001746,201001555,801000001,R_000167,5,g,,调料,False
201001746,201000028,801000001,R_000168,3,g,,调料,False
201001746,201001752,801000001,R_000169,1,个,,蛋白质,False
201001746,201001753,801000001,R_000170,7,g,,淀粉类,False
201001746,201000214,801000001,R_000171,280,g,,其他,False
201001746,201000046,801000001,R_000172,200,g,,其他,False
201001746,201000240,801000001,R_000173,100,g,,蔬菜,False
201001746,201001757,801000001,R_000174,1,根,,蔬菜,False
201001746,201001758,801000001,R_000175,3,根,,蔬菜,False
201001746,201001436,801000001,R_000176,2,根,,蔬菜,False
201001746,201000008,801000001,R_000177,20,g,,蔬菜,False
201001746,201000193,801000001,R_000178,10,g,,蔬菜,False
201001746,201001762,801000001,R_000179,20,g,,蔬菜,False
201001746,201000166,801000001,R_000180,5,g,,调料,False
201001746,201001764,801000001,R_000181,20,g,,调料,False
201001746,201001765,801000001,R_000182,5,ml,,调料,False
201001746,201000111,801000001,R_000183,1.5,g,,调料,False
201001746,201000083,801000001,R_000184,1,g,,调料,False
201001746,201000339,801000001,R_000185,2,根,,蔬菜,False
201001746,201001769,801000003,R_000186,,,1.0,,
201001746,201001770,801000003,R_000187,,,2.0,,
201001746,201001771,801000003,R_000188,,,3.0,,
201001746,201001772,801000003,R_000189,,,4.0,,
201001746,201001773,801000003,R_000190,,,5.0,,
201001746,201001774,801000003,R_000191,,,6.0,,
201001746,201001775,801000003,R_000192,,,7.0,,
201001746,201001776,801000003,R_000193,,,8.0,,
201001746,201001777,801000003,R_000194,,,9.0,,
201001746,201001778,801000003,R_000195,,,10.0,,
201001746,201001779,801000003,R_000196,,,11.0,,
201001746,720000000,801000004,R_000197,,,,,
201001746,650000000,801000005,R_000198,,,,,
201001780,201000004,801000001,R_000199,1,颗,,蔬菜,True
201001780,201001782,801000001,R_000200,250,g,,蛋白质,True
201001780,201000829,801000001,R_000201,3,瓣,,蔬菜,False
201001780,201000009,801000001,R_000202,15,ml,,调料,False
201001780,201000187,801000001,R_000203,1.25,g,,调料,False
201001780,201000029,801000001,R_000204,30,ml,,调料,False
201001780,201000050,801000001,R_000205,15,g,,调料,False
201001780,201001788,801000001,R_000206,5,ml,,调料,False
201001780,201000292,801000001,R_000207,15,ml,,调料,False
201001780,201000028,801000001,R_000208,15,ml,,调料,False
201001780,201001791,801000003,R_000209,,,1.0,,
201001780,201001792,801000003,R_000210,,,2.0,,
201001780,201001793,801000003,R_000211,,,3.0,,
201001780,201001794,801000003,R_000212,,,4.0,,
201001780,201001795,801000003,R_000213,,,5.0,,
201001780,201001796,801000003,R_000214,,,6.0,,
201001780,720000000,801000004,R_000215,,,,,
201001780,630000000,801000005,R_000216,,,,,
201001797,201001484,801000001,R_000001,3-4,个,,蛋白质,True
201001797,201000049,801000001,R_000002,2,g,,调料,False
201001797,201000115,801000001,R_000003,1,g,,调料,False
201001797,201000029,801000001,R_000004,3,ml,,调料,False
201001797,201000028,801000001,R_000005,3,ml,,调料,False
201001797,201001803,801000003,R_000006,,,1.0,,
201001797,201001804,801000003,R_000007,,,2.0,,
201001797,201001805,801000003,R_000008,,,3.0,,
201001797,201001806,801000003,R_000009,,,4.0,,
201001797,201001807,801000003,R_000010,,,5.0,,
201001797,720000000,801000004,R_000011,,,,,
201001797,630000000,801000005,R_000012,,,,,
201001808,201001809,801000001,R_000013,1500,克,,蛋白质,True
201001808,201001810,801000001,R_000014,1000,克,,蔬菜,True
201001808,201000102,801000001,R_000015,1,根,,蔬菜,False
201001808,201000027,801000001,R_000016,100,克,,蔬菜,False
201001808,201000063,801000001,R_000017,4,瓣,,蔬菜,False
201001808,201000049,801000001,R_000018,10,克,,调料,False
201001808,201001555,801000001,R_000019,15,克,,调料,False
201001808,201000779,801000001,R_000020,10,克,,调料,False
201001808,201000028,801000001,R_000021,20,毫升,,调料,False
201001808,201001818,801000001,R_000022,2,颗,,调料,False
201001808,201001819,801000003,R_000023,,,1.0,,
201001808,201001820,801000003,R_000024,,,2.0,,
201001808,201001821,801000003,R_000025,,,3.0,,
201001808,201001822,801000003,R_000026,,,4.0,,
201001808,201001823,801000003,R_000027,,,5.0,,
201001808,201001824,801000003,R_000028,,,6.0,,
201001808,201001825,801000003,R_000029,,,7.0,,
201001808,201001826,801000003,R_000030,,,8.0,,
201001808,201001827,801000003,R_000031,,,9.0,,
201001808,201001828,801000003,R_000032,,,10.0,,
201001808,201001829,801000003,R_000033,,,11.0,,
201001808,201001830,801000003,R_000034,,,12.0,,
201001808,720000000,801000004,R_000035,,,,,
201001808,650000000,801000005,R_000036,,,,,
201001831,201001832,801000001,R_000037,4,个,,蛋白质,True
201001831,201000112,801000001,R_000038,45,ml,,调料,False
201001831,201000113,801000001,R_000039,15,ml,,调料,False
201001831,201001835,801000001,R_000040,10,g,,调料,False
201001831,201000778,801000001,R_000041,5,g,,调料,False
201001831,201000050,801000001,R_000042,10,g,,调料,False
201001831,201001838,801000001,R_000043,10,g,,调料,False
201001831,201001839,801000001,R_000044,5,g,,调料,False
201001831,201000084,801000001,R_000045,15,ml,,调料,False
201001831,201000373,801000001,R_000046,20,ml,,其他,False
201001831,201000078,801000001,R_000047,10,ml,,调料,False
201001831,201001843,801000003,R_000048,,,1.0,,
201001831,201001844,801000003,R_000049,,,2.0,,
201001831,201001845,801000003,R_000050,,,3.0,,
201001831,201001846,801000003,R_000051,,,4.0,,
201001831,201001847,801000003,R_000052,,,5.0,,
201001831,201001848,801000003,R_000053,,,6.0,,
201001831,201001849,801000003,R_000054,,,7.0,,
201001831,201001850,801000003,R_000055,,,8.0,,
201001831,201001851,801000003,R_000056,,,9.0,,
201001831,720000000,801000004,R_000057,,,,,
201001831,630000000,801000005,R_000058,,,,,
201001852,201001853,801000001,R_000059,500,g,,蛋白质,True
201001852,201000076,801000001,R_000060,2,个,,调料,False
201001852,201001855,801000001,R_000061,0.5,根,,蔬菜,False
201001852,201001758,801000001,R_000062,1,根,,蔬菜,False
201001852,201000004,801000001,R_000063,0.5,个,,蔬菜,False
201001852,201000195,801000001,R_000064,20,ml,,调料,False
201001852,201000050,801000001,R_000065,2,g,,调料,False
201001852,201000680,801000001,R_000066,10,g,,调料,False
201001852,201000115,801000001,R_000067,5,g,,调料,False
201001852,201000292,801000001,R_000068,300,g,,调料,True
201001852,201000560,801000001,R_000069,300,ml,,其他,False
201001852,201001864,801000001,R_000070,适量,,,调料,False
201001852,201001865,801000003,R_000071,,,1.0,,
201001852,201001866,801000003,R_000072,,,2.0,,
201001852,201001867,801000003,R_000073,,,3.0,,
201001852,201001868,801000003,R_000074,,,4.0,,
201001852,201001869,801000003,R_000075,,,5.0,,
201001852,720000000,801000004,R_000076,,,,,
201001852,640000000,801000005,R_000077,,,,,
201001870,201000129,801000001,R_000078,300,g,,蛋白质,True
201001870,201001872,801000001,R_000079,500,g,,蔬菜,True
201001870,201001873,801000001,R_000080,50,g,,淀粉类,True
201001870,201000440,801000001,R_000081,10,g,,调料,False
201001870,201000111,801000001,R_000082,5,g,,调料,False
201001870,201000228,801000001,R_000083,15,g,,调料,False
201001870,201000113,801000001,R_000084,5,ml,,调料,False
201001870,201000112,801000001,R_000085,5,ml,,调料,False
201001870,201000009,801000001,R_000086,10-15,ml,,调料,False
201001870,201001880,801000003,R_000087,,,1.0,,
201001870,201001881,801000003,R_000088,,,2.0,,
201001870,201001882,801000003,R_000089,,,3.0,,
201001870,201001883,801000003,R_000090,,,4.0,,
201001870,201001884,801000003,R_000091,,,5.0,,
201001870,201001885,801000003,R_000092,,,6.0,,
201001870,201001886,801000003,R_000093,,,7.0,,
201001870,201001887,801000003,R_000094,,,8.0,,
201001870,201001888,801000003,R_000095,,,9.0,,
201001870,201001889,801000003,R_000096,,,10.0,,
201001870,201001890,801000003,R_000097,,,11.0,,
201001870,720000000,801000004,R_000098,,,,,
201001870,630000000,801000005,R_000099,,,,,
201001891,201000129,801000001,R_000100,250,克,,蛋白质,True
201001891,201001893,801000001,R_000101,50,克,,淀粉类,False
201001891,201000112,801000001,R_000102,7.5,毫升,,调料,False
201001891,201000113,801000001,R_000103,5,毫升,,调料,False
201001891,201000028,801000001,R_000104,7.5,毫升,,调料,False
201001891,201000464,801000001,R_000105,5,克,,调料,False
201001891,201001675,801000001,R_000106,5,克,,调料,False
201001891,201001899,801000001,R_000107,5,克,,调料,False
201001891,201000083,801000001,R_000108,2.5,克,,调料,False
201001891,201001901,801000001,R_000109,150,克,,蔬菜,False
201001891,201000117,801000001,R_000110,1000,毫升,,其他,False
201001891,201001903,801000003,R_000111,,,1.0,,
201001891,201001904,801000003,R_000112,,,2.0,,
201001891,201001905,801000003,R_000113,,,3.0,,
201001891,201001906,801000003,R_000114,,,4.0,,
201001891,201001907,801000003,R_000115,,,5.0,,
201001891,201001908,801000003,R_000116,,,6.0,,
201001891,201001909,801000003,R_000117,,,7.0,,
201001891,201001910,801000003,R_000118,,,8.0,,
201001891,201001911,801000003,R_000119,,,9.0,,
201001891,201001912,801000003,R_000120,,,10.0,,
201001891,201001913,801000003,R_000121,,,11.0,,
201001891,201001914,801000003,R_000122,,,12.0,,
201001891,201001915,801000003,R_000123,,,13.0,,
201001891,720000000,801000004,R_000124,,,,,
201001891,640000000,801000005,R_000125,,,,,
201001916,201001917,801000001,R_000126,500,g,,蛋白质,True
201001916,201000081,801000001,R_000127,10,g,,调料,False
201001916,201000134,801000001,R_000128,30,g,,调料,False
201001916,201000295,801000001,R_000129,50,g,,淀粉类,False
201001916,201000006,801000001,R_000130,50,g,,蛋白质,False
201001916,201000112,801000001,R_000131,10,ml,,调料,False
201001916,201000028,801000001,R_000132,20,g,,调料,False
201001916,201000084,801000001,R_000133,10,g,,调料,False
201001916,201000292,801000001,R_000134,30,ml,,调料,False
201001916,201000047,801000001,R_000135,5,g,,调料,False
201001916,201000680,801000001,R_000136,10,g,,调料,False
201001916,201001928,801000003,R_000137,,,1.0,,
201001916,201001929,801000003,R_000138,,,2.0,,
201001916,201001930,801000003,R_000139,,,3.0,,
201001916,201001931,801000003,R_000140,,,4.0,,
201001916,201001932,801000003,R_000141,,,5.0,,
201001916,201001933,801000003,R_000142,,,6.0,,
201001916,720000000,801000004,R_000143,,,,,
201001916,640000000,801000005,R_000144,,,,,
201001934,201001935,801000001,R_000145,300,克,,蛋白质,True
201001934,201000006,801000001,R_000146,2,个,,蛋白质,True
201001934,201000028,801000001,R_000147,10,毫升,,调料,False
201001934,201000112,801000001,R_000148,20,毫升,,调料,False
201001934,201000047,801000001,R_000149,5,克,,调料,False
201001934,201001940,801000001,R_000150,10-15,毫升,,调料,False
201001934,201001941,801000003,R_000151,,,1.0,,
201001934,201001942,801000003,R_000152,,,2.0,,
201001934,201001943,801000003,R_000153,,,3.0,,
201001934,720000000,801000004,R_000154,,,,,
201001934,630000000,801000005,R_000155,,,,,
201001944,201001945,801000001,R_000156,400,g,,蛋白质,True
201001944,201001946,801000001,R_000157,1,根,,蔬菜,True
201001944,201000102,801000001,R_000158,1,根,,蔬菜,False
201001944,201000167,801000001,R_000159,10,粒,,调料,False
201001944,201000853,801000001,R_000160,适量,,,调料,False
201001944,201000027,801000001,R_000161,10,g,,蔬菜,False
201001944,201000028,801000001,R_000162,30-40,ml,,调料,False
201001944,201000211,801000001,R_000163,30-40,ml,,调料,False
201001944,201000228,801000001,R_000164,10,g,,调料,False
201001944,201000213,801000001,R_000165,2-4,粒,,调料,False
201001944,201000373,801000001,R_000166,1000,ml,,其他,False
201001944,201001956,801000003,R_000167,,,1.0,,
201001944,201001957,801000003,R_000168,,,2.0,,
201001944,201001958,801000003,R_000169,,,3.0,,
201001944,201001959,801000003,R_000170,,,4.0,,
201001944,201001960,801000003,R_000171,,,5.0,,
201001944,201001961,801000003,R_000172,,,6.0,,
201001944,201001962,801000003,R_000173,,,7.0,,
201001944,201001963,801000003,R_000174,,,8.0,,
201001944,201001964,801000003,R_000175,,,9.0,,
201001944,720000000,801000004,R_000176,,,,,
201001944,640000000,801000005,R_000177,,,,,
201001965,201001646,801000001,R_000178,190,g,,蔬菜,True
201001965,201001967,801000001,R_000179,20,g,,蛋白质,True
201001965,201000009,801000001,R_000180,10,ml,,调料,False
201001965,201000076,801000001,R_000181,2,瓣,,调料,False
201001965,201000112,801000001,R_000182,15,ml,,调料,False
201001965,201000680,801000001,R_000183,2,g,,调料,False
201001965,201000373,801000001,R_000184,20,g,,其他,False
201001965,201001973,801000003,R_000185,,,1.0,,
201001965,201001974,801000003,R_000186,,,2.0,,
201001965,201001975,801000003,R_000187,,,3.0,,
201001965,201001976,801000003,R_000188,,,4.0,,
201001965,201001977,801000003,R_000189,,,5.0,,
201001965,201001978,801000003,R_000190,,,6.0,,
201001965,201001979,801000003,R_000191,,,7.0,,
201001965,201001980,801000003,R_000192,,,8.0,,
201001965,201001981,801000003,R_000193,,,9.0,,
201001965,720000000,801000004,R_000194,,,,,
201001965,620000000,801000005,R_000195,,,,,
201001982,201001983,801000001,R_000001,1,个,,蛋白质,True
201001982,201001984,801000001,R_000002,1,桶,,调料,False
201001982,201000213,801000001,R_000003,5,桶,,调料,False
201001982,201000049,801000001,R_000004,1-2,茶匙,,调料,False
201001982,201000113,801000001,R_000005,1,茶匙,,调料,False
201001982,201000112,801000001,R_000006,1,汤匙,,调料,False
201001982,201000294,801000001,R_000007,1,汤匙,,调料,False
201001982,201000163,801000001,R_000008,3,片,,调料,False
201001982,201001991,801000001,R_000009,2-3,克,,调料,False
201001982,201001992,801000001,R_000010,3,个,,调料,False
201001982,201000167,801000001,R_000011,8-12,个,,调料,False
201001982,201001818,801000001,R_000012,2-4,个,,调料,False
201001982,201000295,801000001,R_000013,1,汤匙,,淀粉类,False
201001982,201000062,801000001,R_000014,2,棵,,蔬菜,False
201001982,201000027,801000001,R_000015,6,克,,蔬菜,False
201001982,201000063,801000001,R_000016,6,粒,,蔬菜,False
201001982,201000028,801000001,R_000017,2,汤匙,,调料,False
201001982,201000373,801000001,R_000018,适量,,,其他,False
201001982,201002001,801000003,R_000019,,,1.0,,
201001982,201002002,801000003,R_000020,,,2.0,,
201001982,201002003,801000003,R_000021,,,3.0,,
201001982,201002004,801000003,R_000022,,,4.0,,
201001982,201002005,801000003,R_000023,,,5.0,,
201001982,201002006,801000003,R_000024,,,6.0,,
201001982,201002007,801000003,R_000025,,,7.0,,
201001982,201002008,801000003,R_000026,,,8.0,,
201001982,201002009,801000003,R_000027,,,9.0,,
201001982,201002010,801000003,R_000028,,,10.0,,
201001982,201002011,801000003,R_000029,,,11.0,,
201001982,201002012,801000003,R_000030,,,12.0,,
201001982,720000000,801000004,R_000031,,,,,
201001982,650000000,801000005,R_000032,,,,,
201002013,201002014,801000001,R_000033,80,g,,淀粉类,True
201002013,201001935,801000001,R_000034,150,g,,蛋白质,True
201002013,201000464,801000001,R_000035,15,g,,调料,False
201002013,201000112,801000001,R_000036,10,ml,,调料,False
201002013,201000113,801000001,R_000037,5,ml,,调料,False
201002013,201000009,801000001,R_000038,10,ml,,调料,False
201002013,201001899,801000001,R_000039,10,g,,调料,False
201002013,201001675,801000001,R_000040,5,g,,调料,False
201002013,201000117,801000001,R_000041,300,ml,,其他,False
201002013,201000339,801000001,R_000042,适量,,,蔬菜,False
201002013,201000047,801000001,R_000043,0.5,g,,调料,False
201002013,201002025,801000003,R_000044,,,1.0,,
201002013,201002026,801000003,R_000045,,,2.0,,
201002013,201002027,801000003,R_000046,,,3.0,,
201002013,201002028,801000003,R_000047,,,4.0,,
201002013,201002029,801000003,R_000048,,,5.0,,
201002013,201002030,801000003,R_000049,,,6.0,,
201002013,201002031,801000003,R_000050,,,7.0,,
201002013,201002032,801000003,R_000051,,,8.0,,
201002013,201002033,801000003,R_000052,,,9.0,,
201002013,201002034,801000003,R_000053,,,10.0,,
201002013,720000000,801000004,R_000054,,,,,
201002013,630000000,801000005,R_000055,,,,,
201002035,201000438,801000001,R_000056,3,个,,蔬菜,True
201002035,201002037,801000001,R_000057,200,g,,蛋白质,True
201002035,201000049,801000001,R_000058,5,g,,调料,False
201002035,201000112,801000001,R_000059,3,ml,,调料,False
201002035,201000084,801000001,R_000060,3,ml,,调料,False
201002035,201000008,801000001,R_000061,5,g,,调料,False
201002035,201000193,801000001,R_000062,5,g,,调料,False
201002035,201000029,801000001,R_000063,2,ml,,调料,False
201002035,201000044,801000001,R_000064,3,g,,调料,False
201002035,201000009,801000001,R_000065,8,ml,,调料,False
201002035,201002046,801000003,R_000066,,,1.0,,
201002035,201002047,801000003,R_000067,,,2.0,,
201002035,201002048,801000003,R_000068,,,3.0,,
201002035,201002049,801000003,R_000069,,,4.0,,
201002035,201002050,801000003,R_000070,,,5.0,,
201002035,201002051,801000003,R_000071,,,6.0,,
201002035,201002052,801000003,R_000072,,,7.0,,
201002035,201002053,801000003,R_000073,,,8.0,,
201002035,201002054,801000003,R_000074,,,9.0,,
201002035,720000000,801000004,R_000075,,,,,
201002035,630000000,801000005,R_000076,,,,,
201002055,201001645,801000001,R_000077,100,g,,蛋白质,True
201002055,201002057,801000001,R_000078,75,g,,蛋白质,True
201002055,201000438,801000001,R_000079,5,个,,蔬菜,True
201002055,201000049,801000001,R_000080,3,g,,调料,False
201002055,201000112,801000001,R_000081,5,ml,,调料,False
201002055,201000295,801000001,R_000082,5,g,,淀粉类,False
201002055,201000008,801000001,R_000083,5,g,,蔬菜,False
201002055,201000111,801000001,R_000084,2,g,,调料,False
201002055,201002064,801000003,R_000085,,,1.0,,
201002055,201002065,801000003,R_000086,,,2.0,,
201002055,201002066,801000003,R_000087,,,3.0,,
201002055,201002067,801000003,R_000088,,,4.0,,
201002055,201002068,801000003,R_000089,,,5.0,,
201002055,201002069,801000003,R_000090,,,6.0,,
201002055,201002070,801000003,R_000091,,,7.0,,
201002055,201002071,801000003,R_000092,,,8.0,,
201002055,201002072,801000003,R_000093,,,9.0,,
201002055,720000000,801000004,R_000094,,,,,
201002055,630000000,801000005,R_000095,,,,,
201002073,201001917,801000001,R_000096,200,g,,蛋白质,True
201002073,201001855,801000001,R_000097,100,g,,蔬菜,True
201002073,201000438,801000001,R_000098,100,g,,蔬菜,True
201002073,201002077,801000001,R_000099,5,g,,蔬菜,True
201002073,201000112,801000001,R_000100,10,ml,,调料,False
201002073,201000028,801000001,R_000101,5,ml,,调料,False
201002073,201002080,801000001,R_000102,1,个,,蛋白质,False
201002073,201000295,801000001,R_000103,10,g,,淀粉类,False
201002073,201000081,801000001,R_000104,15,ml,,调料,False
201002073,201000134,801000001,R_000105,10,g,,调料,False
201002073,201000049,801000001,R_000106,5,g,,调料,False
201002073,201000027,801000001,R_000107,20,g,,调料,False
201002073,201000062,801000001,R_000108,20,g,,调料,False
201002073,201000063,801000001,R_000109,2,瓣,,调料,False
201002073,201000242,801000001,R_000110,15,g,,调料,False
201002073,201000373,801000001,R_000111,40,ml,,其他,False
201002073,201000009,801000001,R_000112,20,ml,,其他,False
201002073,201002091,801000003,R_000113,,,1.0,,
201002073,201002092,801000003,R_000114,,,2.0,,
201002073,201002093,801000003,R_000115,,,3.0,,
201002073,201002094,801000003,R_000116,,,4.0,,
201002073,201002095,801000003,R_000117,,,5.0,,
201002073,201002096,801000003,R_000118,,,6.0,,
201002073,201002097,801000003,R_000119,,,7.0,,
201002073,201002098,801000003,R_000120,,,8.0,,
201002073,201002099,801000003,R_000121,,,9.0,,
201002073,201002100,801000003,R_000122,,,10.0,,
201002073,201002101,801000003,R_000123,,,11.0,,
201002073,201002102,801000003,R_000124,,,12.0,,
201002073,720000000,801000004,R_000125,,,,,
201002073,640000000,801000005,R_000126,,,,,
201002103,201002104,801000001,R_000127,455,克,,蔬菜,True
201002103,201002105,801000001,R_000128,430,克,,蛋白质,True
201002103,201002106,801000001,R_000129,152,克,,蛋白质,True
201002103,201002107,801000001,R_000130,1,袋,,淀粉类,True
201002103,201000077,801000001,R_000131,5,克,,调料,False
201002103,201002109,801000001,R_000132,110,克,,调料,False
201002103,201000009,801000001,R_000133,105,克,,调料,False
201002103,201002111,801000003,R_000134,,,1.0,,
201002103,201002112,801000003,R_000135,,,2.0,,
201002103,201002113,801000003,R_000136,,,3.0,,
201002103,201002114,801000003,R_000137,,,4.0,,
201002103,201002115,801000003,R_000138,,,5.0,,
201002103,201002116,801000003,R_000139,,,6.0,,
201002103,201002117,801000003,R_000140,,,7.0,,
201002103,201002118,801000003,R_000141,,,8.0,,
201002103,201002119,801000003,R_000142,,,9.0,,
201002103,201002120,801000003,R_000143,,,10.0,,
201002103,201002121,801000003,R_000144,,,11.0,,
201002103,720000000,801000004,R_000145,,,,,
201002103,630000000,801000005,R_000146,,,,,
201002122,201002123,801000001,R_000147,2,只,,蛋白质,True
201002122,201002124,801000001,R_000148,5,朵,,蔬菜,True
201002122,201000438,801000001,R_000149,2,个,,蔬菜,True
201002122,201002126,801000001,R_000150,2,片,,调料,False
201002122,201000077,801000001,R_000151,5.5,个,,调料,False
201002122,201000049,801000001,R_000152,10,g,,调料,False
201002122,201000028,801000001,R_000153,10,ml,,调料,False
201002122,201000047,801000001,R_000154,5,g,,调料,False
201002122,201000134,801000001,R_000155,5,g,,调料,False
201002122,201000029,801000001,R_000156,5,ml,,调料,False
201002122,201000088,801000001,R_000157,适量,,,调料,False
201002122,201001901,801000001,R_000158,1,个,,淀粉类,False
201002122,201002135,801000003,R_000159,,,1.0,,
201002122,201002136,801000003,R_000160,,,2.0,,
201002122,201002137,801000003,R_000161,,,3.0,,
201002122,201002138,801000003,R_000162,,,4.0,,
201002122,201002139,801000003,R_000163,,,5.0,,
201002122,201002140,801000003,R_000164,,,6.0,,
201002122,201002141,801000003,R_000165,,,7.0,,
201002122,201002142,801000003,R_000166,,,8.0,,
201002122,201002143,801000003,R_000167,,,9.0,,
201002122,201002144,801000003,R_000168,,,10.0,,
201002122,201002145,801000003,R_000169,,,11.0,,
201002122,720000000,801000004,R_000170,,,,,
201002122,630000000,801000005,R_000171,,,,,
201002146,201002147,801000001,R_000172,100,克,,蔬菜,True
201002146,201002037,801000001,R_000173,50,克,,蛋白质,True
201002146,201000009,801000001,R_000174,50,克,,调料,False
201002146,201000112,801000001,R_000175,5,克,,调料,False
201002146,201000049,801000001,R_000176,10,克,,调料,False
201002146,201000063,801000001,R_000177,2,瓣,,调料,False
201002146,201000340,801000001,R_000178,1,根,,调料,False
201002146,201002154,801000003,R_000179,,,1.0,,
201002146,201002155,801000003,R_000180,,,2.0,,
201002146,201002156,801000003,R_000181,,,3.0,,
201002146,201002157,801000003,R_000182,,,4.0,,
201002146,201002158,801000003,R_000183,,,5.0,,
201002146,201002159,801000003,R_000184,,,6.0,,
201002146,201002160,801000003,R_000185,,,7.0,,
201002146,201002161,801000003,R_000186,,,8.0,,
201002146,720000000,801000004,R_000187,,,,,
201002146,630000000,801000005,R_000188,,,,,
201002162,201002163,801000001,R_000189,250,g,,蛋白质,True
201002162,201000438,801000001,R_000190,3,个,,蔬菜,True
201002162,201001674,801000001,R_000191,2,片,,调料,False
201002162,201000242,801000001,R_000192,10,g,,调料,False
201002162,201000029,801000001,R_000193,15,ml,,调料,False
201002162,201000087,801000001,R_000194,1,个,,蔬菜,False
201002162,201000134,801000001,R_000195,5,mg,,调料,False
201002162,201000027,801000001,R_000196,2,片,,调料,False
201002162,201000006,801000001,R_000197,适量,个,,蛋白质,True
201002162,201002172,801000003,R_000198,,,1.0,,
201002162,201002173,801000003,R_000199,,,2.0,,
201002162,201002174,801000003,R_000200,,,3.0,,
201002162,201002175,801000003,R_000201,,,4.0,,
201002162,201002176,801000003,R_000202,,,5.0,,
201002162,201002177,801000003,R_000203,,,6.0,,
201002162,201002178,801000003,R_000204,,,7.0,,
201002162,720000000,801000004,R_000205,,,,,
201002162,630000000,801000005,R_000206,,,,,
201002179,201001935,801000001,R_000207,300,g,,蛋白质,True
201002179,201001176,801000001,R_000208,200,g,,蔬菜,True
201002179,201000006,801000001,R_000209,1,个,,蛋白质,False
201002179,201000618,801000001,R_000210,20,g,,蔬菜,False
201002179,201000778,801000001,R_000211,5,g,,调料,False
201002179,201000112,801000001,R_000212,10,ml,,调料,False
201002179,201000295,801000001,R_000213,5,g,,淀粉类,False
201002179,201002187,801000001,R_000214,25,g,,淀粉类,False
201002179,201000373,801000001,R_000215,50,ml,,其他,False
201002179,201002189,801000001,R_000216,30,g,,调料,False
201002179,201000049,801000001,R_000217,20,g,,调料,False
201002179,201002191,801000003,R_000218,,,1.0,,
201002179,201002192,801000003,R_000219,,,2.0,,
201002179,201002193,801000003,R_000220,,,3.0,,
201002179,201002194,801000003,R_000221,,,4.0,,
201002179,201002195,801000003,R_000222,,,5.0,,
201002179,201002196,801000003,R_000223,,,6.0,,
201002179,201002197,801000003,R_000224,,,7.0,,
201002179,201002198,801000003,R_000225,,,8.0,,
201002179,201002199,801000003,R_000226,,,9.0,,
201002179,201002200,801000003,R_000227,,,10.0,,
201002179,201002201,801000003,R_000228,,,11.0,,
201002179,201002202,801000003,R_000229,,,12.0,,
201002179,720000000,801000004,R_000230,,,,,
201002179,640000000,801000005,R_000231,,,,,
201002203,201002204,801000001,R_000001,200,克,,蛋白质,True
201002203,201001788,801000001,R_000002,5,毫升,,调料,False
201002203,201000112,801000001,R_000003,4,毫升,,调料,False
201002203,201000282,801000001,R_000004,4,毫升,,调料,False
201002203,201000134,801000001,R_000005,3,克,,调料,False
201002203,201000049,801000001,R_000006,2,克,,调料,False
201002203,201000028,801000001,R_000007,20,毫升,,调料,False
201002203,201000027,801000001,R_000008,20,克,,蔬菜,False
201002203,201002212,801000001,R_000009,适量,,,其他,False
201002203,201002213,801000003,R_000010,,,1.0,,
201002203,201002214,801000003,R_000011,,,2.0,,
201002203,201002215,801000003,R_000012,,,3.0,,
201002203,201002216,801000003,R_000013,,,4.0,,
201002203,201002217,801000003,R_000014,,,5.0,,
201002203,201002218,801000003,R_000015,,,6.0,,
201002203,201002219,801000003,R_000016,,,7.0,,
201002203,201002220,801000003,R_000017,,,8.0,,
201002203,201002221,801000003,R_000018,,,9.0,,
201002203,201002222,801000003,R_000019,,,10.0,,
201002203,201002223,801000003,R_000020,,,11.0,,
201002203,720000000,801000004,R_000021,,,,,
201002203,630000000,801000005,R_000022,,,,,
201002224,201002225,801000001,R_000023,1,包,,调料,False
201002224,201000173,801000001,R_000024,15,ml,,调料,False
201002224,201000242,801000001,R_000025,15,ml,,调料,False
201002224,201000084,801000001,R_000026,15,ml,,调料,False
201002224,201002229,801000001,R_000027,15,ml,,调料,False
201002224,201000004,801000001,R_000028,100,g,,蔬菜,False
201002224,201000193,801000001,R_000029,30,g,,蔬菜,False
201002224,201000008,801000001,R_000030,40,g,,蔬菜,False
201002224,201000077,801000001,R_000031,10,g,,调料,False
201002224,201000112,801000001,R_000032,120,ml,,调料,False
201002224,201000113,801000001,R_000033,60,ml,,调料,False
201002224,201000049,801000001,R_000034,10-15,g,,调料,False
201002224,201000134,801000001,R_000035,30,g,,调料,False
201002224,201000174,801000001,R_000036,330,ml,,调料,False
201002224,201002239,801000001,R_000037,500,g,,蛋白质,True
201002224,201000117,801000001,R_000038,足量,ml,,其他,False
201002224,201002241,801000003,R_000039,,,1.0,,
201002224,201002242,801000003,R_000040,,,2.0,,
201002224,201002243,801000003,R_000041,,,3.0,,
201002224,201002244,801000003,R_000042,,,4.0,,
201002224,201002245,801000003,R_000043,,,5.0,,
201002224,201002246,801000003,R_000044,,,6.0,,
201002224,201002247,801000003,R_000045,,,7.0,,
201002224,201002248,801000003,R_000046,,,8.0,,
201002224,201002249,801000003,R_000047,,,9.0,,
201002224,201002250,801000003,R_000048,,,10.0,,
201002224,201002251,801000003,R_000049,,,11.0,,
201002224,201002252,801000003,R_000050,,,12.0,,
201002224,201002253,801000003,R_000051,,,13.0,,
201002224,201002254,801000003,R_000052,,,14.0,,
201002224,720000000,801000004,R_000053,,,,,
201002224,630000000,801000005,R_000054,,,,,
201002255,201002256,801000001,R_000055,500,g,,蛋白质,True
201002255,201000009,801000001,R_000056,20,ml,,调料,False
201002255,201001839,801000001,R_000057,20,g,,调料,False
201002255,201000167,801000001,R_000058,20,g,,调料,False
201002255,201002260,801000001,R_000059,30,g,,蛋白质,False
201002255,201000339,801000001,R_000060,50,g,,蔬菜,False
201002255,201000027,801000001,R_000061,20,g,,蔬菜,False
201002255,201000063,801000001,R_000062,10,g,,蔬菜,False
201002255,201000134,801000001,R_000063,5,g,,调料,False
201002255,201000112,801000001,R_000064,5,ml,,调料,False
201002255,201000081,801000001,R_000065,5,ml,,调料,False
201002255,201000088,801000001,R_000066,5,g,,调料,False
201002255,201000781,801000001,R_000067,5,g,,调料,False
201002255,201000086,801000001,R_000068,5,g,,蔬菜,False
201002255,201002270,801000003,R_000069,,,1.0,,
201002255,201002271,801000003,R_000070,,,2.0,,
201002255,201002272,801000003,R_000071,,,3.0,,
201002255,201002273,801000003,R_000072,,,4.0,,
201002255,201002274,801000003,R_000073,,,5.0,,
201002255,201002275,801000003,R_000074,,,6.0,,
201002255,201002276,801000003,R_000075,,,7.0,,
201002255,201002277,801000003,R_000076,,,8.0,,
201002255,201002278,801000003,R_000077,,,9.0,,
201002255,201002279,801000003,R_000078,,,10.0,,
201002255,201002280,801000003,R_000079,,,11.0,,
201002255,201002281,801000003,R_000080,,,12.0,,
201002255,720000000,801000004,R_000081,,,,,
201002255,630000000,801000005,R_000082,,,,,
201002282,201002283,801000001,R_000083,25,g,,蔬菜,False
201002282,201002284,801000001,R_000084,500,g,,蛋白质,True
201002282,201000006,801000001,R_000085,4,个,,蛋白质,False
201002282,201000009,801000001,R_000086,15,ml,,调料,False
201002282,201001555,801000001,R_000087,75,ml,,调料,False
201002282,201000502,801000001,R_000088,35,ml,,调料,False
201002282,201000008,801000001,R_000089,25,g,,蔬菜,False
201002282,201000163,801000001,R_000090,2,片,,调料,False
201002282,201000107,801000001,R_000091,1,颗,,调料,False
201002282,201000213,801000001,R_000092,20,g,,调料,False
201002282,201000047,801000001,R_000093,6,g,,调料,False
201002282,201000779,801000001,R_000094,6,g,,调料,False
201002282,201002295,801000001,R_000095,根据个人食量决定,,,淀粉类,True
201002282,201002296,801000003,R_000096,,,1.0,,
201002282,201002297,801000003,R_000097,,,2.0,,
201002282,201002298,801000003,R_000098,,,3.0,,
201002282,201002299,801000003,R_000099,,,4.0,,
201002282,201002300,801000003,R_000100,,,5.0,,
201002282,201002301,801000003,R_000101,,,6.0,,
201002282,201002302,801000003,R_000102,,,7.0,,
201002282,201002303,801000003,R_000103,,,8.0,,
201002282,201002304,801000003,R_000104,,,9.0,,
201002282,201002305,801000003,R_000105,,,10.0,,
201002282,201002306,801000003,R_000106,,,11.0,,
201002282,201002307,801000003,R_000107,,,12.0,,
201002282,201002308,801000003,R_000108,,,13.0,,
201002282,720000000,801000004,R_000109,,,,,
201002282,650000000,801000005,R_000110,,,,,
201002309,201000163,801000001,R_000111,1,片,,调料,False
201002309,201002311,801000001,R_000112,50,ml,,其他,False
201002309,201000004,801000001,R_000113,100,g,,蔬菜,False
201002309,201001855,801000001,R_000114,150,g,,蔬菜,False
201002309,201001901,801000001,R_000115,200,g,,蔬菜,False
201002309,201002315,801000001,R_000116,300,g,,蛋白质,True
201002309,201000003,801000001,R_000117,100,g,,调料,False
201002309,201000009,801000001,R_000118,10-15,ml,,调料,False
201002309,201000574,801000001,R_000119,适量,ml,,其他,False
201002309,201002319,801000003,R_000120,,,1.0,,
201002309,201002320,801000003,R_000121,,,2.0,,
201002309,201002321,801000003,R_000122,,,3.0,,
201002309,201002322,801000003,R_000123,,,4.0,,
201002309,201002323,801000003,R_000124,,,5.0,,
201002309,201002324,801000003,R_000125,,,6.0,,
201002309,201002325,801000003,R_000126,,,7.0,,
201002309,201002326,801000003,R_000127,,,8.0,,
201002309,720000000,801000004,R_000128,,,,,
201002309,640000000,801000005,R_000129,,,,,
201002327,201001429,801000001,R_000130,1000,克,,蛋白质,True
201002327,201000174,801000001,R_000131,800,毫升,,其他,True
201002327,201001555,801000001,R_000132,10-15,毫升,,调料,False
201002327,201002331,801000001,R_000133,5-10,毫升,,调料,False
201002327,201000027,801000001,R_000134,5,片,,蔬菜,False
201002327,201000829,801000001,R_000135,12,瓣,,蔬菜,False
201002327,201000213,801000001,R_000136,10,克,,调料,False
201002327,201000077,801000001,R_000137,5,个,,调料,False
201002327,201000028,801000001,R_000138,30,毫升,,调料,False
201002327,201000049,801000001,R_000139,8,克,,调料,False
201002327,201000111,801000001,R_000140,5,克,,调料,False
201002327,201002339,801000001,R_000141,4,颗,,调料,False
201002327,201000107,801000001,R_000142,3,个,,调料,False
201002327,201000163,801000001,R_000143,3,片,,调料,False
201002327,201000242,801000001,R_000144,20,克,,调料,False
201002327,201000009,801000001,R_000145,100,毫升,,其他,False
201002327,201002344,801000003,R_000146,,,1.0,,
201002327,201002345,801000003,R_000147,,,2.0,,
201002327,201002346,801000003,R_000148,,,3.0,,
201002327,201002347,801000003,R_000149,,,4.0,,
201002327,201002348,801000003,R_000150,,,5.0,,
201002327,201002349,801000003,R_000151,,,6.0,,
201002327,720000000,801000004,R_000152,,,,,
201002327,640000000,801000005,R_000153,,,,,
201002350,201000129,801000001,R_000154,250,克,,蛋白质,True
201002350,201000339,801000001,R_000155,2,棵,,蔬菜,False
201002350,201000193,801000001,R_000156,25,克,,蔬菜,False
201002350,201002354,801000001,R_000157,15,克,,蔬菜,False
201002350,201001436,801000001,R_000158,1,把,,蔬菜,False
201002350,201000028,801000001,R_000159,5,毫升,,调料,False
201002350,201000242,801000001,R_000160,15,毫升,,调料,False
201002350,201001555,801000001,R_000161,5,毫升,,调料,False
201002350,201000088,801000001,R_000162,5,克,,调料,False
201002350,201002360,801000003,R_000163,,,1.0,,
201002350,201002361,801000003,R_000164,,,2.0,,
201002350,201002362,801000003,R_000165,,,3.0,,
201002350,201002363,801000003,R_000166,,,4.0,,
201002350,201002364,801000003,R_000167,,,5.0,,
201002350,201002365,801000003,R_000168,,,6.0,,
201002350,201002366,801000003,R_000169,,,7.0,,
201002350,201002367,801000003,R_000170,,,8.0,,
201002350,201002368,801000003,R_000171,,,9.0,,
201002350,720000000,801000004,R_000172,,,,,
201002350,640000000,801000005,R_000173,,,,,
201002369,201002370,801000001,R_000174,750,g,,蛋白质,True
201002369,201001901,801000001,R_000175,300,g,,蔬菜,True
201002369,201000027,801000001,R_000176,30,g,,调料,False
201002369,201000339,801000001,R_000177,25,g,,调料,False
201002369,201000028,801000001,R_000178,25,g,,调料,False
201002369,201000134,801000001,R_000179,10,g,,调料,False
201002369,201000077,801000001,R_000180,5,g,,调料,False
201002369,201000107,801000001,R_000181,5,g,,调料,False
201002369,201000167,801000001,R_000182,5,g,,调料,False
201002369,201000165,801000001,R_000183,5,g,,调料,False
201002369,201000112,801000001,R_000184,10,g,,调料,False
201002369,201000113,801000001,R_000185,5,g,,调料,False
201002369,201000084,801000001,R_000186,5,g,,调料,False
201002369,201000173,801000001,R_000187,5,g,,调料,False
201002369,201002384,801000003,R_000188,,,1.0,,
201002369,201002385,801000003,R_000189,,,2.0,,
201002369,201002386,801000003,R_000190,,,3.0,,
201002369,201002387,801000003,R_000191,,,4.0,,
201002369,201002388,801000003,R_000192,,,5.0,,
201002369,201002389,801000003,R_000193,,,6.0,,
201002369,201002390,801000003,R_000194,,,7.0,,
201002369,720000000,801000004,R_000195,,,,,
201002369,630000000,801000005,R_000196,,,,,
201002391,201002392,801000001,R_000197,100-125,g,,淀粉类,True
201002391,201002393,801000001,R_000198,40-55,g,,蛋白质,True
201002391,201002394,801000001,R_000199,25,g,,蛋白质,False
201002391,201000733,801000001,R_000200,100-125,g,,蛋白质,True
201002391,201000004,801000001,R_000201,25-40,g,,蔬菜,False
201002391,201000321,801000001,R_000202,15,g,,调料,False
201002391,201000301,801000001,R_000203,10,g,,淀粉类,False
201002391,201000560,801000001,R_000204,125,ml,,其他,False
201002391,201000008,801000001,R_000205,0.5,瓣,,调料,False
201002391,201002401,801000003,R_000206,,,1.0,,
201002391,201002402,801000003,R_000207,,,2.0,,
201002391,201002403,801000003,R_000208,,,3.0,,
201002391,201002404,801000003,R_000209,,,4.0,,
201002391,201002405,801000003,R_000210,,,5.0,,
201002391,201002406,801000003,R_000211,,,6.0,,
201002391,201002407,801000003,R_000212,,,7.0,,
201002391,201002408,801000003,R_000213,,,8.0,,
201002391,201002409,801000003,R_000214,,,9.0,,
201002391,201002410,801000003,R_000215,,,10.0,,
201002391,201002411,801000003,R_000216,,,11.0,,
201002391,201002412,801000003,R_000217,,,12.0,,
201002391,201002413,801000003,R_000218,,,13.0,,
201002391,201002414,801000003,R_000219,,,14.0,,
201002391,720000000,801000004,R_000220,,,,,
201002391,630000000,801000005,R_000221,,,,,
201002415,201002256,801000001,R_000222,650,g,,蛋白质,True
201002415,201000009,801000001,R_000223,50,ml,,调料,False
201002415,201000193,801000001,R_000224,250,g,,蔬菜,True
201002415,201000174,801000001,R_000225,250,ml,,调料,False
201002415,201000112,801000001,R_000226,20,ml,,调料,False
201002415,201000113,801000001,R_000227,10,ml,,调料,False
201002415,201000049,801000001,R_000228,3,g,,调料,False
201002415,201000087,801000001,R_000229,0-50,g,,蔬菜,False
201002415,201002424,801000001,R_000230,0-50,g,,蔬菜,False
201002415,201002425,801000001,R_000231,50,g,,蔬菜,False
201002415,201000008,801000001,R_000232,50,g,,蔬菜,False
201002415,201002427,801000003,R_000233,,,1.0,,
201002415,201002428,801000003,R_000234,,,2.0,,
201002415,201002429,801000003,R_000235,,,3.0,,
201002415,201002430,801000003,R_000236,,,4.0,,
201002415,201002431,801000003,R_000237,,,5.0,,
201002415,201002432,801000003,R_000238,,,6.0,,
201002415,201002433,801000003,R_000239,,,7.0,,
201002415,720000000,801000004,R_000240,,,,,
201002415,630000000,801000005,R_000241,,,,,
201002434,201002123,801000001,R_000001,4,个,,蛋白质,True
201002434,201002123,801000001,R_000002,400,克,,蛋白质,True
201002434,201002437,801000001,R_000003,5,克,,调料,False
201002434,201000027,801000001,R_000004,50,克,,蔬菜,False
201002434,201000062,801000001,R_000005,1,根,,蔬菜,False
201002434,201000049,801000001,R_000006,5,克,,调料,False
201002434,201000050,801000001,R_000007,5,克,,调料,False
201002434,201000078,801000001,R_000008,35,毫升,,调料,False
201002434,201002443,801000003,R_000009,,,1.0,,
201002434,201002444,801000003,R_000010,,,2.0,,
201002434,201002445,801000003,R_000011,,,3.0,,
201002434,201002446,801000003,R_000012,,,4.0,,
201002434,201002447,801000003,R_000013,,,5.0,,
201002434,201002448,801000003,R_000014,,,6.0,,
201002434,201002449,801000003,R_000015,,,7.0,,
201002434,201002450,801000003,R_000016,,,8.0,,
201002434,201002451,801000003,R_000017,,,9.0,,
201002434,201002452,801000003,R_000018,,,10.0,,
201002434,201002453,801000003,R_000019,,,11.0,,
201002434,720000000,801000004,R_000020,,,,,
201002434,630000000,801000005,R_000021,,,,,
201002454,201002455,801000001,R_000022,350,g,,蛋白质,True
201002454,201002456,801000001,R_000023,350,g,,蛋白质,True
201002454,201000102,801000001,R_000024,180,g,,蔬菜,True
201002454,201000077,801000001,R_000025,10,g,,调料,False
201002454,201002459,801000001,R_000026,4,支,,蔬菜,False
201002454,201002460,801000001,R_000027,150,g,,蛋白质,True
201002454,201002461,801000001,R_000028,150,g,,蛋白质,True
201002454,201002462,801000001,R_000029,250,g,,蔬菜,False
201002454,201000854,801000001,R_000030,10,g,,蔬菜,False
201002454,201001555,801000001,R_000031,10,g,,调料,False
201002454,201002331,801000001,R_000032,5,g,,调料,False
201002454,201000282,801000001,R_000033,5,g,,调料,False
201002454,201000134,801000001,R_000034,2,g,,调料,False
201002454,201000028,801000001,R_000035,15,g,,调料,False
201002454,201000049,801000001,R_000036,2,g,,调料,False
201002454,201000111,801000001,R_000037,2,g,,调料,False
201002454,201000295,801000001,R_000038,25,g,,淀粉类,False
201002454,201000214,801000001,R_000039,20,g,,调料,False
201002454,201000030,801000001,R_000040,10,g,,调料,False
201002454,201000167,801000001,R_000041,5,g,,调料,False
201002454,201000242,801000001,R_000042,10,g,,调料,False
201002454,201002476,801000001,R_000043,5,g,,调料,False
201002454,201002477,801000003,R_000044,,,1.0,,
201002454,201002478,801000003,R_000045,,,2.0,,
201002454,201002479,801000003,R_000046,,,3.0,,
201002454,201002480,801000003,R_000047,,,4.0,,
201002454,201002481,801000003,R_000048,,,5.0,,
201002454,201002482,801000003,R_000049,,,6.0,,
201002454,201002483,801000003,R_000050,,,7.0,,
201002454,201002484,801000003,R_000051,,,8.0,,
201002454,201002485,801000003,R_000052,,,9.0,,
201002454,720000000,801000004,R_000053,,,,,
201002454,640000000,801000005,R_000054,,,,,
201002486,201002487,801000001,R_000055,800,g,,蛋白质,True
201002486,201001436,801000001,R_000056,200,g,,蔬菜,True
201002486,201000102,801000001,R_000057,150,g,,蔬菜,False
201002486,201000027,801000001,R_000058,120,g,,蔬菜,False
201002486,201000028,801000001,R_000059,30,ml,,调料,False
201002486,201000228,801000001,R_000060,5,g,,调料,False
201002486,201000111,801000001,R_000061,5,g,,调料,False
201002486,201000779,801000001,R_000062,5,g,,调料,False
201002486,201000778,801000001,R_000063,5,g,,调料,False
201002486,201002496,801000001,R_000064,10,g,,调料,False
201002486,201000281,801000001,R_000065,5,g,,调料,False
201002486,201000009,801000001,R_000066,30,ml,,调料,False
201002486,201002499,801000003,R_000067,,,1.0,,
201002486,201002500,801000003,R_000068,,,2.0,,
201002486,201002501,801000003,R_000069,,,3.0,,
201002486,201002502,801000003,R_000070,,,4.0,,
201002486,201002503,801000003,R_000071,,,5.0,,
201002486,201002504,801000003,R_000072,,,6.0,,
201002486,201002505,801000003,R_000073,,,7.0,,
201002486,201002506,801000003,R_000074,,,8.0,,
201002486,201002507,801000003,R_000075,,,9.0,,
201002486,201002508,801000003,R_000076,,,10.0,,
201002486,201002509,801000003,R_000077,,,11.0,,
201002486,201002510,801000003,R_000078,,,12.0,,
201002486,720000000,801000004,R_000079,,,,,
201002486,630000000,801000005,R_000080,,,,,
201002511,201002512,801000001,R_000081,400,g,,蛋白质,True
201002511,201001758,801000001,R_000082,200,g,,蔬菜,True
201002511,201000087,801000001,R_000083,30,g,,蔬菜,False
201002511,201002515,801000001,R_000084,30,g,,蔬菜,False
201002511,201000086,801000001,R_000085,30,g,,蔬菜,False
201002511,201000009,801000001,R_000086,15,ml,,调料,False
201002511,201000029,801000001,R_000087,6,ml,,调料,False
201002511,201002519,801000003,R_000088,,,1.0,,
201002511,201002520,801000003,R_000089,,,2.0,,
201002511,201002521,801000003,R_000090,,,3.0,,
201002511,201002522,801000003,R_000091,,,4.0,,
201002511,201002523,801000003,R_000092,,,5.0,,
201002511,201002524,801000003,R_000093,,,6.0,,
201002511,201002525,801000003,R_000094,,,7.0,,
201002511,201002526,801000003,R_000095,,,8.0,,
201002511,201002527,801000003,R_000096,,,9.0,,
201002511,720000000,801000004,R_000097,,,,,
201002511,640000000,801000005,R_000098,,,,,
201002528,201002529,801000001,R_000099,800,克,,蛋白质,True
201002528,201002530,801000001,R_000100,25,克,,蔬菜,False
201002528,201002425,801000001,R_000101,7.5,克,,蔬菜,False
201002528,201002515,801000001,R_000102,10,克,,蔬菜,False
201002528,201002533,801000001,R_000103,20,克,,蔬菜,False
201002528,201000008,801000001,R_000104,40,克,,蔬菜,False
201002528,201000464,801000001,R_000105,25,克,,调料,False
201002528,201002536,801000001,R_000106,15,克,,调料,False
201002528,201000778,801000001,R_000107,10,克,,调料,False
201002528,201000007,801000001,R_000108,30,克,,淀粉类,False
201002528,201000174,801000001,R_000109,450,毫升,,调料,False
201002528,201000028,801000001,R_000110,10,毫升,,调料,False
201002528,201000045,801000001,R_000111,7.5,毫升,,调料,False
201002528,201002542,801000001,R_000112,20,毫升,,其他,False
201002528,201000009,801000001,R_000113,200,毫升,,其他,False
201002528,201000618,801000001,R_000114,5,克,,蔬菜,False
201002528,201002545,801000003,R_000115,,,1.0,,
201002528,201002546,801000003,R_000116,,,2.0,,
201002528,201002547,801000003,R_000117,,,3.0,,
201002528,201002548,801000003,R_000118,,,4.0,,
201002528,201002549,801000003,R_000119,,,5.0,,
201002528,201002550,801000003,R_000120,,,6.0,,
201002528,201002551,801000003,R_000121,,,7.0,,
201002528,201002552,801000003,R_000122,,,8.0,,
201002528,201002553,801000003,R_000123,,,9.0,,
201002528,201002554,801000003,R_000124,,,10.0,,
201002528,720000000,801000004,R_000125,,,,,
201002528,640000000,801000005,R_000126,,,,,
201002555,201001631,801000001,R_000127,1000,克,,蛋白质,True
201002555,201002557,801000001,R_000128,4,个,,蔬菜,False
201002555,201002558,801000001,R_000129,2,个,,蔬菜,False
201002555,201001100,801000001,R_000130,1,盒,,蛋白质,False
201002555,201002560,801000001,R_000131,50,克,,调料,False
201002555,201001835,801000001,R_000132,5,克,,调料,False
201002555,201001704,801000001,R_000133,5,克,,调料,False
201002555,201000373,801000001,R_000134,250,毫升,,其他,False
201002555,201000009,801000001,R_000135,适量,毫升,,调料,False
201002555,201002565,801000003,R_000136,,,1.0,,
201002555,201002566,801000003,R_000137,,,2.0,,
201002555,201002567,801000003,R_000138,,,3.0,,
201002555,201002568,801000003,R_000139,,,4.0,,
201002555,201002569,801000003,R_000140,,,5.0,,
201002555,201002570,801000003,R_000141,,,6.0,,
201002555,201002571,801000003,R_000142,,,7.0,,
201002555,201002572,801000003,R_000143,,,8.0,,
201002555,201002573,801000003,R_000144,,,9.0,,
201002555,201002574,801000003,R_000145,,,10.0,,
201002555,720000000,801000004,R_000146,,,,,
201002555,650000000,801000005,R_000147,,,,,
201002575,201001686,801000001,R_000148,400,g,,蛋白质,True
201002575,201001901,801000001,R_000149,200,g,,蔬菜,True
201002575,201000438,801000001,R_000150,60,g,,蔬菜,True
201002575,201000076,801000001,R_000151,10,g,,蔬菜,False
201002575,201000049,801000001,R_000152,3,g,,调料,False
201002575,201000111,801000001,R_000153,3,g,,调料,False
201002575,201000778,801000001,R_000154,2,g,,调料,False
201002575,201000112,801000001,R_000155,5,g,,调料,False
201002575,201000113,801000001,R_000156,2,g,,调料,False
201002575,201000028,801000001,R_000157,5,g,,调料,False
201002575,201000295,801000001,R_000158,20,g,,淀粉类,False
201002575,201002587,801000001,R_000159,40,g,,调料,False
201002575,201000134,801000001,R_000160,30,g,,调料,False
201002575,201001617,801000001,R_000161,2,g,,调料,False
201002575,201000009,801000001,R_000162,宽油,ml,,其他,False
201002575,201002591,801000003,R_000163,,,1.0,,
201002575,201002592,801000003,R_000164,,,2.0,,
201002575,201002593,801000003,R_000165,,,3.0,,
201002575,201002594,801000003,R_000166,,,4.0,,
201002575,201002595,801000003,R_000167,,,5.0,,
201002575,201002596,801000003,R_000168,,,6.0,,
201002575,201002597,801000003,R_000169,,,7.0,,
201002575,201002598,801000003,R_000170,,,8.0,,
201002575,201002599,801000003,R_000171,,,9.0,,
201002575,201002600,801000003,R_000172,,,10.0,,
201002575,720000000,801000004,R_000173,,,,,
201002575,640000000,801000005,R_000174,,,,,
201002601,201002602,801000001,R_000175,500,g,,蛋白质,True
201002601,201001946,801000001,R_000176,1,根,,蔬菜,True
201002601,201000854,801000001,R_000177,8,片,,蔬菜,False
201002601,201000076,801000001,R_000178,5,片,,蔬菜,False
201002601,201001708,801000001,R_000179,1,把,,蔬菜,False
201002601,201000107,801000001,R_000180,2,片,,调料,False
201002601,201000165,801000001,R_000181,1,小块,,调料,False
201002601,201000077,801000001,R_000182,2,个,,调料,False
201002601,201000163,801000001,R_000183,2,片,,调料,False
201002601,201002611,801000001,R_000184,1,块,,调料,False
201002601,201002612,801000001,R_000185,30,g,,调料,False
201002601,201000084,801000001,R_000186,15,g,,调料,False
201002601,201000029,801000001,R_000187,15,g,,调料,False
201002601,201000213,801000001,R_000188,10,g,,调料,False
201002601,201000049,801000001,R_000189,5,g,,调料,False
201002601,201000113,801000001,R_000190,15,g,,调料,False
201002601,201002618,801000003,R_000191,,,1.0,,
201002601,201002619,801000003,R_000192,,,2.0,,
201002601,201002620,801000003,R_000193,,,3.0,,
201002601,201002621,801000003,R_000194,,,4.0,,
201002601,201002622,801000003,R_000195,,,5.0,,
201002601,201002623,801000003,R_000196,,,6.0,,
201002601,201002624,801000003,R_000197,,,7.0,,
201002601,201002625,801000003,R_000198,,,8.0,,
201002601,201002626,801000003,R_000199,,,9.0,,
201002601,720000000,801000004,R_000200,,,,,
201002601,640000000,801000005,R_000201,,,,,
201002627,201000129,801000001,R_000202,300,g,,蛋白质,True
201002627,201000083,801000001,R_000203,100,g,,调料,False
201002627,201000009,801000001,R_000204,200,g,,调料,False
201002627,201000112,801000001,R_000205,10,ml,,调料,False
201002627,201000084,801000001,R_000206,5,ml,,调料,False
201002627,201000113,801000001,R_000207,5,ml,,调料,False
201002627,201000854,801000001,R_000208,2,片,,调料,False
201002627,201000829,801000001,R_000209,3,颗,,调料,False
201002627,201000028,801000001,R_000210,100,ml,,调料,False
201002627,201000062,801000001,R_000211,1,根,,蔬菜,False
201002627,201000779,801000001,R_000212,10,g,,调料,False
201002627,201000049,801000001,R_000213,10,g,,调料,False
201002627,201002640,801000003,R_000214,,,1.0,,
201002627,201002641,801000003,R_000215,,,2.0,,
201002627,201002642,801000003,R_000216,,,3.0,,
201002627,201002643,801000003,R_000217,,,4.0,,
201002627,201002644,801000003,R_000218,,,5.0,,
201002627,201002645,801000003,R_000219,,,6.0,,
201002627,201002646,801000003,R_000220,,,7.0,,
201002627,720000000,801000004,R_000221,,,,,
201002627,640000000,801000005,R_000222,,,,,
201002647,201001686,801000001,R_000223,1000,g,,蛋白质,True
201002647,201001901,801000001,R_000224,750,g,,蔬菜,True
201002647,201000102,801000001,R_000225,100,g,,蔬菜,False
201002647,201002651,801000001,R_000226,50,g,,蔬菜,False
201002647,201002652,801000001,R_000227,50,g,,蔬菜,False
201002647,201000083,801000001,R_000228,20,g,,调料,False
201002647,201002654,801000001,R_000229,5,个,,调料,False
201002647,201000008,801000001,R_000230,4,瓣,,调料,False
201002647,201000078,801000001,R_000231,50,g,,调料,False
201002647,201000049,801000001,R_000232,5,g,,调料,False
201002647,201000112,801000001,R_000233,7,ml,,调料,False
201002647,201000084,801000001,R_000234,10,g,,调料,False
201002647,201000028,801000001,R_000235,100,g,,调料,False
201002647,201000117,801000001,R_000236,1000,ml,,其他,False
201002647,201000167,801000001,R_000237,适量,,,调料,False
201002647,201000163,801000001,R_000238,适量,片,,调料,False
201002647,201002664,801000001,R_000239,适量,,,调料,False
201002647,201002665,801000003,R_000240,,,1.0,,
201002647,201002666,801000003,R_000241,,,2.0,,
201002647,201002667,801000003,R_000242,,,3.0,,
201002647,201002668,801000003,R_000243,,,4.0,,
201002647,201002669,801000003,R_000244,,,5.0,,
201002647,201002670,801000003,R_000245,,,6.0,,
201002647,201002671,801000003,R_000246,,,7.0,,
201002647,201002672,801000003,R_000247,,,8.0,,
201002647,720000000,801000004,R_000248,,,,,
201002647,640000000,801000005,R_000249,,,,,
201002673,201002674,801000001,R_000001,1000,g,,蛋白质,True
201002673,201000027,801000001,R_000002,4,片,,调料,False
201002673,201000028,801000001,R_000003,65,g,,调料,False
201002673,201000102,801000001,R_000004,3,段,,蔬菜,False
201002673,201000008,801000001,R_000005,10,瓣,,蔬菜,False
201002673,201000340,801000001,R_000006,12,个,,蔬菜,False
201002673,201000004,801000001,R_000007,0.5,个,,蔬菜,False
201002673,201000112,801000001,R_000008,75,g,,调料,False
201002673,201000084,801000001,R_000009,30,g,,调料,False
201002673,201002683,801000001,R_000010,50,g,,调料,False
201002673,201000134,801000001,R_000011,10,g,,调料,False
201002673,201000049,801000001,R_000012,3,g,,调料,False
201002673,201000788,801000001,R_000013,10,ml,,调料,False
201002673,201000086,801000001,R_000014,3,颗,,蔬菜,False
201002673,201000191,801000001,R_000015,2,颗,,蔬菜,False
201002673,201002689,801000003,R_000016,,,1.0,,
201002673,201002690,801000003,R_000017,,,2.0,,
201002673,201002691,801000003,R_000018,,,3.0,,
201002673,201002692,801000003,R_000019,,,4.0,,
201002673,201002693,801000003,R_000020,,,5.0,,
201002673,201002694,801000003,R_000021,,,6.0,,
201002673,201002695,801000003,R_000022,,,7.0,,
201002673,201002696,801000003,R_000023,,,8.0,,
201002673,720000000,801000004,R_000024,,,,,
201002673,650000000,801000005,R_000025,,,,,
201002697,201002698,801000001,R_000026,500,g,,蛋白质,True
201002697,201002699,801000001,R_000027,30,g,,蛋白质,True
201002697,201002612,801000001,R_000028,30,g,,调料,False
201002697,201002701,801000001,R_000029,40,g,,调料,False
201002697,201002611,801000001,R_000030,35,g,,调料,False
201002697,201000113,801000001,R_000031,5,ml,,调料,False
201002697,201001712,801000001,R_000032,5,ml,,调料,False
201002697,201000117,801000001,R_000033,500,ml,,其他,False
201002697,201000213,801000001,R_000034,20,g,,调料,False
201002697,201001200,801000001,R_000035,10,g,,调料,False
201002697,201000339,801000001,R_000036,5,根,,蔬菜,False
201002697,201000854,801000001,R_000037,7,片,,蔬菜,False
201002697,201002124,801000001,R_000038,7.5,个,,蔬菜,False
201002697,201000004,801000001,R_000039,1,个,,蔬菜,False
201002697,201000076,801000001,R_000040,7.5,瓣,,蔬菜,False
201002697,201000163,801000001,R_000041,1,片,,调料,False
201002697,201000107,801000001,R_000042,4.5,个,,调料,False
201002697,201000165,801000001,R_000043,10,g,,调料,False
201002697,201002716,801000003,R_000044,,,1.0,,
201002697,201002717,801000003,R_000045,,,2.0,,
201002697,201002718,801000003,R_000046,,,3.0,,
201002697,201002719,801000003,R_000047,,,4.0,,
201002697,201002720,801000003,R_000048,,,5.0,,
201002697,201002721,801000003,R_000049,,,6.0,,
201002697,201002722,801000003,R_000050,,,7.0,,
201002697,201002723,801000003,R_000051,,,8.0,,
201002697,201002724,801000003,R_000052,,,9.0,,
201002697,201002725,801000003,R_000053,,,10.0,,
201002697,201002726,801000003,R_000054,,,11.0,,
201002697,201002727,801000003,R_000055,,,12.0,,
201002697,201002728,801000003,R_000056,,,13.0,,
201002697,201002729,801000003,R_000057,,,14.0,,
201002697,201002730,801000003,R_000058,,,15.0,,
201002697,201002731,801000003,R_000059,,,16.0,,
201002697,201002732,801000003,R_000060,,,17.0,,
201002697,720000000,801000004,R_000061,,,,,
201002697,650000000,801000005,R_000062,,,,,
201002733,201002602,801000001,R_000063,550,g,,蛋白质,True
201002733,201000027,801000001,R_000064,30,g,,蔬菜,False
201002733,201000063,801000001,R_000065,0.5,头,,蔬菜,False
201002733,201000340,801000001,R_000066,1,条,,蔬菜,False
201002733,201000163,801000001,R_000067,2,片,,调料,False
201002733,201000167,801000001,R_000068,0.5,g,,调料,False
201002733,201000107,801000001,R_000069,2,个,,调料,False
201002733,201000077,801000001,R_000070,3,个,,调料,False
201002733,201002339,801000001,R_000071,3,个,,调料,False
201002733,201001388,801000001,R_000072,2,片,,调料,False
201002733,201002229,801000001,R_000073,2,块,,调料,False
201002733,201000464,801000001,R_000074,15,g,,调料,False
201002733,201000213,801000001,R_000075,10,g,,调料,False
201002733,201002747,801000001,R_000076,10,g,,调料,False
201002733,201002748,801000001,R_000077,20,g,,调料,False
201002733,201002749,801000001,R_000078,50,g,,调料,False
201002733,201000084,801000001,R_000079,20,g,,调料,False
201002733,201000113,801000001,R_000080,5,g,,调料,False
201002733,201000112,801000001,R_000081,60,g,,调料,False
201002733,201002753,801000001,R_000082,20,g,,调料,False
201002733,201002754,801000003,R_000083,,,1.0,,
201002733,201002755,801000003,R_000084,,,2.0,,
201002733,201002756,801000003,R_000085,,,3.0,,
201002733,201002757,801000003,R_000086,,,4.0,,
201002733,201002758,801000003,R_000087,,,5.0,,
201002733,201002759,801000003,R_000088,,,6.0,,
201002733,201002760,801000003,R_000089,,,7.0,,
201002733,201002761,801000003,R_000090,,,8.0,,
201002733,201002762,801000003,R_000091,,,9.0,,
201002733,201002763,801000003,R_000092,,,10.0,,
201002733,201002764,801000003,R_000093,,,11.0,,
201002733,201002765,801000003,R_000094,,,12.0,,
201002733,201002766,801000003,R_000095,,,13.0,,
201002733,201002767,801000003,R_000096,,,14.0,,
201002733,201002768,801000003,R_000097,,,15.0,,
201002733,201002769,801000003,R_000098,,,16.0,,
201002733,201002770,801000003,R_000099,,,17.0,,
201002733,201002771,801000003,R_000100,,,18.0,,
201002733,201002772,801000003,R_000101,,,19.0,,
201002733,201002773,801000003,R_000102,,,20.0,,
201002733,201002774,801000003,R_000103,,,21.0,,
201002733,201002775,801000003,R_000104,,,22.0,,
201002733,720000000,801000004,R_000105,,,,,
201002733,640000000,801000005,R_000106,,,,,
201002776,201000129,801000001,R_000107,200,g,,蛋白质,True
201002776,201002778,801000001,R_000108,30,g,,蔬菜,True
201002776,201000779,801000001,R_000109,2,g,,调料,False
201002776,201000009,801000001,R_000110,300,ml,,调料,False
201002776,201000083,801000001,R_000111,5,g,,调料,False
201002776,201000113,801000001,R_000112,30,ml,,调料,False
201002776,201000112,801000001,R_000113,20,ml,,调料,False
201002776,201000087,801000001,R_000114,1,个,,蔬菜,False
201002776,201001899,801000001,R_000115,10,g,,蔬菜,False
201002776,201000228,801000001,R_000116,2,g,,调料,False
201002776,201000111,801000001,R_000117,2,g,,调料,False
201002776,201002788,801000003,R_000118,,,1.0,,
201002776,201002789,801000003,R_000119,,,2.0,,
201002776,201002790,801000003,R_000120,,,3.0,,
201002776,201002791,801000003,R_000121,,,4.0,,
201002776,201002792,801000003,R_000122,,,5.0,,
201002776,201002793,801000003,R_000123,,,6.0,,
201002776,201002794,801000003,R_000124,,,7.0,,
201002776,201002795,801000003,R_000125,,,8.0,,
201002776,201002796,801000003,R_000126,,,9.0,,
201002776,720000000,801000004,R_000127,,,,,
201002776,640000000,801000005,R_000128,,,,,
201002797,201001631,801000001,R_000129,300,g,,蛋白质,True
201002797,201002799,801000001,R_000130,100,g,,蔬菜,True
201002797,201000006,801000001,R_000131,1,个,,蛋白质,False
201002797,201000086,801000001,R_000132,5,根,,蔬菜,False
201002797,201000242,801000001,R_000133,10,g,,调料,False
201002797,201000028,801000001,R_000134,10,ml,,调料,False
201002797,201000295,801000001,R_000135,15,g,,淀粉类,False
201002797,201002805,801000001,R_000136,5,g,,调料,False
201002797,201000027,801000001,R_000137,20,g,,调料,False
201002797,201000063,801000001,R_000138,3,瓣,,调料,False
201002797,201002808,801000001,R_000139,1,根,,蔬菜,False
201002797,201000084,801000001,R_000140,8,g,,调料,False
201002797,201002810,801000003,R_000141,,,1.0,,
201002797,201002811,801000003,R_000142,,,2.0,,
201002797,201002812,801000003,R_000143,,,3.0,,
201002797,201002813,801000003,R_000144,,,4.0,,
201002797,201002814,801000003,R_000145,,,5.0,,
201002797,201002815,801000003,R_000146,,,6.0,,
201002797,201002816,801000003,R_000147,,,7.0,,
201002797,201002817,801000003,R_000148,,,8.0,,
201002797,201002818,801000003,R_000149,,,9.0,,
201002797,201002819,801000003,R_000150,,,10.0,,
201002797,201002820,801000003,R_000151,,,11.0,,
201002797,720000000,801000004,R_000152,,,,,
201002797,630000000,801000005,R_000153,,,,,
201002821,201002822,801000001,R_000154,500,g,,蛋白质,True
201002821,201000102,801000001,R_000155,1,节,,蔬菜,False
201002821,201000339,801000001,R_000156,2,根,,蔬菜,False
201002821,201000112,801000001,R_000157,30,g,,调料,False
201002821,201002808,801000001,R_000158,1,颗,,蔬菜,False
201002821,201000854,801000001,R_000159,3,片,,调料,False
201002821,201000009,801000001,R_000160,20,ml,,调料,False
201002821,201002829,801000003,R_000161,,,1.0,,
201002821,201002830,801000003,R_000162,,,2.0,,
201002821,201002831,801000003,R_000163,,,3.0,,
201002821,201002832,801000003,R_000164,,,4.0,,
201002821,201002833,801000003,R_000165,,,5.0,,
201002821,201002834,801000003,R_000166,,,6.0,,
201002821,201002835,801000003,R_000167,,,7.0,,
201002821,201002836,801000003,R_000168,,,8.0,,
201002821,720000000,801000004,R_000169,,,,,
201002821,630000000,801000005,R_000170,,,,,
201002837,201002284,801000001,R_000171,500,g,,蛋白质,True
201002837,201000009,801000001,R_000172,10,g,,调料,False
201002837,201000163,801000001,R_000173,5,片,,调料,False
201002837,201000027,801000001,R_000174,3,片,,蔬菜,False
201002837,201000165,801000001,R_000175,1,小块,,调料,False
201002837,201000213,801000001,R_000176,6,颗,,调料,False
201002837,201000028,801000001,R_000177,20,g,,调料,False
201002837,201000112,801000001,R_000178,5,g,,调料,False
201002837,201000113,801000001,R_000179,2,g,,调料,False
201002837,201000049,801000001,R_000180,2,g,,调料,False
201002837,201000107,801000001,R_000181,3,颗,,调料,False
201002837,201002849,801000001,R_000182,适量,,,调料,False
201002837,201000010,801000001,R_000183,没过肉,,,其他,False
201002837,201002851,801000003,R_000184,,,1.0,,
201002837,201002852,801000003,R_000185,,,2.0,,
201002837,201002853,801000003,R_000186,,,3.0,,
201002837,201002854,801000003,R_000187,,,4.0,,
201002837,201002855,801000003,R_000188,,,5.0,,
201002837,201002856,801000003,R_000189,,,6.0,,
201002837,720000000,801000004,R_000190,,,,,
201002837,630000000,801000005,R_000191,,,,,
201002857,201002858,801000001,R_000192,1000,克,,蛋白质,True
201002857,201002859,801000001,R_000193,100,克,,淀粉类,False
201002857,201002860,801000001,R_000194,300,克,,淀粉类,False
201002857,201002861,801000001,R_000195,50,克,,淀粉类,False
201002857,201002862,801000001,R_000196,50,克,,调料,False
201002857,201000047,801000001,R_000197,5,克,,调料,False
201002857,201000129,801000001,R_000198,50,克,,蛋白质,False
201002857,201001598,801000001,R_000199,20,克,,蔬菜,False
201002857,201000049,801000001,R_000200,10,克,,调料,False
201002857,201000009,801000001,R_000201,10,克,,调料,False
201002857,201000010,801000001,R_000202,100,克,,其他,False
201002857,201002869,801000003,R_000203,,,1.0,,
201002857,201002870,801000003,R_000204,,,2.0,,
201002857,201002871,801000003,R_000205,,,3.0,,
201002857,201002872,801000003,R_000206,,,4.0,,
201002857,201002873,801000003,R_000207,,,5.0,,
201002857,201002874,801000003,R_000208,,,6.0,,
201002857,201002875,801000003,R_000209,,,7.0,,
201002857,720000000,801000004,R_000210,,,,,
201002857,640000000,801000005,R_000211,,,,,
201002876,201002877,801000001,R_000212,475,克,,蛋白质,True
201002876,201000195,801000001,R_000213,12.5,毫升,,调料,False
201002876,201000321,801000001,R_000214,22.5,克,,调料,False
201002876,201000186,801000001,R_000215,5,克,,调料,False
201002876,201000187,801000001,R_000216,2,克,,调料,False
201002876,201000008,801000001,R_000217,7.5,克,,调料,False
201002876,201002883,801000001,R_000218,2,克,,调料,False
201002876,201002884,801000001,R_000219,7.5,个,,蔬菜,False
201002876,201002885,801000001,R_000220,7.5,个,,蔬菜,False
201002876,201002886,801000001,R_000221,7.5,个,,蔬菜,False
201002876,201002887,801000003,R_000222,,,1.0,,
201002876,201002888,801000003,R_000223,,,2.0,,
201002876,201002889,801000003,R_000224,,,3.0,,
201002876,201002890,801000003,R_000225,,,4.0,,
201002876,201002891,801000003,R_000226,,,5.0,,
201002876,201002892,801000003,R_000227,,,6.0,,
201002876,201002893,801000003,R_000228,,,7.0,,
201002876,201002894,801000003,R_000229,,,8.0,,
201002876,201002895,801000003,R_000230,,,9.0,,
201002876,201002896,801000003,R_000231,,,10.0,,
201002876,201002897,801000003,R_000232,,,11.0,,
201002876,201002898,801000003,R_000233,,,12.0,,
201002876,720000000,801000004,R_000234,,,,,
201002876,640000000,801000005,R_000235,,,,,
201002899,201002900,801000001,R_000236,1000,g,,蛋白质,True
201002899,201000373,801000001,R_000237,4000,g,,其他,False
201002899,201000049,801000001,R_000238,13,g,,调料,False
201002899,201000088,801000001,R_000239,10,g,,调料,False
201002899,201000111,801000001,R_000240,15,g,,调料,False
201002899,201000112,801000001,R_000241,50,ml,,调料,False
201002899,201000113,801000001,R_000242,20,ml,,调料,False
201002899,201000062,801000001,R_000243,20,g,,蔬菜,False
201002899,201000854,801000001,R_000244,20,g,,蔬菜,False
201002899,201000107,801000001,R_000245,10,g,,调料,False
201002899,201000167,801000001,R_000246,5,g,,调料,False
201002899,201000028,801000001,R_000247,50,ml,,调料,False
201002899,201000294,801000001,R_000248,20,g,,调料,False
201002899,201002913,801000003,R_000249,,,1.0,,
201002899,201002914,801000003,R_000250,,,2.0,,
201002899,201002915,801000003,R_000251,,,3.0,,
201002899,201002916,801000003,R_000252,,,4.0,,
201002899,201002917,801000003,R_000253,,,5.0,,
201002899,201002918,801000003,R_000254,,,6.0,,
201002899,201002919,801000003,R_000255,,,7.0,,
201002899,720000000,801000004,R_000256,,,,,
201002899,650000000,801000005,R_000257,,,,,
201002920,201002921,801000001,R_000001,200,g,,蛋白质,True
201002920,201001901,801000001,R_000002,200,g,,蔬菜,True
201002920,201001436,801000001,R_000003,2,根,,蔬菜,False
201002920,201000007,801000001,R_000004,5,g,,淀粉类,False
201002920,201000112,801000001,R_000005,15,g,,调料,False
201002920,201000113,801000001,R_000006,3,g,,调料,False
201002920,201000228,801000001,R_000007,2,g,,调料,False
201002920,201000009,801000001,R_000008,10,ml,,调料,False
201002920,201002929,801000003,R_000009,,,1.0,,
201002920,201002930,801000003,R_000010,,,2.0,,
201002920,201002931,801000003,R_000011,,,3.0,,
201002920,201002932,801000003,R_000012,,,4.0,,
201002920,201002933,801000003,R_000013,,,5.0,,
201002920,201002934,801000003,R_000014,,,6.0,,
201002920,201002935,801000003,R_000015,,,7.0,,
201002920,201002936,801000003,R_000016,,,8.0,,
201002920,720000000,801000004,R_000017,,,,,
201002920,630000000,801000005,R_000018,,,,,
201002937,201001701,801000001,R_000019,300,g,,蛋白质,True
201002937,201000083,801000001,R_000020,30,g,,调料,False
201002937,201000009,801000001,R_000021,300,ml,,调料,False
201002937,201000112,801000001,R_000022,5,ml,,调料,False
201002937,201000084,801000001,R_000023,5,ml,,调料,False
201002937,201000113,801000001,R_000024,5,ml,,调料,False
201002937,201000111,801000001,R_000025,2,g,,调料,False
201002937,201000854,801000001,R_000026,2,片,,调料,False
201002937,201000281,801000001,R_000027,2,g,,调料,False
201002937,201000292,801000001,R_000028,10,g,,调料,False
201002937,201000282,801000001,R_000029,5,ml,,调料,False
201002937,201000779,801000001,R_000030,2,g,,调料,False
201002937,201002950,801000003,R_000031,,,1.0,,
201002937,201002951,801000003,R_000032,,,2.0,,
201002937,201002952,801000003,R_000033,,,3.0,,
201002937,201002953,801000003,R_000034,,,4.0,,
201002937,201002954,801000003,R_000035,,,5.0,,
201002937,201002955,801000003,R_000036,,,6.0,,
201002937,201002956,801000003,R_000037,,,7.0,,
201002937,720000000,801000004,R_000038,,,,,
201002937,640000000,801000005,R_000039,,,,,
201002957,201002958,801000001,R_000040,2~3,根,,蛋白质,True
201002957,201000009,801000001,R_000041,30,毫升,,调料,False
201002957,201000163,801000001,R_000042,2,片,,调料,False
201002957,201000027,801000001,R_000043,5,片,,蔬菜,False
201002957,201000062,801000001,R_000044,0.5,根,,蔬菜,False
201002957,201000165,801000001,R_000045,1,块,,调料,False
201002957,201000213,801000001,R_000046,7-8,粒,,调料,False
201002957,201000028,801000001,R_000047,30,毫升,,调料,False
201002957,201000112,801000001,R_000048,20,毫升,,调料,False
201002957,201000113,801000001,R_000049,20,毫升,,调料,False
201002957,201000049,801000001,R_000050,8,克,,调料,False
201002957,201000107,801000001,R_000051,4,个,,调料,False
201002957,201002970,801000003,R_000052,,,1.0,,
201002957,201002971,801000003,R_000053,,,2.0,,
201002957,201002972,801000003,R_000054,,,3.0,,
201002957,201002973,801000003,R_000055,,,4.0,,
201002957,201002974,801000003,R_000056,,,5.0,,
201002957,201002975,801000003,R_000057,,,6.0,,
201002957,201002976,801000003,R_000058,,,7.0,,
201002957,201002977,801000003,R_000059,,,8.0,,
201002957,720000000,801000004,R_000060,,,,,
201002957,640000000,801000005,R_000061,,,,,
201002978,201002979,801000001,R_000062,1000,克,,蛋白质,True
201002978,201000078,801000001,R_000063,100-150,毫升,,调料,False
201002978,201000027,801000001,R_000064,6,片,,蔬菜,False
201002978,201000213,801000001,R_000065,15,块,,调料,False
201002978,201000083,801000001,R_000066,30,克,,调料,False
201002978,201000113,801000001,R_000067,15,毫升,,调料,False
201002978,201000028,801000001,R_000068,20,毫升,,调料,False
201002978,201002986,801000001,R_000069,没过食材,适量,,其他,False
201002978,201000010,801000001,R_000070,没过食材,适量,,其他,False
201002978,201000163,801000001,R_000071,4,片,,调料,False
201002978,201000107,801000001,R_000072,3,个,,调料,False
201002978,201000049,801000001,R_000073,2-3,克,,调料,False
201002978,201000167,801000001,R_000074,10,克,,调料,False
201002978,201000062,801000001,R_000075,适量,根,,蔬菜,False
201002978,201000063,801000001,R_000076,适量,瓣,,蔬菜,False
201002978,201002994,801000003,R_000077,,,1.0,,
201002978,201002995,801000003,R_000078,,,2.0,,
201002978,201002996,801000003,R_000079,,,3.0,,
201002978,201002997,801000003,R_000080,,,4.0,,
201002978,201002998,801000003,R_000081,,,5.0,,
201002978,201002999,801000003,R_000082,,,6.0,,
201002978,201003000,801000003,R_000083,,,7.0,,
201002978,201003001,801000003,R_000084,,,8.0,,
201002978,720000000,801000004,R_000085,,,,,
201002978,640000000,801000005,R_000086,,,,,
201003002,201002979,801000001,R_000087,3.5,斤,,蛋白质,True
201003002,201000027,801000001,R_000088,6,片,,蔬菜,False
201003002,201000213,801000001,R_000089,15,克,,调料,False
201003002,201000112,801000001,R_000090,10,毫升,,调料,False
201003002,201000113,801000001,R_000091,15,毫升,,调料,False
201003002,201000028,801000001,R_000092,5,毫升,,调料,False
201003002,201000010,801000001,R_000093,750,毫升,,其他,False
201003002,201000163,801000001,R_000094,3,片,,调料,False
201003002,201000107,801000001,R_000095,2,个,,调料,False
201003002,201003012,801000001,R_000096,1,个,,蛋白质,False
201003002,201003013,801000001,R_000097,40,克,,蛋白质,False
201003002,201000049,801000001,R_000098,2.5,克,,调料,False
201003002,201000062,801000001,R_000099,1,根,,蔬菜,False
201003002,201003016,801000003,R_000100,,,1.0,,
201003002,201003017,801000003,R_000101,,,2.0,,
201003002,201003018,801000003,R_000102,,,3.0,,
201003002,201003019,801000003,R_000103,,,4.0,,
201003002,201003020,801000003,R_000104,,,5.0,,
201003002,201003021,801000003,R_000105,,,6.0,,
201003002,201003022,801000003,R_000106,,,7.0,,
201003002,201003023,801000003,R_000107,,,8.0,,
201003002,201003024,801000003,R_000108,,,9.0,,
201003002,720000000,801000004,R_000109,,,,,
201003002,630000000,801000005,R_000110,,,,,
201003025,201003026,801000001,R_000111,500,克,,蛋白质,True
201003025,201000438,801000001,R_000112,2,个,,蔬菜,False
201003025,201002652,801000001,R_000113,2,个,,蔬菜,False
201003025,201000102,801000001,R_000114,适量,,,蔬菜,False
201003025,201000167,801000001,R_000115,适量,,,调料,False
201003025,201000077,801000001,R_000116,适量,,,调料,False
201003025,201000193,801000001,R_000117,4,片,,调料,False
201003025,201000083,801000001,R_000118,适量,,,调料,False
201003025,201000113,801000001,R_000119,适量,,,调料,False
201003025,201000049,801000001,R_000120,适量,,,调料,False
201003025,201003036,801000001,R_000121,300,克,,淀粉类,True
201003025,201003037,801000001,R_000122,3,克,,调料,False
201003025,201000373,801000001,R_000123,180,毫升,,其他,False
201003025,201003039,801000003,R_000124,,,1.0,,
201003025,201003040,801000003,R_000125,,,2.0,,
201003025,201003041,801000003,R_000126,,,3.0,,
201003025,201003042,801000003,R_000127,,,4.0,,
201003025,201003043,801000003,R_000128,,,5.0,,
201003025,201003044,801000003,R_000129,,,6.0,,
201003025,201003045,801000003,R_000130,,,7.0,,
201003025,201003046,801000003,R_000131,,,8.0,,
201003025,201003047,801000003,R_000132,,,9.0,,
201003025,720000000,801000004,R_000133,,,,,
201003025,640000000,801000005,R_000134,,,,,
201003048,201002958,801000001,R_000135,3,根,,蛋白质,True
201003048,201003050,801000001,R_000136,200,g,,淀粉类,False
201003048,201003051,801000001,R_000137,2,g,,调料,False
201003048,201000047,801000001,R_000138,5,g,,调料,False
201003048,201000854,801000001,R_000139,30,g,,蔬菜,False
201003048,201001899,801000001,R_000140,8,g,,蔬菜,False
201003048,201000111,801000001,R_000141,2,g,,调料,False
201003048,201000112,801000001,R_000142,25,g,,调料,False
201003048,201000618,801000001,R_000143,10,g,,蔬菜,False
201003048,201000062,801000001,R_000144,适量,,,蔬菜,False
201003048,201000027,801000001,R_000145,适量,,,蔬菜,False
201003048,201000028,801000001,R_000146,适量,,,调料,False
201003048,201000853,801000001,R_000147,适量,,,调料,False
201003048,201000049,801000001,R_000148,适量,,,调料,False
201003048,201000063,801000001,R_000149,适量,,,蔬菜,False
201003048,201000087,801000001,R_000150,适量,,,蔬菜,False
201003048,201000282,801000001,R_000151,适量,,,调料,False
201003048,201000788,801000001,R_000152,适量,,,调料,False
201003048,201002476,801000001,R_000153,适量,,,调料,False
201003048,201003068,801000003,R_000154,,,1.0,,
201003048,201003069,801000003,R_000155,,,2.0,,
201003048,201003070,801000003,R_000156,,,3.0,,
201003048,201003071,801000003,R_000157,,,4.0,,
201003048,201003072,801000003,R_000158,,,5.0,,
201003048,201003073,801000003,R_000159,,,6.0,,
201003048,201003074,801000003,R_000160,,,7.0,,
201003048,201003075,801000003,R_000161,,,8.0,,
201003048,720000000,801000004,R_000162,,,,,
201003048,640000000,801000005,R_000163,,,,,
201003076,201003077,801000001,R_000164,300,g,,蛋白质,True
201003076,201000102,801000001,R_000165,50,g,,蔬菜,False
201003076,201000027,801000001,R_000166,30,g,,蔬菜,False
201003076,201000063,801000001,R_000167,3.5,瓣,,蔬菜,False
201003076,201001855,801000001,R_000168,10,g,,蔬菜,False
201003076,201000086,801000001,R_000169,10,g,,蔬菜,False
201003076,201003083,801000001,R_000170,5,g,,调料,False
201003076,201000294,801000001,R_000171,40,g,,调料,False
201003076,201000134,801000001,R_000172,40,g,,调料,False
201003076,201000028,801000001,R_000173,20,ml,,调料,False
201003076,201000049,801000001,R_000174,8,g,,调料,False
201003076,201000088,801000001,R_000175,5,g,,调料,False
201003076,201003089,801000001,R_000176,5,ml,,调料,False
201003076,201001753,801000001,R_000177,210,g,,淀粉类,False
201003076,201003036,801000001,R_000178,70,g,,淀粉类,False
201003076,201003092,801000001,R_000179,5,g,,调料,False
201003076,201000009,801000001,R_000180,1000,ml,,其他,False
201003076,201003094,801000003,R_000181,,,1.0,,
201003076,201003095,801000003,R_000182,,,2.0,,
201003076,201003096,801000003,R_000183,,,3.0,,
201003076,201003097,801000003,R_000184,,,4.0,,
201003076,201003098,801000003,R_000185,,,5.0,,
201003076,201003099,801000003,R_000186,,,6.0,,
201003076,201003100,801000003,R_000187,,,7.0,,
201003076,201003101,801000003,R_000188,,,8.0,,
201003076,201003102,801000003,R_000189,,,9.0,,
201003076,720000000,801000004,R_000190,,,,,
201003076,640000000,801000005,R_000191,,,,,
201003103,201000320,801000001,R_000192,250,g,,蛋白质,True
201003103,201000063,801000001,R_000193,2,个,,蔬菜,False
201003103,201003106,801000001,R_000194,20,g,,调料,False
201003103,201000007,801000001,R_000195,10,g,,淀粉类,False
201003103,201000112,801000001,R_000196,30,g,,调料,False
201003103,201000778,801000001,R_000197,5,g,,调料,False
201003103,201000134,801000001,R_000198,3,g,,调料,False
201003103,201000084,801000001,R_000199,15,g,,调料,False
201003103,201000049,801000001,R_000200,3,g,,调料,False
201003103,201000340,801000001,R_000201,2,个,,蔬菜,False
201003103,201000321,801000001,R_000202,20,g,,其他,False
201003103,201000009,801000001,R_000203,80,ml,,其他,False
201003103,201003116,801000003,R_000204,,,1.0,,
201003103,201003117,801000003,R_000205,,,2.0,,
201003103,201003118,801000003,R_000206,,,3.0,,
201003103,201003119,801000003,R_000207,,,4.0,,
201003103,201003120,801000003,R_000208,,,5.0,,
201003103,720000000,801000004,R_000209,,,,,
201003103,630000000,801000005,R_000210,,,,,
201003121,201003122,801000001,R_000211,2,根,,蔬菜,True
201003121,201003123,801000001,R_000212,100,g,,蛋白质,True
201003121,201000295,801000001,R_000213,15,g,,淀粉类,False
201003121,201000009,801000001,R_000214,30,ml,,调料,False
201003121,201000111,801000001,R_000215,5,g,,调料,False
201003121,201000027,801000001,R_000216,1,片,,调料,False
201003121,201000063,801000001,R_000217,1,个,,调料,False
201003121,201000028,801000001,R_000218,5,ml,,调料,False
201003121,201000049,801000001,R_000219,2,g,,调料,False
201003121,201003131,801000003,R_000220,,,1.0,,
201003121,201003132,801000003,R_000221,,,2.0,,
201003121,201003133,801000003,R_000222,,,3.0,,
201003121,201003134,801000003,R_000223,,,4.0,,
201003121,201003135,801000003,R_000224,,,5.0,,
201003121,201003136,801000003,R_000225,,,6.0,,
201003121,201003137,801000003,R_000226,,,7.0,,
201003121,720000000,801000004,R_000227,,,,,
201003121,630000000,801000005,R_000228,,,,,
201003138,201003123,801000001,R_000001,150,g,,蛋白质,True
201003138,201003140,801000001,R_000002,100,g,,蔬菜,True
201003138,201000006,801000001,R_000003,1,个,,蛋白质,False
201003138,201000009,801000001,R_000004,500,ml,,调料,False
201003138,201000083,801000001,R_000005,5,g,,调料,False
201003138,201000295,801000001,R_000006,100,g,,淀粉类,False
201003138,201000112,801000001,R_000007,5,ml,,调料,False
201003138,201000111,801000001,R_000008,5,g,,调料,False
201003138,201001675,801000001,R_000009,5,g,,调料,False
201003138,201000281,801000001,R_000010,2,g,,调料,False
201003138,201000292,801000001,R_000011,20,g,,调料,False
201003138,201000282,801000001,R_000012,2,ml,,调料,False
201003138,201003151,801000001,R_000013,2,朵,,蔬菜,False
201003138,201003152,801000001,R_000014,30,g,,蔬菜,False
201003138,201003153,801000003,R_000015,,,1.0,,
201003138,201003154,801000003,R_000016,,,2.0,,
201003138,201003155,801000003,R_000017,,,3.0,,
201003138,201003156,801000003,R_000018,,,4.0,,
201003138,201003157,801000003,R_000019,,,5.0,,
201003138,201003158,801000003,R_000020,,,6.0,,
201003138,201003159,801000003,R_000021,,,7.0,,
201003138,201003160,801000003,R_000022,,,8.0,,
201003138,201003161,801000003,R_000023,,,9.0,,
201003138,201003162,801000003,R_000024,,,10.0,,
201003138,720000000,801000004,R_000025,,,,,
201003138,640000000,801000005,R_000026,,,,,
201003163,201003164,801000001,R_000027,50,个,,蔬菜,True
201003163,201003165,801000001,R_000028,100,g,,蛋白质,True
201003163,201000009,801000001,R_000029,10,ml,,调料,False
201003163,201000112,801000001,R_000030,10,ml,,调料,False
201003163,201003168,801000003,R_000031,,,1.0,,
201003163,201003169,801000003,R_000032,,,2.0,,
201003163,201003170,801000003,R_000033,,,3.0,,
201003163,201003171,801000003,R_000034,,,4.0,,
201003163,201003172,801000003,R_000035,,,5.0,,
201003163,201003173,801000003,R_000036,,,6.0,,
201003163,720000000,801000004,R_000037,,,,,
201003163,620000000,801000005,R_000038,,,,,
201003174,201003175,801000001,R_000039,2000,g,,蛋白质,True
201003174,201003176,801000001,R_000040,250,ml,,蛋白质,True
201003174,201000027,801000001,R_000041,6,片,,蔬菜,False
201003174,201003178,801000001,R_000042,6,瓣,,蔬菜,False
201003174,201000259,801000001,R_000043,2,根,,蔬菜,False
201003174,201003180,801000001,R_000044,1000,g,,蔬菜,False
201003174,201003181,801000001,R_000045,50,ml,,调料,False
201003174,201000373,801000001,R_000046,150,ml,,其他,False
201003174,201000112,801000001,R_000047,10,ml,,调料,False
201003174,201000028,801000001,R_000048,30,ml,,调料,False
201003174,201000049,801000001,R_000049,8,g,,调料,False
201003174,201000111,801000001,R_000050,5,g,,调料,False
201003174,201000009,801000001,R_000051,100,ml,,调料,False
201003174,201003188,801000001,R_000052,3-6,滴,,调料,False
201003174,201003189,801000003,R_000053,,,1.0,,
201003174,201003190,801000003,R_000054,,,2.0,,
201003174,201003191,801000003,R_000055,,,3.0,,
201003174,201003192,801000003,R_000056,,,4.0,,
201003174,201003193,801000003,R_000057,,,5.0,,
201003174,201003194,801000003,R_000058,,,6.0,,
201003174,201003195,801000003,R_000059,,,7.0,,
201003174,720000000,801000004,R_000060,,,,,
201003174,650000000,801000005,R_000061,,,,,
201003196,201001631,801000001,R_000062,600,克,,蛋白质,True
201003196,201000062,801000001,R_000063,1,根,,蔬菜,False
201003196,201000027,801000001,R_000064,4,片,,蔬菜,False
201003196,201000028,801000001,R_000065,35,毫升,,调料,False
201003196,201000167,801000001,R_000066,3,克,,调料,False
201003196,201000107,801000001,R_000067,0.5,个,,调料,False
201003196,201000163,801000001,R_000068,2,片,,调料,False
201003196,201000078,801000001,R_000069,15,毫升,,调料,False
201003196,201000134,801000001,R_000070,适量,,,调料,False
201003196,201000029,801000001,R_000071,15,毫升,,调料,False
201003196,201000113,801000001,R_000072,适量,,,调料,False
201003196,201000115,801000001,R_000073,2,克,,调料,False
201003196,201001901,801000001,R_000074,3,个,,蔬菜,True
201003196,201003210,801000001,R_000075,3,个,,蔬菜,True
201003196,201000004,801000001,R_000076,1,个,,蔬菜,True
201003196,201003212,801000003,R_000077,,,1.0,,
201003196,201003213,801000003,R_000078,,,2.0,,
201003196,201003214,801000003,R_000079,,,3.0,,
201003196,201003215,801000003,R_000080,,,4.0,,
201003196,201003216,801000003,R_000081,,,5.0,,
201003196,201003217,801000003,R_000082,,,6.0,,
201003196,201003218,801000003,R_000083,,,7.0,,
201003196,201003219,801000003,R_000084,,,8.0,,
201003196,201003220,801000003,R_000085,,,9.0,,
201003196,201003221,801000003,R_000086,,,10.0,,
201003196,201003222,801000003,R_000087,,,11.0,,
201003196,201003223,801000003,R_000088,,,12.0,,
201003196,720000000,801000004,R_000089,,,,,
201003196,640000000,801000005,R_000090,,,,,
201003224,201003210,801000001,R_000091,3.5,个,,蔬菜,True
201003224,201002602,801000001,R_000092,500,克,,蛋白质,True
201003224,201000009,801000001,R_000093,25,毫升,,调料,False
201003224,201003228,801000001,R_000094,2,段,,调料,False
201003224,201000854,801000001,R_000095,2,片,,调料,False
201003224,201000618,801000001,R_000096,10,克,,调料,False
201003224,201000027,801000001,R_000097,10,克,,调料,False
201003224,201000112,801000001,R_000098,适量,,,调料,False
201003224,201000047,801000001,R_000099,适量,,,调料,False
201003224,201000134,801000001,R_000100,适量,,,调料,False
201003224,201003235,801000001,R_000101,7.5,毫升,,调料,False
201003224,201000107,801000001,R_000102,3,小片,,调料,False
201003224,201000049,801000001,R_000103,适量,,,调料,False
201003224,201003238,801000003,R_000104,,,1.0,,
201003224,201003239,801000003,R_000105,,,2.0,,
201003224,201003240,801000003,R_000106,,,3.0,,
201003224,201003241,801000003,R_000107,,,4.0,,
201003224,201003242,801000003,R_000108,,,5.0,,
201003224,201003243,801000003,R_000109,,,6.0,,
201003224,201003244,801000003,R_000110,,,7.0,,
201003224,720000000,801000004,R_000111,,,,,
201003224,650000000,801000005,R_000112,,,,,
201003245,201003246,801000001,R_000113,500,g,,蔬菜,True
201003245,201003247,801000001,R_000114,250,g,,蛋白质,True
201003245,201000063,801000001,R_000115,4,瓣,,调料,False
201003245,201000112,801000001,R_000116,20,g,,调料,False
201003245,201000134,801000001,R_000117,3,g,,调料,False
201003245,201000009,801000001,R_000118,15,ml,,调料,False
201003245,201003252,801000003,R_000119,,,1.0,,
201003245,201003253,801000003,R_000120,,,2.0,,
201003245,201003254,801000003,R_000121,,,3.0,,
201003245,201003255,801000003,R_000122,,,4.0,,
201003245,201003256,801000003,R_000123,,,5.0,,
201003245,720000000,801000004,R_000124,,,,,
201003245,620000000,801000005,R_000125,,,,,
201003257,201003258,801000001,R_000126,250,g,,蛋白质,True
201003257,201000044,801000001,R_000127,1,汤匙,,调料,False
201003257,201000829,801000001,R_000128,2,瓣,,调料,False
201003257,201000027,801000001,R_000129,3,片,,调料,False
201003257,201000062,801000001,R_000130,1,根,,蔬菜,False
201003257,201000112,801000001,R_000131,1.5,汤匙,,调料,False
201003257,201000113,801000001,R_000132,0.5,茶匙,,调料,False
201003257,201000050,801000001,R_000133,0.5,茶匙,,调料,False
201003257,201001788,801000001,R_000134,0.5,茶匙,,调料,False
201003257,201000007,801000001,R_000135,1,茶匙,,淀粉类,False
201003257,201000373,801000001,R_000136,1,汤匙,,其他,False
201003257,201001432,801000001,R_000137,少许,,,蔬菜,False
201003257,201003270,801000003,R_000138,,,1.0,,
201003257,201003271,801000003,R_000139,,,2.0,,
201003257,201003272,801000003,R_000140,,,3.0,,
201003257,201003273,801000003,R_000141,,,4.0,,
201003257,201003274,801000003,R_000142,,,5.0,,
201003257,720000000,801000004,R_000143,,,,,
201003257,630000000,801000005,R_000144,,,,,
201003275,201003276,801000001,R_000145,4,斤,,蛋白质,True
201003275,201000174,801000001,R_000146,0.5,瓶,,调料,False
201003275,201000027,801000001,R_000147,2,个,,调料,False
201003275,201003279,801000001,R_000148,500,克,,调料,False
201003275,201001436,801000001,R_000149,3,根,,蔬菜,False
201003275,201000163,801000001,R_000150,2,片,,调料,False
201003275,201000008,801000001,R_000151,2,个,,调料,False
201003275,201001901,801000001,R_000152,2,个,,淀粉类,False
201003275,201000046,801000001,R_000153,2,斤,,调料,False
201003275,201000113,801000001,R_000154,20,毫升,,调料,False
201003275,201000167,801000001,R_000155,适量,,,调料,False
201003275,201000242,801000001,R_000156,适量,,,调料,False
201003275,201003288,801000001,R_000157,适量,,,调料,False
201003275,201003289,801000003,R_000158,,,1.0,,
201003275,201003290,801000003,R_000159,,,2.0,,
201003275,201003291,801000003,R_000160,,,3.0,,
201003275,201003292,801000003,R_000161,,,4.0,,
201003275,201003293,801000003,R_000162,,,5.0,,
201003275,201003294,801000003,R_000163,,,6.0,,
201003275,201003295,801000003,R_000164,,,7.0,,
201003275,720000000,801000004,R_000165,,,,,
201003275,640000000,801000005,R_000166,,,,,
201003296,201001701,801000001,R_000167,300,g,,蛋白质,True
201003296,201000779,801000001,R_000168,20,g,,调料,False
201003296,201000028,801000001,R_000169,10,ml,,调料,False
201003296,201000009,801000001,R_000170,30,ml,,调料,False
201003296,201000083,801000001,R_000171,15,g,,调料,False
201003296,201000113,801000001,R_000172,10,ml,,调料,False
201003296,201000112,801000001,R_000173,10,ml,,调料,False
201003296,201000084,801000001,R_000174,5,ml,,调料,False
201003296,201000087,801000001,R_000175,1,个,,蔬菜,False
201003296,201000063,801000001,R_000176,2,粒,,蔬菜,False
201003296,201000027,801000001,R_000177,2,片,,蔬菜,False
201003296,201003308,801000003,R_000178,,,1.0,,
201003296,201003309,801000003,R_000179,,,2.0,,
201003296,201003310,801000003,R_000180,,,3.0,,
201003296,201003311,801000003,R_000181,,,4.0,,
201003296,201003312,801000003,R_000182,,,5.0,,
201003296,201003313,801000003,R_000183,,,6.0,,
201003296,720000000,801000004,R_000184,,,,,
201003296,640000000,801000005,R_000185,,,,,
201003314,201001631,801000001,R_000186,2000,克,,蛋白质,True
201003314,201000163,801000001,R_000187,1,片,,调料,False
201003314,201000027,801000001,R_000188,3,片,,调料,False
201003314,201000062,801000001,R_000189,0.5,根,,蔬菜,False
201003314,201000113,801000001,R_000190,15,毫升,,调料,False
201003314,201000165,801000001,R_000191,1,块,,调料,False
201003314,201000213,801000001,R_000192,7,粒,,调料,False
201003314,201000167,801000001,R_000193,15,粒,,调料,False
201003314,201000028,801000001,R_000194,30,毫升,,调料,False
201003314,201000112,801000001,R_000195,15,毫升,,调料,False
201003314,201000049,801000001,R_000196,8,克,,调料,False
201003314,201000107,801000001,R_000197,4,个,,调料,False
201003314,201000173,801000001,R_000198,15,毫升,,调料,False
201003314,201003328,801000003,R_000199,,,1.0,,
201003314,201003329,801000003,R_000200,,,2.0,,
201003314,201003330,801000003,R_000201,,,3.0,,
201003314,201003331,801000003,R_000202,,,4.0,,
201003314,201003332,801000003,R_000203,,,5.0,,
201003314,201003333,801000003,R_000204,,,6.0,,
201003314,201003334,801000003,R_000205,,,7.0,,
201003314,201003335,801000003,R_000206,,,8.0,,
201003314,720000000,801000004,R_000207,,,,,
201003314,650000000,801000005,R_000208,,,,,
201003336,201001701,801000001,R_000001,200,g,,蛋白质,True
201003336,201000083,801000001,R_000002,10,g,,调料,False
201003336,201000009,801000001,R_000003,500,ml,,调料,False
201003336,201003340,801000001,R_000004,5,ml,,调料,False
201003336,201000281,801000001,R_000005,5,g,,调料,False
201003336,201000292,801000001,R_000006,5,g,,调料,False
201003336,201000282,801000001,R_000007,5,ml,,调料,False
201003336,201000829,801000001,R_000008,2,粒,,蔬菜,False
201003336,201000062,801000001,R_000009,1,根,,蔬菜,False
201003336,201003346,801000001,R_000010,30,g,,淀粉类,False
201003336,201003347,801000001,R_000011,1,个,,蛋白质,False
201003336,201003348,801000003,R_000012,,,1.0,,
201003336,201003349,801000003,R_000013,,,2.0,,
201003336,201003350,801000003,R_000014,,,3.0,,
201003336,201003351,801000003,R_000015,,,4.0,,
201003336,201003352,801000003,R_000016,,,5.0,,
201003336,201003353,801000003,R_000017,,,6.0,,
201003336,201003354,801000003,R_000018,,,7.0,,
201003336,720000000,801000004,R_000019,,,,,
201003336,640000000,801000005,R_000020,,,,,
201003355,201000438,801000001,R_000021,200,g,,蔬菜,True
201003355,201001901,801000001,R_000022,300,g,,蔬菜,True
201003355,201002163,801000001,R_000023,200,g,,蛋白质,True
201003355,201000062,801000001,R_000024,10,g,,蔬菜,False
201003355,201000027,801000001,R_000025,5,g,,蔬菜,False
201003355,201000063,801000001,R_000026,12,g,,蔬菜,False
201003355,201000049,801000001,R_000027,7,g,,调料,False
201003355,201000029,801000001,R_000028,6-10,ml,,调料,False
201003355,201000009,801000001,R_000029,10-15,ml,,调料,False
201003355,201001753,801000001,R_000030,5,g,,淀粉类,False
201003355,201000373,801000001,R_000031,15,g,,其他,False
201003355,201003367,801000003,R_000032,,,1.0,,
201003355,201003368,801000003,R_000033,,,2.0,,
201003355,201003369,801000003,R_000034,,,3.0,,
201003355,201003370,801000003,R_000035,,,4.0,,
201003355,201003371,801000003,R_000036,,,5.0,,
201003355,720000000,801000004,R_000037,,,,,
201003355,630000000,801000005,R_000038,,,,,
201003372,201003373,801000001,R_000039,150,g,,蛋白质,True
201003372,201003374,801000001,R_000040,4,根,,蔬菜,True
201003372,201001782,801000001,R_000041,200,g,,蛋白质,True
201003372,201000008,801000001,R_000042,2,瓣,,蔬菜,False
201003372,201003180,801000001,R_000043,4,个,,蔬菜,False
201003372,201000167,801000001,R_000044,6,粒,,调料,False
201003372,201000049,801000001,R_000045,5,g,,调料,False
201003372,201000111,801000001,R_000046,3,g,,调料,False
201003372,201000113,801000001,R_000047,8,ml,,调料,False
201003372,201000084,801000001,R_000048,5,ml,,调料,False
201003372,201000009,801000001,R_000049,10-15,ml,,调料,False
201003372,201003384,801000003,R_000050,,,1.0,,
201003372,201003385,801000003,R_000051,,,2.0,,
201003372,201003386,801000003,R_000052,,,3.0,,
201003372,201003387,801000003,R_000053,,,4.0,,
201003372,201003388,801000003,R_000054,,,5.0,,
201003372,201003389,801000003,R_000055,,,6.0,,
201003372,201003390,801000003,R_000056,,,7.0,,
201003372,201003391,801000003,R_000057,,,8.0,,
201003372,201003392,801000003,R_000058,,,9.0,,
201003372,201003393,801000003,R_000059,,,10.0,,
201003372,201003394,801000003,R_000060,,,11.0,,
201003372,720000000,801000004,R_000061,,,,,
201003372,630000000,801000005,R_000062,,,,,
201003395,201003396,801000001,R_000063,1,条,,蛋白质,True
201003395,201000578,801000001,R_000064,1,朵,,蔬菜,True
201003395,201000009,801000001,R_000065,5,毫升,,调料,False
201003395,201000029,801000001,R_000066,8,克,,调料,False
201003395,201000049,801000001,R_000067,1,克,,调料,False
201003395,201000088,801000001,R_000068,1,克,,调料,False
201003395,201000028,801000001,R_000069,10,克,,调料,False
201003395,201000027,801000001,R_000070,2,片,,调料,False
201003395,201000008,801000001,R_000071,2,朵,,调料,False
201003395,201000242,801000001,R_000072,适量,,,调料,False
201003395,201003406,801000003,R_000073,,,1.0,,
201003395,201003407,801000003,R_000074,,,2.0,,
201003395,201003408,801000003,R_000075,,,3.0,,
201003395,201003409,801000003,R_000076,,,4.0,,
201003395,201003410,801000003,R_000077,,,5.0,,
201003395,201003411,801000003,R_000078,,,6.0,,
201003395,720000000,801000004,R_000079,,,,,
201003395,630000000,801000005,R_000080,,,,,
201003412,201003413,801000001,R_000081,2,个,,蛋白质,True
201003412,201003414,801000001,R_000082,5,粒,,蔬菜,True
201003412,201000027,801000001,R_000083,2,片,,蔬菜,False
201003412,201000062,801000001,R_000084,2,颗,,蔬菜,False
201003412,201000063,801000001,R_000085,2,瓣,,蔬菜,False
201003412,201003418,801000001,R_000086,150,毫升,,其他,False
201003412,201000028,801000001,R_000087,15,毫升,,调料,False
201003412,201000112,801000001,R_000088,45,毫升,,调料,False
201003412,201000049,801000001,R_000089,1.5,克,,调料,False
201003412,201000113,801000001,R_000090,15,毫升,,调料,False
201003412,201000050,801000001,R_000091,15,毫升,,调料,False
201003412,201000786,801000001,R_000092,5,毫升,,调料,False
201003412,201003425,801000003,R_000093,,,1.0,,
201003412,201003426,801000003,R_000094,,,2.0,,
201003412,201003427,801000003,R_000095,,,3.0,,
201003412,201003428,801000003,R_000096,,,4.0,,
201003412,201003429,801000003,R_000097,,,5.0,,
201003412,201003430,801000003,R_000098,,,6.0,,
201003412,201003431,801000003,R_000099,,,7.0,,
201003412,201003432,801000003,R_000100,,,8.0,,
201003412,201003433,801000003,R_000101,,,9.0,,
201003412,201003434,801000003,R_000102,,,10.0,,
201003412,720000000,801000004,R_000103,,,,,
201003412,630000000,801000005,R_000104,,,,,
201003435,201002674,801000001,R_000105,500,克,,蛋白质,True
201003435,201000163,801000001,R_000106,3,片,,调料,False
201003435,201000107,801000001,R_000107,3,个,,调料,False
201003435,201000087,801000001,R_000108,6,个,,蔬菜,False
201003435,201000027,801000001,R_000109,10,克,,蔬菜,False
201003435,201000063,801000001,R_000110,10,克,,蔬菜,False
201003435,201000062,801000001,R_000111,2,根,,蔬菜,False
201003435,201000084,801000001,R_000112,3,克,,调料,False
201003435,201000028,801000001,R_000113,适量,,,调料,False
201003435,201000112,801000001,R_000114,适量,,,调料,False
201003435,201000113,801000001,R_000115,适量,,,调料,False
201003435,201003447,801000001,R_000116,可选,,,调料,False
201003435,201000779,801000001,R_000117,适量,,,调料,False
201003435,201000049,801000001,R_000118,适量,,,调料,False
201003435,201000111,801000001,R_000119,适量,,,调料,False
201003435,201003451,801000003,R_000120,,,1.0,,
201003435,201003452,801000003,R_000121,,,2.0,,
201003435,201003453,801000003,R_000122,,,3.0,,
201003435,201003454,801000003,R_000123,,,4.0,,
201003435,201003455,801000003,R_000124,,,5.0,,
201003435,201003456,801000003,R_000125,,,6.0,,
201003435,201003457,801000003,R_000126,,,7.0,,
201003435,201003458,801000003,R_000127,,,8.0,,
201003435,720000000,801000004,R_000128,,,,,
201003435,640000000,801000005,R_000129,,,,,
201003459,201003460,801000001,R_000130,2,根,,蔬菜,True
201003459,201003461,801000001,R_000131,20,克,,蛋白质,True
201003459,201000049,801000001,R_000132,3-5,克,,调料,False
201003459,201000050,801000001,R_000133,5-10,克,,调料,False
201003459,201000088,801000001,R_000134,5,克,,调料,False
201003459,201000112,801000001,R_000135,10,毫升,,调料,False
201003459,201000113,801000001,R_000136,5,毫升,,调料,False
201003459,201000081,801000001,R_000137,10,毫升,,调料,False
201003459,201002187,801000001,R_000138,100,毫升,,淀粉类,False
201003459,201000242,801000001,R_000139,20-30,克,,调料,False
201003459,201000339,801000001,R_000140,适量,,,蔬菜,False
201003459,201000027,801000001,R_000141,适量,,,蔬菜,False
201003459,201000063,801000001,R_000142,适量,,,蔬菜,False
201003459,201000340,801000001,R_000143,适量,,,蔬菜,False
201003459,201003474,801000003,R_000144,,,1.0,,
201003459,201003475,801000003,R_000145,,,2.0,,
201003459,201003476,801000003,R_000146,,,3.0,,
201003459,201003477,801000003,R_000147,,,4.0,,
201003459,201003478,801000003,R_000148,,,5.0,,
201003459,201003479,801000003,R_000149,,,6.0,,
201003459,201003480,801000003,R_000150,,,7.0,,
201003459,720000000,801000004,R_000151,,,,,
201003459,630000000,801000005,R_000152,,,,,
201003481,201003482,801000001,R_000153,1,盒,,蛋白质,True
201003481,201003483,801000001,R_000154,1,枚,,蛋白质,True
201003481,201000129,801000001,R_000155,20,g,,蛋白质,True
201003481,201000008,801000001,R_000156,2,瓣,,蔬菜,False
201003481,201000193,801000001,R_000157,2,片,,蔬菜,False
201003481,201000087,801000001,R_000158,5,根,,蔬菜,False
201003481,201003488,801000001,R_000159,5,g,,调料,False
201003481,201000167,801000001,R_000160,20,颗,,调料,False
201003481,201000680,801000001,R_000161,3,g,,调料,False
201003481,201000029,801000001,R_000162,10,g,,调料,False
201003481,201000009,801000001,R_000163,10,ml,,其他,False
201003481,201000010,801000001,R_000164,适量,ml,,其他,False
201003481,201003494,801000003,R_000165,,,1.0,,
201003481,201003495,801000003,R_000166,,,2.0,,
201003481,201003496,801000003,R_000167,,,3.0,,
201003481,201003497,801000003,R_000168,,,4.0,,
201003481,201003498,801000003,R_000169,,,5.0,,
201003481,201003499,801000003,R_000170,,,6.0,,
201003481,201003500,801000003,R_000171,,,7.0,,
201003481,201003501,801000003,R_000172,,,8.0,,
201003481,201003502,801000003,R_000173,,,9.0,,
201003481,201003503,801000003,R_000174,,,10.0,,
201003481,201003504,801000003,R_000175,,,11.0,,
201003481,201003505,801000003,R_000176,,,12.0,,
201003481,201003506,801000003,R_000177,,,13.0,,
201003481,720000000,801000004,R_000178,,,,,
201003481,630000000,801000005,R_000179,,,,,
201003507,201001631,801000001,R_000180,100,克,,蛋白质,True
201003507,201000004,801000001,R_000181,1/12,个,,蔬菜,False
201003507,201002651,801000001,R_000182,1/12,个,,蔬菜,False
201003507,201000295,801000001,R_000183,3,克,,淀粉类,False
201003507,201003512,801000001,R_000184,1,克,,调料,False
201003507,201003513,801000001,R_000185,按商品说明,,,调料,False
201003507,201000049,801000001,R_000186,1,克,,调料,False
201003507,201000031,801000001,R_000187,10,毫升,,调料,False
201003507,201003516,801000003,R_000188,,,1.0,,
201003507,201003517,801000003,R_000189,,,2.0,,
201003507,201003518,801000003,R_000190,,,3.0,,
201003507,201003519,801000003,R_000191,,,4.0,,
201003507,201003520,801000003,R_000192,,,5.0,,
201003507,201003521,801000003,R_000193,,,6.0,,
201003507,201003522,801000003,R_000194,,,7.0,,
201003507,201003523,801000003,R_000195,,,8.0,,
201003507,201003524,801000003,R_000196,,,9.0,,
201003507,720000000,801000004,R_000197,,,,,
201003507,640000000,801000005,R_000198,,,,,
201003525,201003526,801000001,R_000199,200,克,,蛋白质,True
201003525,201000458,801000001,R_000200,300,克,,蔬菜,True
201003525,201000373,801000001,R_000201,750,毫升,,其他,False
201003525,201003529,801000003,R_000202,,,1.0,,
201003525,201003530,801000003,R_000203,,,2.0,,
201003525,201003531,801000003,R_000204,,,3.0,,
201003525,201003532,801000003,R_000205,,,4.0,,
201003525,201003533,801000003,R_000206,,,5.0,,
201003525,720000000,801000004,R_000207,,,,,
201003525,610000000,801000005,R_000208,,,,,
201003534,201003535,801000001,R_000001,300,g,,淀粉类,True
201003534,201003536,801000001,R_000002,,适量,,蛋白质,True
201003534,201003537,801000001,R_000003,30,g,,调料,False
201003534,201002147,801000001,R_000004,100,g,,蔬菜,True
201003534,201000240,801000001,R_000005,50,g,,蔬菜,True
201003534,201000008,801000001,R_000006,10,g,,调料,False
201003534,201000049,801000001,R_000007,,适量,,调料,False
201003534,201000111,801000001,R_000008,,适量,,调料,False
201003534,201000084,801000001,R_000009,,适量,,调料,False
201003534,201000112,801000001,R_000010,,适量,,调料,False
201003534,201000113,801000001,R_000011,,适量,,调料,False
201003534,201000786,801000001,R_000012,,适量,,调料,False
201003534,201000282,801000001,R_000013,,适量,,调料,False
201003534,201001712,801000001,R_000014,,可选,,调料,False
201003534,201003549,801000003,R_000015,,,1.0,,
201003534,201003550,801000003,R_000016,,,2.0,,
201003534,201003551,801000003,R_000017,,,3.0,,
201003534,201003552,801000003,R_000018,,,4.0,,
201003534,201003553,801000003,R_000019,,,5.0,,
201003534,201003554,801000003,R_000020,,,6.0,,
201003534,201003555,801000003,R_000021,,,7.0,,
201003534,201003556,801000003,R_000022,,,8.0,,
201003534,201003557,801000003,R_000023,,,9.0,,
201003534,630000000,801000005,R_000024,,,,,
201003558,201003559,801000001,R_000025,520,g,,淀粉类,True
201003558,201000117,801000001,R_000026,50,ml,,其他,False
201003558,201003561,801000003,R_000027,,,1.0,,
201003558,201003562,801000003,R_000028,,,2.0,,
201003558,201003563,801000003,R_000029,,,3.0,,
201003558,201003564,801000003,R_000030,,,4.0,,
201003558,201003565,801000003,R_000031,,,5.0,,
201003558,201003566,801000003,R_000032,,,1.0,,
201003558,201003567,801000003,R_000033,,,2.0,,
201003558,201003568,801000003,R_000034,,,3.0,,
201003558,201003569,801000003,R_000035,,,4.0,,
201003558,201003570,801000003,R_000036,,,5.0,,
201003558,610000000,801000005,R_000037,,,,,
201003571,201003572,801000001,R_000038,4500,g,,脂肪,True
201003571,201003573,801000001,R_000039,1000,ml,,脂肪,False
201003571,201000046,801000001,R_000040,1000,ml,,脂肪,False
201003571,201003575,801000001,R_000041,500,g,,脂肪,False
201003571,201000172,801000001,R_000042,1000,g,,调料,False
201003571,201003279,801000001,R_000043,3000,g,,调料,False
201003571,201001609,801000001,R_000044,400,g,,蔬菜,False
201003571,201000102,801000001,R_000045,100,g,,蔬菜,False
201003571,201000004,801000001,R_000046,100,g,,蔬菜,False
201003571,201000008,801000001,R_000047,300,g,,蔬菜,False
201003571,201003582,801000001,R_000048,10,g,,调料,False
201003571,201003583,801000001,R_000049,140,g,,调料,False
201003571,201003584,801000001,R_000050,150,g,,调料,False
201003571,201003585,801000001,R_000051,100,g,,调料,False
201003571,201003586,801000001,R_000052,150,g,,调料,False
201003571,201003587,801000001,R_000053,12.5,g,,调料,False
201003571,201003588,801000001,R_000054,150,ml,,调料,False
201003571,201000776,801000001,R_000055,15,g,,调料,False
201003571,201001469,801000001,R_000056,5,g,,调料,False
201003571,201000107,801000001,R_000057,10,g,,调料,False
201003571,201001438,801000001,R_000058,10,g,,调料,False
201003571,201003593,801000001,R_000059,10,g,,调料,False
201003571,201002339,801000001,R_000060,5,g,,调料,False
201003571,201001471,801000001,R_000061,10,g,,调料,False
201003571,201000853,801000001,R_000062,10,g,,调料,False
201003571,201003597,801000001,R_000063,5,g,,调料,False
201003571,201003598,801000001,R_000064,10,g,,调料,False
201003571,201002664,801000001,R_000065,10,g,,调料,False
201003571,201003600,801000001,R_000066,10,g,,调料,False
201003571,201001389,801000001,R_000067,5,g,,调料,False
201003571,201003602,801000001,R_000068,10,g,,调料,False
201003571,201003603,801000001,R_000069,10,g,,调料,False
201003571,201001470,801000001,R_000070,10,g,,调料,False
201003571,201000163,801000001,R_000071,10,g,,调料,False
201003571,201003606,801000003,R_000072,,,1.0,,
201003571,201003607,801000003,R_000073,,,2.0,,
201003571,201003608,801000003,R_000074,,,3.0,,
201003571,201003609,801000003,R_000075,,,4.0,,
201003571,201003610,801000003,R_000076,,,5.0,,
201003571,201003611,801000003,R_000077,,,6.0,,
201003571,201003612,801000003,R_000078,,,7.0,,
201003571,201003613,801000003,R_000079,,,8.0,,
201003571,201003614,801000003,R_000080,,,9.0,,
201003571,201003615,801000003,R_000081,,,10.0,,
201003571,201003616,801000003,R_000082,,,11.0,,
201003571,201003617,801000003,R_000083,,,12.0,,
201003571,650000000,801000005,R_000084,,,,,
201003618,201000614,801000001,R_000085,7,个,,其他,True
201003618,201000373,801000001,R_000086,14,个体积,,其他,False
201003618,201002683,801000001,R_000087,10,毫升,,调料,False
201003618,201000027,801000001,R_000088,50,克,,蔬菜,False
201003618,201000786,801000001,R_000089,2,滴,,调料,False
201003618,201003624,801000001,R_000090,3,瓣,,蔬菜,False
201003618,201003625,801000003,R_000091,,,1.0,,
201003618,201003626,801000003,R_000092,,,2.0,,
201003618,201003627,801000003,R_000093,,,3.0,,
201003618,201003628,801000003,R_000094,,,4.0,,
201003618,201003629,801000003,R_000095,,,5.0,,
201003618,201003630,801000003,R_000096,,,6.0,,
201003618,610000000,801000005,R_000097,,,,,
201003631,201003632,801000001,R_000098,16,个,,淀粉类,True
201003631,201000373,801000001,R_000099,600,毫升,,其他,False
201003631,201000049,801000001,R_000100,适量,,,调料,False
201003631,201000111,801000001,R_000101,适量,,,调料,False
201003631,201000778,801000001,R_000102,适量,,,调料,False
201003631,201000786,801000001,R_000103,适量,,,调料,False
201003631,201000086,801000001,R_000104,1,根,,蔬菜,False
201003631,201003639,801000003,R_000105,,,1.0,,
201003631,201003640,801000003,R_000106,,,2.0,,
201003631,201003641,801000003,R_000107,,,3.0,,
201003631,201003642,801000003,R_000108,,,4.0,,
201003631,620000000,801000005,R_000109,,,,,
201003643,201001000,801000001,R_000110,1,个,,淀粉类,True
201003643,201003645,801000001,R_000111,10,毫升,,其他,True
201003643,201003646,801000001,R_000112,10,克,,蛋白质,False
201003643,201003647,801000003,R_000113,,,1.0,,
201003643,201003648,801000003,R_000114,,,2.0,,
201003643,201003649,801000003,R_000115,,,3.0,,
201003643,201003650,801000003,R_000116,,,4.0,,
201003643,630000000,801000005,R_000117,,,,,
201003651,201003652,801000001,R_000118,400,克,,淀粉类,True
201003651,201003653,801000003,R_000119,,,1.0,,
201003651,201003654,801000003,R_000120,,,2.0,,
201003651,201003655,801000003,R_000121,,,3.0,,
201003651,201003656,801000003,R_000122,,,4.0,,
201003651,201003657,801000003,R_000123,,,5.0,,
201003651,620000000,801000005,R_000124,,,,,
201003658,201001945,801000001,R_000125,160,克,,蛋白质,True
201003658,201003660,801000001,R_000126,5,克,,调料,False
201003658,201000388,801000001,R_000127,20,克,,调料,False
201003658,201000321,801000001,R_000128,10,克,,其他,False
201003658,201003663,801000001,R_000129,20,克,,调料,False
201003658,201003664,801000001,R_000130,适量,克,,调料,False
201003658,201003665,801000003,R_000131,,,1.0,,
201003658,201003666,801000003,R_000132,,,2.0,,
201003658,201003667,801000003,R_000133,,,3.0,,
201003658,201003668,801000003,R_000134,,,4.0,,
201003658,630000000,801000005,R_000135,,,,,
201003669,201001484,801000001,R_000136,6,个,,蛋白质,True
201003669,201003664,801000001,R_000137,适量,,,调料,False
201003669,201003672,801000001,R_000138,适量,,,调料,False
201003669,201003673,801000003,R_000139,,,1.0,,
201003669,201003674,801000003,R_000140,,,2.0,,
201003669,201003675,801000003,R_000141,,,3.0,,
201003669,620000000,801000005,R_000142,,,,,
201003676,201003677,801000001,R_000143,11,个,,淀粉类,True
201003676,201000010,801000001,R_000144,浸没汤圆,毫升,,其他,False
201003676,201003679,801000003,R_000145,,,1.0,,
201003676,201003680,801000003,R_000146,,,2.0,,
201003676,201003681,801000003,R_000147,,,3.0,,
201003676,201003682,801000003,R_000148,,,4.0,,
201003676,610000000,801000005,R_000149,,,,,
201003683,201003684,801000001,R_000001,200,克,,蔬菜,True
201003683,201000004,801000001,R_000002,50,克,,蔬菜,True
201003683,201000321,801000001,R_000003,15,克,,调料,False
201003683,201000301,801000001,R_000004,10,克,,淀粉类,False
201003683,201000560,801000001,R_000005,200,毫升,,其他,True
201003683,201000895,801000001,R_000006,30,毫升,,其他,False
201003683,201000117,801000001,R_000007,100,毫升,,其他,False
201003683,201000049,801000001,R_000008,2,克,,调料,False
201003683,201003692,801000001,R_000009,1,克,,调料,False
201003683,201003693,801000003,R_000010,,,1.0,,
201003683,201003694,801000003,R_000011,,,2.0,,
201003683,201003695,801000003,R_000012,,,3.0,,
201003683,201003696,801000003,R_000013,,,4.0,,
201003683,201003697,801000003,R_000014,,,5.0,,
201003683,201003698,801000003,R_000015,,,6.0,,
201003683,201003699,801000003,R_000016,,,7.0,,
201003683,760000000,801000004,R_000017,,,,,
201003683,610000000,801000005,R_000018,,,,,
201003700,201003701,801000001,R_000019,100,克,,淀粉类,True
201003700,201000373,801000001,R_000020,2000,克,,其他,False
201003700,201003703,801000003,R_000021,,,1.0,,
201003700,201003704,801000003,R_000022,,,2.0,,
201003700,201003705,801000003,R_000023,,,3.0,,
201003700,201003706,801000003,R_000024,,,4.0,,
201003700,760000000,801000004,R_000025,,,,,
201003700,620000000,801000005,R_000026,,,,,
201003707,201003708,801000001,R_000027,500,克,,蛋白质,True
201003707,201000049,801000001,R_000028,30,克,,调料,False
201003707,201000778,801000001,R_000029,10,克,,调料,False
201003707,201003711,801000001,R_000030,400,克,,调料,False
201003707,201001752,801000001,R_000031,1,个,,蛋白质,False
201003707,201001753,801000001,R_000032,40,克,,淀粉类,False
201003707,201003714,801000001,R_000033,适量,,,调料,False
201003707,201001653,801000001,R_000034,适量,,,蔬菜,False
201003707,201003716,801000001,R_000035,适量,,,蔬菜,False
201003707,201003717,801000001,R_000036,适量,,,蔬菜,False
201003707,201003718,801000001,R_000037,适量,,,淀粉类,False
201003707,201003719,801000001,R_000038,适量,,,调料,False
201003707,201000786,801000001,R_000039,3,滴,,调料,False
201003707,201000086,801000001,R_000040,1,小颗,,蔬菜,False
201003707,201003722,801000003,R_000041,,,1.0,,
201003707,201003723,801000003,R_000042,,,2.0,,
201003707,201003724,801000003,R_000043,,,3.0,,
201003707,201003725,801000003,R_000044,,,4.0,,
201003707,760000000,801000004,R_000045,,,,,
201003707,640000000,801000005,R_000046,,,,,
201003726,201001631,801000001,R_000047,150,g,,蛋白质,True
201003726,201002557,801000001,R_000048,1,个,,蔬菜,True
201003726,201000006,801000001,R_000049,1,个,,蛋白质,True
201003726,201000062,801000001,R_000050,适量,根,,蔬菜,False
201003726,201000027,801000001,R_000051,适量,片,,蔬菜,False
201003726,201000063,801000001,R_000052,适量,瓣,,蔬菜,False
201003726,201000049,801000001,R_000053,2,g,,调料,False
201003726,201000778,801000001,R_000054,0.5,g,,调料,False
201003726,201003735,801000003,R_000055,,,1.0,,
201003726,201003736,801000003,R_000056,,,2.0,,
201003726,201003737,801000003,R_000057,,,3.0,,
201003726,201003738,801000003,R_000058,,,4.0,,
201003726,201003739,801000003,R_000059,,,5.0,,
201003726,201003740,801000003,R_000060,,,6.0,,
201003726,201003741,801000003,R_000061,,,7.0,,
201003726,201003742,801000003,R_000062,,,8.0,,
201003726,201003743,801000003,R_000063,,,9.0,,
201003726,201003744,801000003,R_000064,,,10.0,,
201003726,760000000,801000004,R_000065,,,,,
201003726,630000000,801000005,R_000066,,,,,
201003745,201000061,801000001,R_000067,1,升,,其他,True
201003745,201003747,801000001,R_000068,2,颗,,蛋白质,True
201003745,201003123,801000001,R_000069,100,克,,蛋白质,True
201003745,201003749,801000001,R_000070,150,毫升,,淀粉类,True
201003745,201000339,801000001,R_000071,1,棵,,蔬菜,False
201003745,201000086,801000001,R_000072,1,棵,,蔬菜,False
201003745,201000578,801000001,R_000073,4,叶,,蔬菜,False
201003745,201000193,801000001,R_000074,1,拇指块,,蔬菜,False
201003745,201000029,801000001,R_000075,5,毫升,,调料,False
201003745,201000084,801000001,R_000076,5,毫升,,调料,False
201003745,201000049,801000001,R_000077,2,克,,调料,False
201003745,201000778,801000001,R_000078,1,克,,调料,False
201003745,201000009,801000001,R_000079,10,毫升,,调料,False
201003745,201003759,801000003,R_000080,,,1.0,,
201003745,201003760,801000003,R_000081,,,2.0,,
201003745,201003761,801000003,R_000082,,,3.0,,
201003745,201003762,801000003,R_000083,,,4.0,,
201003745,201003763,801000003,R_000084,,,5.0,,
201003745,201003764,801000003,R_000085,,,6.0,,
201003745,201003765,801000003,R_000086,,,7.0,,
201003745,201003766,801000003,R_000087,,,8.0,,
201003745,760000000,801000004,R_000088,,,,,
201003745,740000000,801000004,R_000089,,,,,
201003745,750000000,801000004,R_000090,,,,,
201003745,630000000,801000005,R_000091,,,,,
201003767,201003768,801000001,R_000092,60-110,ml,,淀粉类,True
201003767,201000373,801000001,R_000093,540-1320,ml,,其他,True
201003767,201000214,801000001,R_000094,生米体积 / 10,ml,,调料,False
201003767,201003771,801000003,R_000095,,,1.0,,
201003767,201003772,801000003,R_000096,,,2.0,,
201003767,201003773,801000003,R_000097,,,3.0,,
201003767,201003774,801000003,R_000098,,,4.0,,
201003767,201003775,801000003,R_000099,,,5.0,,
201003767,201003776,801000003,R_000100,,,6.0,,
201003767,760000000,801000004,R_000101,,,,,
201003767,620000000,801000005,R_000102,,,,,
201003777,201003778,801000001,R_000103,10,克,,蔬菜,True
201003777,201000006,801000001,R_000104,2,个,,蛋白质,True
201003777,201000049,801000001,R_000105,2,克,,调料,False
201003777,201000373,801000001,R_000106,1.5,升,,其他,False
201003777,201000078,801000001,R_000107,5,毫升,,调料,False
201003777,201000618,801000001,R_000108,适量,,,蔬菜,False
201003777,201000786,801000001,R_000109,几滴,,,调料,False
201003777,201003785,801000001,R_000110,可选,,,蛋白质,False
201003777,201003786,801000001,R_000111,可选,,,蛋白质,False
201003777,201000295,801000001,R_000112,2,克,,淀粉类,False
201003777,201003788,801000003,R_000113,,,1.0,,
201003777,201003789,801000003,R_000114,,,2.0,,
201003777,201003790,801000003,R_000115,,,3.0,,
201003777,201003791,801000003,R_000116,,,4.0,,
201003777,201003792,801000003,R_000117,,,5.0,,
201003777,760000000,801000004,R_000118,,,,,
201003777,620000000,801000005,R_000119,,,,,
201003793,201003794,801000001,R_000120,500,mL,,调料,False
201003793,201001631,801000001,R_000121,250,g,,蛋白质,True
201003793,201003796,801000001,R_000122,2,罐,,蔬菜,True
201003793,201003797,801000001,R_000123,5,g,,调料,False
201003793,201003798,801000001,R_000124,400,g,,淀粉类,True
201003793,201000004,801000001,R_000125,100,g,,蔬菜,True
201003793,201001855,801000001,R_000126,100,g,,蔬菜,True
201003793,201001692,801000001,R_000127,100,g,,蔬菜,True
201003793,201003802,801000001,R_000128,200,g,,蔬菜,True
201003793,201003803,801000001,R_000129,150,g,,蛋白质,True
201003793,201000195,801000001,R_000130,5,mL,,调料,False
201003793,201000214,801000001,R_000131,5,mL,,调料,False
201003793,201000049,801000001,R_000132,18,g,,调料,False
201003793,201000187,801000001,R_000133,3,g,,调料,False
201003793,201003808,801000003,R_000134,,,1.0,,
201003793,201003809,801000003,R_000135,,,2.0,,
201003793,201003810,801000003,R_000136,,,3.0,,
201003793,201003811,801000003,R_000137,,,4.0,,
201003793,201003812,801000003,R_000138,,,5.0,,
201003793,201003813,801000003,R_000139,,,6.0,,
201003793,201003814,801000003,R_000140,,,7.0,,
201003793,201003815,801000003,R_000141,,,8.0,,
201003793,201003816,801000003,R_000142,,,9.0,,
201003793,201003817,801000003,R_000143,,,10.0,,
201003793,760000000,801000004,R_000144,,,,,
201003793,640000000,801000005,R_000145,,,,,
201003818,201000061,801000001,R_000146,1000,毫升,,其他,True
201003818,201003749,801000001,R_000147,50,克,,淀粉类,True
201003818,201000588,801000001,R_000148,50,克,,淀粉类,True
201003818,201002260,801000001,R_000149,25,克,,蛋白质,True
201003818,201003823,801000001,R_000150,25,克,,淀粉类,True
201003818,201000589,801000001,R_000151,25,克,,蔬菜,True
201003818,201003825,801000001,R_000152,50,克,,淀粉类,True
201003818,201003826,801000001,R_000153,50,克,,淀粉类,True
201003818,201003701,801000001,R_000154,50,克,,淀粉类,True
201003818,201003828,801000001,R_000155,25,克,,蔬菜,True
201003818,201003829,801000001,R_000156,25,克,,蔬菜,True
201003818,201003830,801000001,R_000157,25,克,,蛋白质,True
201003818,201003831,801000001,R_000158,25,克,,蔬菜,True
201003818,201003832,801000001,R_000159,25,克,,蛋白质,True
201003818,201000590,801000001,R_000160,25,克,,蔬菜,True
201003818,201003834,801000001,R_000161,25,克,,蔬菜,True
201003818,201003835,801000001,R_000162,25,克,,蛋白质,True
201003818,201003836,801000001,R_000163,25,克,,蔬菜,True
201003818,201000213,801000001,R_000164,10~25,克,,调料,False
201003818,201003838,801000003,R_000165,,,1.0,,
201003818,201003839,801000003,R_000166,,,2.0,,
201003818,201003840,801000003,R_000167,,,3.0,,
201003818,201003841,801000003,R_000168,,,4.0,,
201003818,201003842,801000003,R_000169,,,5.0,,
201003818,201003843,801000003,R_000170,,,6.0,,
201003818,760000000,801000004,R_000171,,,,,
201003818,640000000,801000005,R_000172,,,,,
201003844,201003210,801000001,R_000173,1,个,,蔬菜,True
201003844,201000006,801000001,R_000174,1-2,个,,蛋白质,True
201003844,201000786,801000001,R_000175,2,滴,,调料,False
201003844,201003848,801000001,R_000176,5,克,,调料,False
201003844,201000049,801000001,R_000177,15,克,,调料,False
201003844,201000062,801000001,R_000178,5,克,,调料,False
201003844,201000027,801000001,R_000179,5,克,,调料,False
201003844,201000063,801000001,R_000180,5,克,,调料,False
201003844,201000009,801000001,R_000181,15,毫升,,调料,False
201003844,201003854,801000003,R_000182,,,1.0,,
201003844,201003855,801000003,R_000183,,,2.0,,
201003844,201003856,801000003,R_000184,,,3.0,,
201003844,201003857,801000003,R_000185,,,4.0,,
201003844,201003858,801000003,R_000186,,,5.0,,
201003844,201003859,801000003,R_000187,,,6.0,,
201003844,201003860,801000003,R_000188,,,7.0,,
201003844,201003861,801000003,R_000189,,,8.0,,
201003844,760000000,801000004,R_000190,,,,,
201003844,620000000,801000005,R_000191,,,,,
201003862,201003863,801000001,R_000001,400-500,克,,蔬菜,True
201003862,201000006,801000001,R_000002,1,个,,蛋白质,False
201003862,201000680,801000001,R_000003,15,克,,调料,False
201003862,201000088,801000001,R_000004,5,克,,调料,False
201003862,201000786,801000001,R_000005,3-4,滴,,调料,False
201003862,201003868,801000003,R_000006,,,1.0,,
201003862,201003869,801000003,R_000007,,,2.0,,
201003862,201003870,801000003,R_000008,,,3.0,,
201003862,201003871,801000003,R_000009,,,4.0,,
201003862,201003872,801000003,R_000010,,,5.0,,
201003862,760000000,801000004,R_000011,,,,,
201003862,620000000,801000005,R_000012,,,,,
201003873,201001701,801000001,R_000013,4-5,块,,蛋白质,True
201003873,201001389,801000001,R_000014,1,瓣,,调料,False
201003873,201003876,801000001,R_000015,9,片,,其他,False
201003873,201003877,801000001,R_000016,6,颗,,其他,False
201003873,201003878,801000001,R_000017,5,片,,其他,False
201003873,201003879,801000001,R_000018,7,个,,其他,False
201003873,201000680,801000001,R_000019,5,克,,调料,False
201003873,201003881,801000003,R_000020,,,1.0,,
201003873,201003882,801000003,R_000021,,,2.0,,
201003873,201003883,801000003,R_000022,,,3.0,,
201003873,201003884,801000003,R_000023,,,4.0,,
201003873,201003885,801000003,R_000024,,,5.0,,
201003873,201003886,801000003,R_000025,,,6.0,,
201003873,201003887,801000003,R_000026,,,7.0,,
201003873,760000000,801000004,R_000027,,,,,
201003873,640000000,801000005,R_000028,,,,,
201003888,201003151,801000001,R_000029,2,朵,,蔬菜,True
201003888,201000259,801000001,R_000030,0.5,根,,蔬菜,False
201003888,201000009,801000001,R_000031,10,毫升,,调料,False
201003888,201000228,801000001,R_000032,3,克,,调料,False
201003888,201000111,801000001,R_000033,3,克,,调料,False
201003888,201000007,801000001,R_000034,10,克,,淀粉类,False
201003888,201000010,801000001,R_000035,350,毫升,,其他,False
201003888,201003896,801000003,R_000036,,,1.0,,
201003888,201003897,801000003,R_000037,,,2.0,,
201003888,201003898,801000003,R_000038,,,3.0,,
201003888,201003899,801000003,R_000039,,,4.0,,
201003888,201003900,801000003,R_000040,,,5.0,,
201003888,201003901,801000003,R_000041,,,6.0,,
201003888,760000000,801000004,R_000042,,,,,
201003888,630000000,801000005,R_000043,,,,,
201003902,201001701,801000001,R_000044,375,克,,蛋白质,True
201003902,201003904,801000001,R_000045,150,克,,蔬菜,True
201003902,201003786,801000001,R_000046,10,克,,蛋白质,False
201003902,201000193,801000001,R_000047,7.5,克,,调料,False
201003902,201000049,801000001,R_000048,0.45,克,,调料,False
201003902,201003908,801000001,R_000049,0.3,克,,调料,False
201003902,201003909,801000003,R_000050,,,1.0,,
201003902,201003910,801000003,R_000051,,,2.0,,
201003902,201003911,801000003,R_000052,,,3.0,,
201003902,201003912,801000003,R_000053,,,4.0,,
201003902,201003913,801000003,R_000054,,,5.0,,
201003902,201003914,801000003,R_000055,,,6.0,,
201003902,201003915,801000003,R_000056,,,7.0,,
201003902,760000000,801000004,R_000057,,,,,
201003902,640000000,801000005,R_000058,,,,,
201003916,201003917,801000001,R_000059,1,条,,蛋白质,True
201003916,201003918,801000001,R_000060,100,g,,蛋白质,True
201003916,201000259,801000001,R_000061,1,根,,蔬菜,False
201003916,201000027,801000001,R_000062,1,块,,蔬菜,False
201003916,201000009,801000001,R_000063,15,ml,,调料,False
201003916,201000028,801000001,R_000064,5,ml,,调料,False
201003916,201000228,801000001,R_000065,15,g,,调料,False
201003916,201000778,801000001,R_000066,3,g,,调料,False
201003916,201000010,801000001,R_000067,1000,ml,,其他,False
201003916,201003926,801000003,R_000068,,,1.0,,
201003916,201003927,801000003,R_000069,,,2.0,,
201003916,201003928,801000003,R_000070,,,3.0,,
201003916,201003929,801000003,R_000071,,,4.0,,
201003916,201003930,801000003,R_000072,,,5.0,,
201003916,760000000,801000004,R_000073,,,,,
201003916,630000000,801000005,R_000074,,,,,
201003931,201000006,801000001,R_000075,1,个,,蛋白质,True
201003931,201000373,801000001,R_000076,500,毫升,,其他,True
201003931,201000134,801000001,R_000077,20,克,,调料,False
201003931,201000786,801000001,R_000078,2,毫升,,调料,False
201003931,201003936,801000003,R_000079,,,1.0,,
201003931,201003937,801000003,R_000080,,,2.0,,
201003931,201003938,801000003,R_000081,,,3.0,,
201003931,760000000,801000004,R_000082,,,,,
201003931,610000000,801000005,R_000083,,,,,
201003939,201001701,801000001,R_000084,500-800,g,,蛋白质,True
201003939,201003941,801000001,R_000085,1,根,,蔬菜,True
201003939,201001855,801000001,R_000086,1,根,,蔬菜,True
201003939,201000102,801000001,R_000087,小半根,根,,蔬菜,False
201003939,201000259,801000001,R_000088,1,根,,蔬菜,False
201003939,201000193,801000001,R_000089,若干,片,,蔬菜,False
201003939,201000009,801000001,R_000090,10,ml,,调料,False
201003939,201000115,801000001,R_000091,4,g,,调料,False
201003939,201000028,801000001,R_000092,10,ml,,调料,False
201003939,201000081,801000001,R_000093,10,ml,,调料,False
201003939,201000228,801000001,R_000094,10-15,g,,调料,False
201003939,201000010,801000001,R_000095,1000,ml,,其他,False
201003939,201003952,801000003,R_000096,,,1.0,,
201003939,201003953,801000003,R_000097,,,2.0,,
201003939,201003954,801000003,R_000098,,,3.0,,
201003939,201003955,801000003,R_000099,,,4.0,,
201003939,201003956,801000003,R_000100,,,5.0,,
201003939,201003957,801000003,R_000101,,,6.0,,
201003939,201003958,801000003,R_000102,,,7.0,,
201003939,760000000,801000004,R_000103,,,,,
201003939,630000000,801000005,R_000104,,,,,
201003959,201003960,801000001,R_000105,300,克,,蛋白质,True
201003959,201000009,801000001,R_000106,10,毫升,,调料,False
201003959,201000028,801000001,R_000107,20,毫升,,调料,False
201003959,201000102,801000001,R_000108,50,克,,蔬菜,False
201003959,201000010,801000001,R_000109,1000,毫升,,其他,False
201003959,201000047,801000001,R_000110,1,克,,调料,False
201003959,201000228,801000001,R_000111,5,克,,调料,False
201003959,201000245,801000001,R_000112,1,克,,调料,False
201003959,201000086,801000001,R_000113,20,克,,蔬菜,False
201003959,201003969,801000003,R_000114,,,1.0,,
201003959,201003970,801000003,R_000115,,,2.0,,
201003959,201003971,801000003,R_000116,,,3.0,,
201003959,201003972,801000003,R_000117,,,4.0,,
201003959,201003973,801000003,R_000118,,,5.0,,
201003959,201003974,801000003,R_000119,,,6.0,,
201003959,201003975,801000003,R_000120,,,7.0,,
201003959,201003976,801000003,R_000121,,,8.0,,
201003959,760000000,801000004,R_000122,,,,,
201003959,630000000,801000005,R_000123,,,,,
201003977,201003978,801000001,R_000124,300,g,,蛋白质,True
201003977,201003979,801000001,R_000125,100,g,,蔬菜,True
201003977,201003941,801000001,R_000126,200,g,,蔬菜,False
201003977,201000027,801000001,R_000127,30,g,,调料,False
201003977,201000028,801000001,R_000128,15,ml,,调料,False
201003977,201000228,801000001,R_000129,10,g,,调料,False
201003977,201003984,801000003,R_000130,,,1.0,,
201003977,201003985,801000003,R_000131,,,2.0,,
201003977,201003986,801000003,R_000132,,,3.0,,
201003977,201003987,801000003,R_000133,,,4.0,,
201003977,201003988,801000003,R_000134,,,5.0,,
201003977,760000000,801000004,R_000135,,,,,
201003977,640000000,801000005,R_000136,,,,,
201003989,201003990,801000001,R_000137,60,g,,蔬菜,True
201003989,201003991,801000001,R_000138,20,g,,蔬菜,True
201003989,201000589,801000001,R_000139,6,g,,蔬菜,True
201003989,201001715,801000001,R_000140,5-6,g,,蔬菜,False
201003989,201000213,801000001,R_000141,10-20,g,,调料,False
201003989,201003995,801000003,R_000142,,,1.0,,
201003989,201003996,801000003,R_000143,,,2.0,,
201003989,201003997,801000003,R_000144,,,3.0,,
201003989,201003998,801000003,R_000145,,,4.0,,
201003989,201003999,801000003,R_000146,,,5.0,,
201003989,201004000,801000003,R_000147,,,6.0,,
201003989,201004001,801000003,R_000148,,,7.0,,
201003989,760000000,801000004,R_000149,,,,,
201003989,640000000,801000005,R_000150,,,,,
201004017,201000301,801000001,R_000017,200,g,,淀粉类,True
201004017,201000574,801000001,R_000018,150,ml,,其他,True
201004017,201001940,801000001,R_000019,2-3,ml,,调料,False
201004017,201004021,801000001,R_000020,250,g,,蛋白质,True
201004017,201004022,801000001,R_000021,20,g,,蛋白质,False
201004017,201000027,801000001,R_000022,3,g,,调料,False
201004017,201000062,801000001,R_000023,15,g,,调料,False
201004017,201000049,801000001,R_000024,3,g,,调料,False
201004017,201000084,801000001,R_000025,2,ml,,调料,False
201004017,201000786,801000001,R_000026,2,ml,,调料,False
201004017,201000112,801000001,R_000027,2,ml,,调料,False
201004017,201000006,801000001,R_000028,1,个,,蛋白质,True
201004017,201004030,801000001,R_000029,适量,,,蔬菜,True
201004017,201002683,801000001,R_000030,10-20,ml,,调料,False
201004017,201000008,801000001,R_000031,3,瓣,,调料,False
201004017,201004033,801000003,R_000032,,,1.0,,
201004017,201004034,801000003,R_000033,,,2.0,,
201004017,201004035,801000003,R_000034,,,3.0,,
201004017,201004036,801000003,R_000035,,,4.0,,
201004017,201004037,801000003,R_000036,,,5.0,,
201004017,201004038,801000003,R_000037,,,6.0,,
201004017,201004039,801000003,R_000038,,,7.0,,
201004017,750000000,801000004,R_000039,,,,,
201004017,650000000,801000005,R_000040,,,,,
201004040,201004041,801000001,R_000041,70-230,g,,淀粉类,True
201004040,201000574,801000001,R_000042,200-400,ml,,其他,False
201004040,201004043,801000001,R_000043,适量,g,,蛋白质,True
201004040,201004044,801000001,R_000044,适量,个,,蛋白质,True
201004040,201004045,801000001,R_000045,适量,g,,蛋白质,True
201004040,201004046,801000001,R_000046,适量,g,,蔬菜,True
201004040,201004047,801000001,R_000047,适量,g,,蔬菜,True
201004040,201000049,801000001,R_000048,适量,g,,调料,False
201004040,201000778,801000001,R_000049,适量,g,,调料,False
201004040,201000786,801000001,R_000050,适量,ml,,调料,False
201004040,201004051,801000003,R_000051,,,1.0,,
201004040,201004052,801000003,R_000052,,,2.0,,
201004040,201004053,801000003,R_000053,,,3.0,,
201004040,201004054,801000003,R_000054,,,4.0,,
201004040,201004055,801000003,R_000055,,,5.0,,
201004040,201004056,801000003,R_000056,,,6.0,,
201004040,201004057,801000003,R_000057,,,7.0,,
201004040,750000000,801000004,R_000058,,,,,
201004040,620000000,801000005,R_000059,,,,,
201004058,201004059,801000001,R_000060,250,g,,淀粉类,True
201004058,201000339,801000001,R_000061,2,根,,蔬菜,False
201004058,201000009,801000001,R_000062,50,ml,,调料,False
201004058,201000029,801000001,R_000063,15,ml,,调料,False
201004058,201000049,801000001,R_000064,1-2,g,,调料,False
201004058,201000006,801000001,R_000065,1,个,,蛋白质,False
201004058,201004065,801000001,R_000066,适量,,,蔬菜,False
201004058,201004066,801000003,R_000067,,,1.0,,
201004058,201004067,801000003,R_000068,,,2.0,,
201004058,201004068,801000003,R_000069,,,3.0,,
201004058,201004069,801000003,R_000070,,,4.0,,
201004058,201004070,801000003,R_000071,,,5.0,,
201004058,201004071,801000003,R_000072,,,6.0,,
201004058,201004072,801000003,R_000073,,,7.0,,
201004058,201004073,801000003,R_000074,,,8.0,,
201004058,201004074,801000003,R_000075,,,9.0,,
201004058,201004075,801000003,R_000076,,,10.0,,
201004058,750000000,801000004,R_000077,,,,,
201004058,630000000,801000005,R_000078,,,,,
201004076,201004077,801000001,R_000079,1.2,包,,淀粉类,True
201004076,201000006,801000001,R_000080,1.4,个,,蛋白质,True
201004076,201004079,801000001,R_000081,0.7,个,,蛋白质,False
201004076,201000049,801000001,R_000082,2.8,克,,调料,False
201004076,201000009,801000001,R_000083,10,毫升,,调料,False
201004076,201004082,801000001,R_000084,1,套,,调料,False
201004076,201004083,801000003,R_000085,,,1.0,,
201004076,201004084,801000003,R_000086,,,2.0,,
201004076,201004085,801000003,R_000087,,,3.0,,
201004076,201004086,801000003,R_000088,,,4.0,,
201004076,201004087,801000003,R_000089,,,5.0,,
201004076,750000000,801000004,R_000090,,,,,
201004076,620000000,801000005,R_000091,,,,,
201004088,201004089,801000001,R_000092,250,g,,淀粉类,True
201004088,201004090,801000001,R_000093,100,g,,蛋白质,True
201004088,201000049,801000001,R_000094,10,g,,调料,False
201004088,201000088,801000001,R_000095,2,g,,调料,False
201004088,201000113,801000001,R_000096,10,ml,,调料,False
201004088,201000112,801000001,R_000097,15,ml,,调料,False
201004088,201000245,801000001,R_000098,3,g,,调料,False
201004088,201000778,801000001,R_000099,适量,,,调料,False
201004088,201002147,801000001,R_000100,30,g,,蔬菜,False
201004088,201004098,801000001,R_000101,30,g,,蛋白质,False
201004088,201000240,801000001,R_000102,30,g,,蔬菜,False
201004088,201000006,801000001,R_000103,1,个,,蛋白质,False
201004088,201000076,801000001,R_000104,2,个,,调料,False
201004088,201000339,801000001,R_000105,1,根,,蔬菜,False
201004088,201000295,801000001,R_000106,5,g,,淀粉类,False
201004088,201000009,801000001,R_000107,20,g,,调料,False
201004088,201004105,801000003,R_000108,,,1.0,,
201004088,201004106,801000003,R_000109,,,2.0,,
201004088,201004107,801000003,R_000110,,,3.0,,
201004088,201004108,801000003,R_000111,,,4.0,,
201004088,201004109,801000003,R_000112,,,5.0,,
201004088,201004110,801000003,R_000113,,,6.0,,
201004088,201004111,801000003,R_000114,,,7.0,,
201004088,201004112,801000003,R_000115,,,8.0,,
201004088,201004113,801000003,R_000116,,,9.0,,
201004088,201004114,801000003,R_000117,,,10.0,,
201004088,201004115,801000003,R_000118,,,11.0,,
201004088,201004116,801000003,R_000119,,,12.0,,
201004088,750000000,801000004,R_000120,,,,,
201004088,640000000,801000005,R_000121,,,,,
201004117,201004118,801000001,R_000122,2,个,,淀粉类,True
201004117,201000049,801000001,R_000123,3,g,,调料,False
201004117,201000078,801000001,R_000124,20,ml,,调料,False
201004117,201000245,801000001,R_000125,3,g,,调料,False
201004117,201001839,801000001,R_000126,3,g,,调料,False
201004117,201000779,801000001,R_000127,3,g,,调料,False
201004117,201000339,801000001,R_000128,2,棵,,蔬菜,False
201004117,201000006,801000001,R_000129,2,个,,蛋白质,False
201004117,201004126,801000003,R_000130,,,1.0,,
201004117,201004127,801000003,R_000131,,,2.0,,
201004117,201004128,801000003,R_000132,,,3.0,,
201004117,201004129,801000003,R_000133,,,4.0,,
201004117,201004130,801000003,R_000134,,,5.0,,
201004117,201004131,801000003,R_000135,,,6.0,,
201004117,201004132,801000003,R_000136,,,7.0,,
201004117,201004133,801000003,R_000137,,,8.0,,
201004117,201004134,801000003,R_000138,,,9.0,,
201004117,750000000,801000004,R_000139,,,,,
201004117,630000000,801000005,R_000140,,,,,
201004135,201004136,801000001,R_000141,150,g,,蛋白质,True
201004135,201004137,801000001,R_000142,150,g,,淀粉类,True
201004135,201004138,801000001,R_000143,250,g,,淀粉类,True
201004135,201000062,801000001,R_000144,15,g,,蔬菜,False
201004135,201000063,801000001,R_000145,适量,g,,蔬菜,False
201004135,201004141,801000001,R_000146,35,g,,蔬菜,False
201004135,201000009,801000001,R_000147,10,g,,调料,False
201004135,201000242,801000001,R_000148,20,g,,调料,False
201004135,201001669,801000001,R_000149,20,g,,调料,False
201004135,201004145,801000003,R_000150,,,1.0,,
201004135,201004146,801000003,R_000151,,,2.0,,
201004135,201004147,801000003,R_000152,,,3.0,,
201004135,201004148,801000003,R_000153,,,4.0,,
201004135,201004149,801000003,R_000154,,,5.0,,
201004135,201004150,801000003,R_000155,,,6.0,,
201004135,201004151,801000003,R_000156,,,7.0,,
201004135,750000000,801000004,R_000157,,,,,
201004135,630000000,801000005,R_000158,,,,,
201004152,201004153,801000001,R_000159,250,g,,淀粉类,True
201004152,201000339,801000001,R_000160,10,g,,蔬菜,False
201004152,201004155,801000001,R_000161,20,g,,蔬菜,False
201004152,201003461,801000001,R_000162,30,g,,蛋白质,False
201004152,201004157,801000001,R_000163,30,ml,,调料,False
201004152,201004158,801000001,R_000164,30,ml,,调料,False
201004152,201004159,801000001,R_000165,50,g,,蔬菜,False
201004152,201003537,801000001,R_000166,40,ml,,调料,False
201004152,201001712,801000001,R_000167,0-10,ml,,调料,False
201004152,201000778,801000001,R_000168,0-10,g,,调料,False
201004152,201000029,801000001,R_000169,5,ml,,调料,False
201004152,201000680,801000001,R_000170,3,g,,调料,False
201004152,201000111,801000001,R_000171,0-3,g,,调料,False
201004152,201004166,801000003,R_000172,,,1.0,,
201004152,201004167,801000003,R_000173,,,2.0,,
201004152,201004168,801000003,R_000174,,,3.0,,
201004152,201004169,801000003,R_000175,,,4.0,,
201004152,201004170,801000003,R_000176,,,5.0,,
201004152,201004171,801000003,R_000177,,,6.0,,
201004152,750000000,801000004,R_000178,,,,,
201004152,630000000,801000005,R_000179,,,,,
201004172,201004173,801000001,R_000180,1,包,,淀粉类,True
201004172,201000373,801000001,R_000181,550-1000,毫升,,其他,False
201004172,201000006,801000001,R_000182,1,个,,蛋白质,True
201004172,201004176,801000003,R_000183,,,1.0,,
201004172,201004177,801000003,R_000184,,,2.0,,
201004172,201004178,801000003,R_000185,,,3.0,,
201004172,201004179,801000003,R_000186,,,4.0,,
201004172,201004180,801000003,R_000187,,,5.0,,
201004172,201004181,801000003,R_000188,,,6.0,,
201004172,201004182,801000003,R_000189,,,7.0,,
201004172,750000000,801000004,R_000190,,,,,
201004172,610000000,801000005,R_000191,,,,,
201004183,201000373,801000001,R_000001,1,升,,其他,False
201004183,201004185,801000001,R_000002,120,克,,淀粉类,True
201004183,201004186,801000001,R_000003,15,毫升,,调料,False
201004183,201000029,801000001,R_000004,5,毫升,,调料,False
201004183,201004188,801000003,R_000005,,,1.0,,
201004183,201004189,801000003,R_000006,,,2.0,,
201004183,201004190,801000003,R_000007,,,3.0,,
201004183,201004191,801000003,R_000008,,,4.0,,
201004183,201004192,801000003,R_000009,,,5.0,,
201004183,201004193,801000003,R_000010,,,6.0,,
201004183,201004194,801000003,R_000011,,,7.0,,
201004183,201004195,801000003,R_000012,,,8.0,,
201004183,750000000,801000004,R_000013,,,,,
201004183,610000000,801000005,R_000014,,,,,
201004196,201002295,801000001,R_000015,240,g,,淀粉类,True
201004196,201000006,801000001,R_000016,4,个,,蛋白质,True
201004196,201004199,801000001,R_000017,300,g,,蛋白质,True
201004196,201000113,801000001,R_000018,10,ml,,调料,False
201004196,201000112,801000001,R_000019,25,ml,,调料,False
201004196,201000081,801000001,R_000020,20,ml,,调料,False
201004196,201004203,801000001,R_000021,10,g,,调料,False
201004196,201000062,801000001,R_000022,10,g,,蔬菜,False
201004196,201000078,801000001,R_000023,30,ml,,调料,False
201004196,201000050,801000001,R_000024,15,g,,调料,False
201004196,201004207,801000003,R_000025,,,1.0,,
201004196,201004208,801000003,R_000026,,,2.0,,
201004196,201004209,801000003,R_000027,,,3.0,,
201004196,201004210,801000003,R_000028,,,4.0,,
201004196,201004211,801000003,R_000029,,,5.0,,
201004196,201004212,801000003,R_000030,,,6.0,,
201004196,201004213,801000003,R_000031,,,7.0,,
201004196,201004214,801000003,R_000032,,,8.0,,
201004196,750000000,801000004,R_000033,,,,,
201004196,630000000,801000005,R_000034,,,,,
201004215,201004216,801000001,R_000035,80,g,,淀粉类,True
201004215,201000339,801000001,R_000036,100,g,,蔬菜,True
201004215,201000009,801000001,R_000037,100,ml,,调料,False
201004215,201000112,801000001,R_000038,60,ml,,调料,False
201004215,201000113,801000001,R_000039,20,ml,,调料,False
201004215,201000134,801000001,R_000040,15,g,,调料,False
201004215,201004222,801000003,R_000041,,,1.0,,
201004215,201004223,801000003,R_000042,,,2.0,,
201004215,201004224,801000003,R_000043,,,3.0,,
201004215,201004225,801000003,R_000044,,,4.0,,
201004215,201004226,801000003,R_000045,,,5.0,,
201004215,201004227,801000003,R_000046,,,6.0,,
201004215,201004228,801000003,R_000047,,,7.0,,
201004215,201004229,801000003,R_000048,,,8.0,,
201004215,201004230,801000003,R_000049,,,9.0,,
201004215,201004231,801000003,R_000050,,,10.0,,
201004215,750000000,801000004,R_000051,,,,,
201004215,620000000,801000005,R_000052,,,,,
201004232,201002979,801000001,R_000053,350,g,,蛋白质,True
201004232,201001758,801000001,R_000054,2,根,,蔬菜,True
201004232,201004235,801000001,R_000055,500,g,,淀粉类,True
201004232,201000102,801000001,R_000056,10,cm,,蔬菜,False
201004232,201000008,801000001,R_000057,5,瓣,,蔬菜,False
201004232,201000854,801000001,R_000058,20,g,,蔬菜,False
201004232,201000438,801000001,R_000059,2,个,,蔬菜,False
201004232,201004240,801000001,R_000060,3,个,,蔬菜,False
201004232,201000167,801000001,R_000061,20,粒,,调料,False
201004232,201000049,801000001,R_000062,10,g,,调料,False
201004232,201000779,801000001,R_000063,5,g,,调料,False
201004232,201000112,801000001,R_000064,15,ml,,调料,False
201004232,201000113,801000001,R_000065,10,ml,,调料,False
201004232,201000028,801000001,R_000066,适量,,,调料,False
201004232,201000009,801000001,R_000067,适量,,,调料,False
201004232,201004248,801000003,R_000068,,,1.0,,
201004232,201004249,801000003,R_000069,,,2.0,,
201004232,201004250,801000003,R_000070,,,3.0,,
201004232,201004251,801000003,R_000071,,,4.0,,
201004232,201004252,801000003,R_000072,,,5.0,,
201004232,201004253,801000003,R_000073,,,6.0,,
201004232,201004254,801000003,R_000074,,,7.0,,
201004232,201004255,801000003,R_000075,,,8.0,,
201004232,201004256,801000003,R_000076,,,9.0,,
201004232,201004257,801000003,R_000077,,,10.0,,
201004232,201004258,801000003,R_000078,,,11.0,,
201004232,201004259,801000003,R_000079,,,12.0,,
201004232,750000000,801000004,R_000080,,,,,
201004232,640000000,801000005,R_000081,,,,,
201004260,201000006,801000001,R_000082,2,个,,蛋白质,True
201004260,201000004,801000001,R_000083,30,g,,蔬菜,True
201004260,201001855,801000001,R_000084,30,g,,蔬菜,True
201004260,201004079,801000001,R_000085,50,g,,蛋白质,True
201004260,201002204,801000001,R_000086,50,g,,蛋白质,True
201004260,201004266,801000001,R_000087,30,g,,蔬菜,True
201004260,201004267,801000001,R_000088,30,g,,蔬菜,True
201004260,201002295,801000001,R_000089,200,g,,淀粉类,True
201004260,201000292,801000001,R_000090,20,ml,,调料,False
201004260,201000009,801000001,R_000091,15,ml,,调料,False
201004260,201000560,801000001,R_000092,10,ml,,调料,False
201004260,201004272,801000003,R_000093,,,1.0,,
201004260,201004273,801000003,R_000094,,,2.0,,
201004260,201004274,801000003,R_000095,,,3.0,,
201004260,201004275,801000003,R_000096,,,4.0,,
201004260,201004276,801000003,R_000097,,,5.0,,
201004260,201004277,801000003,R_000098,,,6.0,,
201004260,201004278,801000003,R_000099,,,7.0,,
201004260,201004279,801000003,R_000100,,,8.0,,
201004260,201004280,801000003,R_000101,,,9.0,,
201004260,201004281,801000003,R_000102,,,10.0,,
201004260,750000000,801000004,R_000103,,,,,
201004260,630000000,801000005,R_000104,,,,,
201004282,201004283,801000001,R_000105,500,ml,,淀粉类,True
201004282,201000006,801000001,R_000106,1.5,个,,蛋白质,True
201004282,201000579,801000001,R_000107,2,个,,蛋白质,True
201004282,201002147,801000001,R_000108,30,g,,蔬菜,False
201004282,201001855,801000001,R_000109,30,g,,蔬菜,False
201004282,201000078,801000001,R_000110,12,ml,,调料,False
201004282,201000049,801000001,R_000111,4,g,,调料,False
201004282,201000778,801000001,R_000112,8,g,,调料,False
201004282,201000259,801000001,R_000113,1,颗,,蔬菜,False
201004282,201000112,801000001,R_000114,10,ml,,调料,False
201004282,201004293,801000001,R_000115,适量,,,蛋白质,False
201004282,201004294,801000003,R_000116,,,1.0,,
201004282,201004295,801000003,R_000117,,,2.0,,
201004282,201004296,801000003,R_000118,,,3.0,,
201004282,201004297,801000003,R_000119,,,4.0,,
201004282,201004298,801000003,R_000120,,,5.0,,
201004282,201004299,801000003,R_000121,,,6.0,,
201004282,201004300,801000003,R_000122,,,7.0,,
201004282,201004301,801000003,R_000123,,,8.0,,
201004282,201004302,801000003,R_000124,,,9.0,,
201004282,201004303,801000003,R_000125,,,10.0,,
201004282,201004304,801000003,R_000126,,,11.0,,
201004282,201004305,801000003,R_000127,,,12.0,,
201004282,750000000,801000004,R_000128,,,,,
201004282,630000000,801000005,R_000129,,,,,
201004306,201004307,801000001,R_000130,1,包,,淀粉类,True
201004306,201000373,801000001,R_000131,1000,毫升,,其他,False
201004306,201004309,801000003,R_000132,,,1.0,,
201004306,201004310,801000003,R_000133,,,2.0,,
201004306,201004311,801000003,R_000134,,,3.0,,
201004306,201004312,801000003,R_000135,,,4.0,,
201004306,201004313,801000003,R_000136,,,5.0,,
201004306,201004314,801000003,R_000137,,,6.0,,
201004306,201004315,801000003,R_000138,,,7.0,,
201004306,750000000,801000004,R_000139,,,,,
201004306,610000000,801000005,R_000140,,,,,
201004316,201004317,801000001,R_000141,适量,克,,淀粉类,True
201004316,201000029,801000001,R_000142,3,份,,调料,False
201004316,201000282,801000001,R_000143,2,份,,调料,False
201004316,201002476,801000001,R_000144,2,份,,调料,False
201004316,201000049,801000001,R_000145,2-5,克,,调料,False
201004316,201000050,801000001,R_000146,2,克,,调料,False
201004316,201000340,801000001,R_000147,适量,个,,蔬菜,False
201004316,201000063,801000001,R_000148,适量,瓣,,蔬菜,False
201004316,201000062,801000001,R_000149,适量,根,,蔬菜,False
201004316,201004326,801000003,R_000150,,,1.0,,
201004316,201004327,801000003,R_000151,,,2.0,,
201004316,201004328,801000003,R_000152,,,3.0,,
201004316,201004329,801000003,R_000153,,,4.0,,
201004316,750000000,801000004,R_000154,,,,,
201004316,620000000,801000005,R_000155,,,,,
201004330,201000373,801000001,R_000156,300,毫升,,其他,False
201004330,201004332,801000001,R_000157,250,克,,淀粉类,True
201004330,201004333,801000001,R_000158,50,克,,其他,True
201004330,201001715,801000001,R_000159,5,颗,,蔬菜,False
201004330,201000134,801000001,R_000160,适量,,,调料,False
201004330,201004336,801000003,R_000161,,,1.0,,
201004330,201004337,801000003,R_000162,,,2.0,,
201004330,201004338,801000003,R_000163,,,3.0,,
201004330,201004339,801000003,R_000164,,,4.0,,
201004330,201004340,801000003,R_000165,,,5.0,,
201004330,750000000,801000004,R_000166,,,,,
201004330,620000000,801000005,R_000167,,,,,
201004341,201004030,801000001,R_000168,500,g,,蔬菜,True
201004341,201003785,801000001,R_000169,100,g,,蛋白质,True
201004341,201000006,801000001,R_000170,3,枚,,蛋白质,True
201004341,201000786,801000001,R_000171,10,ml,,调料,False
201004341,201000049,801000001,R_000172,5,g,,调料,False
201004341,201000301,801000001,R_000173,250,g,,淀粉类,True
201004341,201004348,801000003,R_000174,,,1.0,,
201004341,201004349,801000003,R_000175,,,2.0,,
201004341,201004350,801000003,R_000176,,,3.0,,
201004341,201004351,801000003,R_000177,,,4.0,,
201004341,201004352,801000003,R_000178,,,5.0,,
201004341,750000000,801000004,R_000179,,,,,
201004341,630000000,801000005,R_000180,,,,,
201004353,201000373,801000001,R_000001,1,升,,其他,False
201004353,201004355,801000001,R_000002,1,块,,淀粉类,True
201004353,201001788,801000001,R_000003,15,毫升,,调料,False
201004353,201000113,801000001,R_000004,10,克,,调料,False
201004353,201000049,801000001,R_000005,30,克,,调料,False
201004353,201000778,801000001,R_000006,10,克,,调料,False
201004353,201000112,801000001,R_000007,5,克,,调料,False
201004353,201004361,801000003,R_000008,,,1.0,,
201004353,201004362,801000003,R_000009,,,2.0,,
201004353,201004363,801000003,R_000010,,,3.0,,
201004353,201004364,801000003,R_000011,,,4.0,,
201004353,201004365,801000003,R_000012,,,5.0,,
201004353,201004366,801000003,R_000013,,,6.0,,
201004353,750000000,801000004,R_000014,,,,,
201004353,610000000,801000005,R_000015,,,,,
201004367,201004368,801000001,R_000016,100,g,,淀粉类,True
201004367,201000458,801000001,R_000017,150,g,,蔬菜,True
201004367,201000578,801000001,R_000018,80,g,,蔬菜,True
201004367,201000241,801000001,R_000019,25,g,,调料,False
201004367,201004372,801000001,R_000020,15,g,,调料,False
201004367,201004373,801000001,R_000021,150,ml,,蛋白质,False
201004367,201000112,801000001,R_000022,6,ml,,调料,False
201004367,201001712,801000001,R_000023,10,ml,,调料,False
201004367,201000081,801000001,R_000024,20,ml,,调料,False
201004367,201000788,801000001,R_000025,10,ml,,调料,False
201004367,201000373,801000001,R_000026,500,ml,,其他,False
201004367,201004379,801000003,R_000027,,,1.0,,
201004367,201004380,801000003,R_000028,,,2.0,,
201004367,201004381,801000003,R_000029,,,3.0,,
201004367,201004382,801000003,R_000030,,,4.0,,
201004367,201004383,801000003,R_000031,,,5.0,,
201004367,750000000,801000004,R_000032,,,,,
201004367,620000000,801000005,R_000033,,,,,
201004384,201000301,801000001,R_000034,200,g,,淀粉类,True
201004384,201004386,801000001,R_000035,50,g,,蛋白质,True
201004384,201000078,801000001,R_000036,30,ml,,调料,False
201004384,201000049,801000001,R_000037,3,g,,调料,False
201004384,201000050,801000001,R_000038,5,g,,调料,False
201004384,201000007,801000001,R_000039,10,g,,淀粉类,False
201004384,201000029,801000001,R_000040,5,g,,调料,False
201004384,201004392,801000001,R_000041,3,g,,调料,False
201004384,201000829,801000001,R_000042,2,瓣,,蔬菜,False
201004384,201000102,801000001,R_000043,0.25,根,,蔬菜,False
201004384,201000006,801000001,R_000044,1,个,,蛋白质,False
201004384,201001855,801000001,R_000045,适量,,,蔬菜,False
201004384,201004397,801000003,R_000046,,,1.0,,
201004384,201004398,801000003,R_000047,,,2.0,,
201004384,201004399,801000003,R_000048,,,3.0,,
201004384,201004400,801000003,R_000049,,,4.0,,
201004384,201004401,801000003,R_000050,,,5.0,,
201004384,201004402,801000003,R_000051,,,6.0,,
201004384,201004403,801000003,R_000052,,,7.0,,
201004384,201004404,801000003,R_000053,,,8.0,,
201004384,201004405,801000003,R_000054,,,9.0,,
201004384,201004406,801000003,R_000055,,,10.0,,
201004384,750000000,801000004,R_000056,,,,,
201004384,640000000,801000005,R_000057,,,,,
201004407,201004408,801000001,R_000058,100,g,,淀粉类,True
201004407,201000008,801000001,R_000059,3,瓣,,调料,False
201004407,201000340,801000001,R_000060,3,颗,,调料,False
201004407,201001839,801000001,R_000061,10,g,,调料,False
201004407,201000029,801000001,R_000062,10,ml,,调料,False
201004407,201000081,801000001,R_000063,10,ml,,调料,False
201004407,201000134,801000001,R_000064,3,ml,,调料,False
201004407,201000111,801000001,R_000065,3,g,,调料,False
201004407,201000049,801000001,R_000066,3,g,,调料,False
201004407,201004417,801000001,R_000067,5,g,,调料,False
201004407,201000086,801000001,R_000068,5,g,,蔬菜,False
201004407,201004419,801000003,R_000069,,,1.0,,
201004407,201004420,801000003,R_000070,,,2.0,,
201004407,201004421,801000003,R_000071,,,3.0,,
201004407,201004422,801000003,R_000072,,,4.0,,
201004407,201004423,801000003,R_000073,,,5.0,,
201004407,201004424,801000003,R_000074,,,6.0,,
201004407,201004425,801000003,R_000075,,,7.0,,
201004407,201004426,801000003,R_000076,,,8.0,,
201004407,201004427,801000003,R_000077,,,9.0,,
201004407,201004428,801000003,R_000078,,,10.0,,
201004407,750000000,801000004,R_000079,,,,,
201004407,630000000,801000005,R_000080,,,,,
201004429,201000954,801000001,R_000081,3.5,cup,,淀粉类,True
201004429,201003418,801000001,R_000082,1,cup,,其他,False
201004429,201004432,801000001,R_000083,2,g,,调料,False
201004429,201000049,801000001,R_000084,2,g,,调料,False
201004429,201000006,801000001,R_000085,1,个,,蛋白质,True
201004429,201004435,801000001,R_000086,0.125,cup,,调料,False
201004429,201004436,801000001,R_000087,0.25,cup,,蛋白质,True
201004429,201004437,801000001,R_000088,0.125,cup,,其他,False
201004429,201004438,801000001,R_000089,0.25-0.5,cup,,其他,False
201004429,201001088,801000001,R_000090,3,g,,调料,False
201004429,201004440,801000003,R_000091,,,1.0,,
201004429,201004441,801000003,R_000092,,,2.0,,
201004429,201004442,801000003,R_000093,,,3.0,,
201004429,201004443,801000003,R_000094,,,4.0,,
201004429,201004444,801000003,R_000095,,,5.0,,
201004429,201004445,801000003,R_000096,,,6.0,,
201004429,750000000,801000004,R_000097,,,,,
201004429,650000000,801000005,R_000098,,,,,
201004446,201003768,801000001,R_000099,200,ml,,淀粉类,True
201004446,201003165,801000001,R_000100,1,根,,蛋白质,True
201004446,201000006,801000001,R_000101,1,个,,蛋白质,True
201004446,201004450,801000001,R_000102,1,个,,蔬菜,True
201004446,201004065,801000001,R_000103,适量,,,蔬菜,True
201004446,201000049,801000001,R_000104,5,g,,调料,False
201004446,201000078,801000001,R_000105,15,ml,,调料,False
201004446,201000112,801000001,R_000106,10,ml,,调料,False
201004446,201000259,801000001,R_000107,1,颗,,蔬菜,False
201004446,201004456,801000003,R_000108,,,1.0,,
201004446,201004457,801000003,R_000109,,,2.0,,
201004446,201004458,801000003,R_000110,,,3.0,,
201004446,201004459,801000003,R_000111,,,4.0,,
201004446,201004460,801000003,R_000112,,,5.0,,
201004446,201004461,801000003,R_000113,,,6.0,,
201004446,201004462,801000003,R_000114,,,7.0,,
201004446,201004463,801000003,R_000115,,,8.0,,
201004446,201004464,801000003,R_000116,,,9.0,,
201004446,201004465,801000003,R_000117,,,10.0,,
201004446,750000000,801000004,R_000118,,,,,
201004446,620000000,801000005,R_000119,,,,,
201004466,201004467,801000001,R_000120,180,克,,淀粉类,True
201004466,201004386,801000001,R_000121,80,克,,蛋白质,True
201004466,201000004,801000001,R_000122,150,克,,蔬菜,True
201004466,201004470,801000001,R_000123,300,克,,调料,False
201004466,201000009,801000001,R_000124,10-15,毫升,,调料,False
201004466,201004472,801000003,R_000125,,,1.0,,
201004466,201004473,801000003,R_000126,,,2.0,,
201004466,201004474,801000003,R_000127,,,3.0,,
201004466,201004475,801000003,R_000128,,,4.0,,
201004466,201004476,801000003,R_000129,,,5.0,,
201004466,201004477,801000003,R_000130,,,6.0,,
201004466,750000000,801000004,R_000131,,,,,
201004466,610000000,801000005,R_000132,,,,,
201004478,201004283,801000001,R_000133,500,g,,淀粉类,True
201004478,201000006,801000001,R_000134,2.5,个,,蛋白质,True
201004478,201004481,801000001,R_000135,12.5,只,,蛋白质,True
201004478,201004482,801000001,R_000136,150,g,,蛋白质,True
201004478,201004267,801000001,R_000137,30,g,,蔬菜,True
201004478,201001855,801000001,R_000138,30,g,,蔬菜,True
201004478,201004266,801000001,R_000139,30,g,,蔬菜,False
201004478,201000062,801000001,R_000140,1,根,,蔬菜,False
201004478,201000078,801000001,R_000141,35,ml,,调料,False
201004478,201000049,801000001,R_000142,13.5,g,,调料,False
201004478,201004489,801000003,R_000143,,,1.0,,
201004478,201004490,801000003,R_000144,,,2.0,,
201004478,201004491,801000003,R_000145,,,3.0,,
201004478,201004492,801000003,R_000146,,,4.0,,
201004478,201004493,801000003,R_000147,,,5.0,,
201004478,201004494,801000003,R_000148,,,6.0,,
201004478,201004495,801000003,R_000149,,,7.0,,
201004478,201004496,801000003,R_000150,,,8.0,,
201004478,201004497,801000003,R_000151,,,9.0,,
201004478,201004498,801000003,R_000152,,,10.0,,
201004478,201004499,801000003,R_000153,,,11.0,,
201004478,201004500,801000003,R_000154,,,12.0,,
201004478,201004501,801000003,R_000155,,,13.0,,
201004478,201004502,801000003,R_000156,,,14.0,,
201004478,201004503,801000003,R_000157,,,15.0,,
201004478,201004504,801000003,R_000158,,,16.0,,
201004478,201004505,801000003,R_000159,,,17.0,,
201004478,750000000,801000004,R_000160,,,,,
201004478,640000000,801000005,R_000161,,,,,
201004506,201003036,801000001,R_000162,500,克,,淀粉类,True
201004506,201003418,801000001,R_000163,350,克,,其他,False
201004506,201004509,801000001,R_000164,5,克,,调料,False
201004506,201000228,801000001,R_000165,3,克,,调料,False
201004506,201000195,801000001,R_000166,35,克,,调料,False
201004506,201000083,801000001,R_000167,3,克,,调料,False
201004506,201004513,801000003,R_000168,,,1.0,,
201004506,201004514,801000003,R_000169,,,2.0,,
201004506,201004515,801000003,R_000170,,,3.0,,
201004506,201004516,801000003,R_000171,,,4.0,,
201004506,201004517,801000003,R_000172,,,5.0,,
201004506,201004518,801000003,R_000173,,,6.0,,
201004506,201004519,801000003,R_000174,,,7.0,,
201004506,201004520,801000003,R_000175,,,8.0,,
201004506,201004521,801000003,R_000176,,,9.0,,
201004506,201004522,801000003,R_000177,,,10.0,,
201004506,201004523,801000003,R_000178,,,11.0,,
201004506,201004524,801000003,R_000179,,,12.0,,
201004506,750000000,801000004,R_000180,,,,,
201004506,640000000,801000005,R_000181,,,,,
201004525,201000003,801000001,R_000182,115,g,,调料,True
201004525,201000004,801000001,R_000183,2,个,,蔬菜,True
201004525,201001901,801000001,R_000184,2,个,,蔬菜,True
201004525,201001855,801000001,R_000185,1,根,,蔬菜,True
201004525,201000829,801000001,R_000186,2.5,瓣,,调料,True
201004525,201004531,801000001,R_000187,2,斤,,蛋白质,True
201004525,201004532,801000001,R_000188,适量,,,蔬菜,False
201004525,201000733,801000001,R_000189,适量,,,蛋白质,False
201004525,201004534,801000001,R_000190,适量,,,蛋白质,False
201004525,201004535,801000003,R_000191,,,1.0,,
201004525,201004536,801000003,R_000192,,,2.0,,
201004525,201004537,801000003,R_000193,,,3.0,,
201004525,201004538,801000003,R_000194,,,4.0,,
201004525,201004539,801000003,R_000195,,,5.0,,
201004525,201004540,801000003,R_000196,,,6.0,,
201004525,201004541,801000003,R_000197,,,7.0,,
201004525,201004542,801000003,R_000198,,,8.0,,
201004525,201004543,801000003,R_000199,,,9.0,,
201004525,750000000,801000004,R_000200,,,,,
201004525,640000000,801000005,R_000201,,,,,
201004544,201000004,801000001,R_000001,1,个,,蔬菜,True
201004544,201004546,801000001,R_000002,250,克,,蛋白质,True
201004544,201000062,801000001,R_000003,1.5,根,,蔬菜,True
201004544,201000247,801000001,R_000004,5,克,,调料,False
201004544,201004549,801000001,R_000005,40,克,,调料,False
201004544,201000029,801000001,R_000006,30,克,,调料,False
201004544,201004551,801000001,R_000007,20,克,,调料,False
201004544,201000050,801000001,R_000008,5,克,,调料,False
201004544,201000113,801000001,R_000009,5,克,,调料,False
201004544,201000373,801000001,R_000010,250,毫升,,其他,False
201004544,201000028,801000001,R_000011,30,克,,调料,False
201004544,201004556,801000001,R_000012,15,克,,调料,False
201004544,201004557,801000001,R_000013,适量,毫升,,调料,False
201004544,201004558,801000003,R_000014,,,1.0,,
201004544,201004559,801000003,R_000015,,,2.0,,
201004544,201004560,801000003,R_000016,,,3.0,,
201004544,201004561,801000003,R_000017,,,4.0,,
201004544,201004562,801000003,R_000018,,,5.0,,
201004544,201004563,801000003,R_000019,,,6.0,,
201004544,201004564,801000003,R_000020,,,7.0,,
201004544,201004565,801000003,R_000021,,,8.0,,
201004544,201004566,801000003,R_000022,,,9.0,,
201004544,201004567,801000003,R_000023,,,10.0,,
201004544,750000000,801000004,R_000024,,,,,
201004544,640000000,801000005,R_000025,,,,,
201004568,201004137,801000001,R_000026,300,g,,淀粉类,True
201004568,201000129,801000001,R_000027,350,g,,蛋白质,True
201004568,201004571,801000001,R_000028,150,g,,蔬菜,True
201004568,201000009,801000001,R_000029,10-15,ml,,调料,False
201004568,201000112,801000001,R_000030,15,ml,,调料,False
201004568,201000113,801000001,R_000031,10,ml,,调料,False
201004568,201000084,801000001,R_000032,5,ml,,调料,False
201004568,201000049,801000001,R_000033,2,g,,调料,False
201004568,201000111,801000001,R_000034,2,g,,调料,False
201004568,201000440,801000001,R_000035,1,g,,调料,False
201004568,201000062,801000001,R_000036,10,g,,蔬菜,False
201004568,201000027,801000001,R_000037,5,g,,蔬菜,False
201004568,201000063,801000001,R_000038,10,g,,蔬菜,False
201004568,201000028,801000001,R_000039,5,ml,,调料,False
201004568,201001788,801000001,R_000040,5,ml,,调料,False
201004568,201004584,801000003,R_000041,,,1.0,,
201004568,201004585,801000003,R_000042,,,2.0,,
201004568,201004586,801000003,R_000043,,,3.0,,
201004568,201004587,801000003,R_000044,,,4.0,,
201004568,750000000,801000004,R_000045,,,,,
201004568,640000000,801000005,R_000046,,,,,
201004588,201000579,801000001,R_000047,100,g,,蛋白质,True
201004588,201002295,801000001,R_000048,125,g,,淀粉类,True
201004588,201000373,801000001,R_000049,90,ml,,其他,False
201004588,201004592,801000001,R_000050,30,g,,蔬菜,False
201004588,201004593,801000001,R_000051,30,g,,蔬菜,False
201004588,201004594,801000001,R_000052,10,g,,其他,False
201004588,201004595,801000001,R_000053,20,g,,调料,False
201004588,201000009,801000001,R_000054,10-15,ml,,调料,False
201004588,201004597,801000003,R_000055,,,1.0,,
201004588,201004598,801000003,R_000056,,,2.0,,
201004588,201004599,801000003,R_000057,,,3.0,,
201004588,201004600,801000003,R_000058,,,4.0,,
201004588,201004601,801000003,R_000059,,,5.0,,
201004588,201004602,801000003,R_000060,,,6.0,,
201004588,750000000,801000004,R_000061,,,,,
201004588,640000000,801000005,R_000062,,,,,
201004603,201004604,801000001,R_000063,500,g,,淀粉类,True
201004603,201004605,801000001,R_000064,10,ml,,调料,False
201004603,201000008,801000001,R_000065,10,g,,调料,False
201004603,201000259,801000001,R_000066,15,g,,蔬菜,False
201004603,201000242,801000001,R_000067,15,g,,调料,False
201004603,201000112,801000001,R_000068,20,ml,,调料,False
201004603,201000113,801000001,R_000069,10,ml,,调料,False
201004603,201000680,801000001,R_000070,5,g,,调料,False
201004603,201000440,801000001,R_000071,5,g,,调料,False
201004603,201004613,801000001,R_000072,15,g,,调料,False
201004603,201004614,801000001,R_000073,20,ml,,其他,False
201004603,201004615,801000003,R_000074,,,1.0,,
201004603,201004616,801000003,R_000075,,,2.0,,
201004603,201004617,801000003,R_000076,,,3.0,,
201004603,201004618,801000003,R_000077,,,4.0,,
201004603,201004619,801000003,R_000078,,,5.0,,
201004603,201004620,801000003,R_000079,,,6.0,,
201004603,201004621,801000003,R_000080,,,7.0,,
201004603,750000000,801000004,R_000081,,,,,
201004603,630000000,801000005,R_000082,,,,,
201004622,201004467,801000001,R_000083,50,克,,淀粉类,True
201004622,201004624,801000001,R_000084,5,片,,蛋白质,True
201004622,201000292,801000001,R_000085,10,克,,调料,False
201004622,201004626,801000001,R_000086,适量,,,调料,False
201004622,201000046,801000001,R_000087,5,毫升,,调料,False
201004622,201000680,801000001,R_000088,2,克,,调料,False
201004622,201000373,801000001,R_000089,250,克,,其他,False
201004622,201004630,801000003,R_000090,,,1.0,,
201004622,201004631,801000003,R_000091,,,2.0,,
201004622,201004632,801000003,R_000092,,,3.0,,
201004622,201004633,801000003,R_000093,,,4.0,,
201004622,201004634,801000003,R_000094,,,5.0,,
201004622,201004635,801000003,R_000095,,,6.0,,
201004622,750000000,801000004,R_000096,,,,,
201004622,630000000,801000005,R_000097,,,,,
201004636,201000301,801000001,R_000098,400,g,,淀粉类,True
201004636,201000488,801000001,R_000099,130,ml,,其他,False
201004636,201000574,801000001,R_000100,130,ml,,其他,False
201004636,201000078,801000001,R_000101,适量,,,调料,False
201004636,201004641,801000001,R_000102,适量,,,调料,False
201004636,201004642,801000003,R_000103,,,1.0,,
201004636,201004643,801000003,R_000104,,,2.0,,
201004636,201004644,801000003,R_000105,,,3.0,,
201004636,201004645,801000003,R_000106,,,4.0,,
201004636,201004646,801000003,R_000107,,,5.0,,
201004636,201004647,801000003,R_000108,,,6.0,,
201004636,201004648,801000003,R_000109,,,7.0,,
201004636,201004649,801000003,R_000110,,,8.0,,
201004636,201004650,801000003,R_000111,,,9.0,,
201004636,750000000,801000004,R_000112,,,,,
201004636,640000000,801000005,R_000113,,,,,
201004651,201000301,801000001,R_000114,300,克,,淀粉类,True
201004651,201004653,801000001,R_000115,3,克,,调料,False
201004651,201000134,801000001,R_000116,3,克,,调料,False
201004651,201000440,801000001,R_000117,4,克,,调料,False
201004651,201000009,801000001,R_000118,40,克,,调料,False
201004651,201003418,801000001,R_000119,180,克,,其他,False
201004651,201000049,801000001,R_000120,2,克,,调料,False
201004651,201000247,801000001,R_000121,适量,,,调料,False
201004651,201004660,801000003,R_000122,,,1.0,,
201004651,201004661,801000003,R_000123,,,2.0,,
201004651,201004662,801000003,R_000124,,,3.0,,
201004651,201004663,801000003,R_000125,,,4.0,,
201004651,750000000,801000004,R_000126,,,,,
201004651,630000000,801000005,R_000127,,,,,
201004664,201003768,801000001,R_000128,1,杯,,淀粉类,True
201004664,201004666,801000001,R_000129,300,克,,蛋白质,True
201004664,201004667,801000001,R_000130,1,汤匙,,调料,False
201004664,201000373,801000001,R_000131,适量,,,其他,False
201004664,201004669,801000001,R_000132,适量,,,蔬菜,False
201004664,201004670,801000001,R_000133,适量,,,蔬菜,False
201004664,201004671,801000001,R_000134,适量,,,蔬菜,False
201004664,201004672,801000003,R_000135,,,1.0,,
201004664,201004673,801000003,R_000136,,,2.0,,
201004664,201004674,801000003,R_000137,,,3.0,,
201004664,201004675,801000003,R_000138,,,4.0,,
201004664,201004676,801000003,R_000139,,,5.0,,
201004664,201004677,801000003,R_000140,,,6.0,,
201004664,750000000,801000004,R_000141,,,,,
201004664,620000000,801000005,R_000142,,,,,
201004678,201004679,801000001,R_000143,900,g,,蛋白质,True
201004678,201000029,801000001,R_000144,100-125,ml,,调料,False
201004678,201000050,801000001,R_000145,60-65,g,,调料,False
201004678,201000294,801000001,R_000146,30-35,ml,,调料,False
201004678,201004683,801000001,R_000147,48,g,,淀粉类,False
201004678,201000006,801000001,R_000148,2,个,,蛋白质,False
201004678,201004685,801000003,R_000149,,,1.0,,
201004678,201004686,801000003,R_000150,,,2.0,,
201004678,201004687,801000003,R_000151,,,3.0,,
201004678,201004688,801000003,R_000152,,,4.0,,
201004678,201004689,801000003,R_000153,,,5.0,,
201004678,750000000,801000004,R_000154,,,,,
201004678,640000000,801000005,R_000155,,,,,
201004690,201004691,801000001,R_000156,100,毫升,,淀粉类,True
201004690,201000373,801000001,R_000157,200,毫升,,其他,False
201004690,201004693,801000003,R_000158,,,1.0,,
201004690,201004694,801000003,R_000159,,,2.0,,
201004690,201004695,801000003,R_000160,,,3.0,,
201004690,201004696,801000003,R_000161,,,4.0,,
201004690,201004697,801000003,R_000162,,,5.0,,
201004690,201004698,801000003,R_000163,,,6.0,,
201004690,750000000,801000004,R_000164,,,,,
201004690,620000000,801000005,R_000165,,,,,
201004699,201004700,801000001,R_000001,100-200,毫升,,淀粉类,True
201004699,201004691,801000001,R_000002,100-200,毫升,,淀粉类,True
201004699,201000373,801000001,R_000003,指尖量水法,,,其他,False
201004699,201004703,801000003,R_000004,,,1.0,,
201004699,201004704,801000003,R_000005,,,2.0,,
201004699,201004705,801000003,R_000006,,,3.0,,
201004699,201004706,801000003,R_000007,,,4.0,,
201004699,201004707,801000003,R_000008,,,5.0,,
201004699,201004708,801000003,R_000009,,,6.0,,
201004699,750000000,801000004,R_000010,,,,,
201004699,610000000,801000005,R_000011,,,,,
201004709,201004710,801000001,R_000012,250,g,,淀粉类,True
201004709,201001782,801000001,R_000013,50,g,,蛋白质,True
201004709,201004712,801000001,R_000014,50,g,,蔬菜,True
201004709,201004713,801000001,R_000015,15,g,,调料,False
201004709,201000044,801000001,R_000016,30,g,,调料,False
201004709,201000008,801000001,R_000017,10,g,,蔬菜,False
201004709,201000028,801000001,R_000018,15,ml,,调料,False
201004709,201000112,801000001,R_000019,25,ml,,调料,False
201004709,201000134,801000001,R_000020,5,g,,调料,False
201004709,201003089,801000001,R_000021,5,ml,,调料,False
201004709,201000049,801000001,R_000022,5,ml,,调料,False
201004709,201000078,801000001,R_000023,15,ml,,调料,False
201004709,201000007,801000001,R_000024,15,ml,,调料,False
201004709,201000778,801000001,R_000025,10,ml,,调料,False
201004709,201000117,801000001,R_000026,450,ml,,其他,False
201004709,201004725,801000003,R_000027,,,1.0,,
201004709,201004726,801000003,R_000028,,,2.0,,
201004709,201004727,801000003,R_000029,,,3.0,,
201004709,201004728,801000003,R_000030,,,4.0,,
201004709,201004729,801000003,R_000031,,,5.0,,
201004709,201004730,801000003,R_000032,,,6.0,,
201004709,750000000,801000004,R_000033,,,,,
201004709,630000000,801000005,R_000034,,,,,
201004731,201004710,801000001,R_000035,250,g,,淀粉类,True
201004731,201004733,801000001,R_000036,50,g,,淀粉类,True
201004731,201000006,801000001,R_000037,1,个,,蛋白质,True
201004731,201004735,801000001,R_000038,100,g,,蛋白质,True
201004731,201003460,801000001,R_000039,1,根,,蔬菜,True
201004731,201000009,801000001,R_000040,10-30,ml,,调料,False
201004731,201000680,801000001,R_000041,1-2,g,,调料,False
201004731,201000117,801000001,R_000042,适量,,,其他,False
201004731,201004740,801000003,R_000043,,,1.0,,
201004731,201004741,801000003,R_000044,,,2.0,,
201004731,201004742,801000003,R_000045,,,3.0,,
201004731,201004743,801000003,R_000046,,,4.0,,
201004731,201004744,801000003,R_000047,,,5.0,,
201004731,201004745,801000003,R_000048,,,6.0,,
201004731,750000000,801000004,R_000049,,,,,
201004731,630000000,801000005,R_000050,,,,,
201004746,201004137,801000001,R_000051,75,克,,淀粉类,True
201004746,201003210,801000001,R_000052,200,克,,蔬菜,True
201004746,201000006,801000001,R_000053,1.5,个,,蛋白质,True
201004746,201000438,801000001,R_000054,1,个,,蔬菜,False
201004746,201000339,801000001,R_000055,1,根,,蔬菜,False
201004746,201000049,801000001,R_000056,5,克,,调料,False
201004746,201000029,801000001,R_000057,6.5,克,,调料,False
201004746,201000084,801000001,R_000058,5,克,,调料,False
201004746,201000111,801000001,R_000059,3,克,,调料,False
201004746,201000083,801000001,R_000060,2,克,,调料,False
201004746,201000009,801000001,R_000061,20,克,,调料,False
201004746,201000786,801000001,R_000062,5,克,,调料,False
201004746,201000294,801000001,R_000063,2,克,,调料,False
201004746,201000187,801000001,R_000064,2,克,,调料,False
201004746,201000047,801000001,R_000065,2,克,,调料,False
201004746,201004762,801000003,R_000066,,,1.0,,
201004746,201004763,801000003,R_000067,,,2.0,,
201004746,201004764,801000003,R_000068,,,3.0,,
201004746,201004765,801000003,R_000069,,,4.0,,
201004746,750000000,801000004,R_000070,,,,,
201004746,620000000,801000005,R_000071,,,,,
201004766,201004235,801000001,R_000072,300,g,,淀粉类,True
201004766,201000129,801000001,R_000073,100,g,,蛋白质,True
201004766,201004769,801000001,R_000074,150,g,,蔬菜,True
201004766,201000049,801000001,R_000075,2,g,,调料,False
201004766,201000009,801000001,R_000076,10-18,ml,,调料,False
201004766,201000111,801000001,R_000077,2,g,,调料,False
201004766,201000112,801000001,R_000078,10,ml,,调料,False
201004766,201004551,801000001,R_000079,5,g,,调料,False
201004766,201000440,801000001,R_000080,1,g,,调料,False
201004766,201000113,801000001,R_000081,5,ml,,调料,False
201004766,201000088,801000001,R_000082,1,g,,调料,False
201004766,201000062,801000001,R_000083,10,g,,蔬菜,False
201004766,201000027,801000001,R_000084,5,g,,蔬菜,False
201004766,201000063,801000001,R_000085,10,g,,蔬菜,False
201004766,201000488,801000001,R_000086,150,ml,,其他,False
201004766,201004782,801000003,R_000087,,,1.0,,
201004766,201004783,801000003,R_000088,,,2.0,,
201004766,201004784,801000003,R_000089,,,3.0,,
201004766,201004785,801000003,R_000090,,,4.0,,
201004766,201004786,801000003,R_000091,,,5.0,,
201004766,201004787,801000003,R_000092,,,6.0,,
201004766,201004788,801000003,R_000093,,,7.0,,
201004766,201004789,801000003,R_000094,,,8.0,,
201004766,201004790,801000003,R_000095,,,9.0,,
201004766,201004791,801000003,R_000096,,,10.0,,
201004766,201004792,801000003,R_000097,,,11.0,,
201004766,750000000,801000004,R_000098,,,,,
201004766,630000000,801000005,R_000099,,,,,
201004793,201004794,801000001,R_000100,100,g,,淀粉类,True
201004793,201002147,801000001,R_000101,0.5,根,,蔬菜,True
201004793,201004450,801000001,R_000102,0.5,根,,蔬菜,True
201004793,201004186,801000001,R_000103,20,ml,,调料,False
201004793,201004798,801000003,R_000104,,,1.0,,
201004793,201004799,801000003,R_000105,,,2.0,,
201004793,201004800,801000003,R_000106,,,3.0,,
201004793,750000000,801000004,R_000107,,,,,
201004793,620000000,801000005,R_000108,,,,,
201004801,201002295,801000001,R_000109,400,g,,淀粉类,True
201004801,201000006,801000001,R_000110,1,个,,蛋白质,True
201004801,201004804,801000001,R_000111,60,g,,蛋白质,True
201004801,201002799,801000001,R_000112,80,g,,蔬菜,True
201004801,201004806,801000001,R_000113,50,g,,蔬菜,True
201004801,201001855,801000001,R_000114,0.25,根,,蔬菜,True
201004801,201004808,801000001,R_000115,50,g,,蔬菜,True
201004801,201004809,801000001,R_000116,25,ml,,调料,False
201004801,201004810,801000001,R_000117,20,ml,,调料,False
201004801,201000281,801000001,R_000118,10,g,,调料,False
201004801,201000030,801000001,R_000119,20,ml,,调料,False
201004801,201000112,801000001,R_000120,15,ml,,调料,False
201004801,201004814,801000003,R_000121,,,1.0,,
201004801,201004815,801000003,R_000122,,,2.0,,
201004801,201004816,801000003,R_000123,,,3.0,,
201004801,201004817,801000003,R_000124,,,4.0,,
201004801,201004818,801000003,R_000125,,,5.0,,
201004801,201004819,801000003,R_000126,,,6.0,,
201004801,201004820,801000003,R_000127,,,7.0,,
201004801,750000000,801000004,R_000128,,,,,
201004801,630000000,801000005,R_000129,,,,,
201004821,201004822,801000001,R_000130,1 人份,杯,,淀粉类,True
201004821,201004823,801000001,R_000131,20,克,,调料,False
201004821,201004266,801000001,R_000132,80,克,,蔬菜,True
201004821,201004825,801000003,R_000133,,,1.0,,
201004821,201004826,801000003,R_000134,,,2.0,,
201004821,750000000,801000004,R_000135,,,,,
201004821,620000000,801000005,R_000136,,,,,
201004827,201003246,801000001,R_000137,200,克,,蔬菜,True
201004827,201003537,801000001,R_000138,10,毫升,,调料,False
201004827,201000029,801000001,R_000139,5,毫升,,调料,False
201004827,201000081,801000001,R_000140,15,毫升,,调料,False
201004827,201000084,801000001,R_000141,10,毫升,,调料,False
201004827,201000134,801000001,R_000142,5,克,,调料,False
201004827,201000786,801000001,R_000143,5,毫升,,调料,False
201004827,201000063,801000001,R_000144,2,头,,调料,False
201004827,201000049,801000001,R_000145,适量,,,调料,False
201004827,201004837,801000003,R_000146,,,1.0,,
201004827,201004838,801000003,R_000147,,,2.0,,
201004827,201004839,801000003,R_000148,,,3.0,,
201004827,201004840,801000003,R_000149,,,4.0,,
201004827,710000000,801000004,R_000150,,,,,
201004827,610000000,801000005,R_000151,,,,,
201004841,201003918,801000001,R_000152,250,g,,蛋白质,True
201004841,201000339,801000001,R_000153,10,g,,蔬菜,False
201004841,201000008,801000001,R_000154,2,瓣,,蔬菜,False
201004841,201000112,801000001,R_000155,15,ml,,调料,False
201004841,201000786,801000001,R_000156,5,ml,,调料,False
201004841,201000081,801000001,R_000157,5,ml,,调料,False
201004841,201000134,801000001,R_000158,2,g,,调料,False
201004841,201001712,801000001,R_000159,5,ml,,调料,False
201004841,201004850,801000003,R_000160,,,1.0,,
201004841,201004851,801000003,R_000161,,,2.0,,
201004841,201004852,801000003,R_000162,,,3.0,,
201004841,201004853,801000003,R_000163,,,4.0,,
201004841,201004854,801000003,R_000164,,,5.0,,
201004841,201004855,801000003,R_000165,,,6.0,,
201004841,201004856,801000003,R_000166,,,7.0,,
201004841,201004857,801000003,R_000167,,,8.0,,
201004841,201004858,801000003,R_000168,,,9.0,,
201004841,201004859,801000003,R_000169,,,10.0,,
201004841,201004860,801000003,R_000170,,,11.0,,
201004841,201004861,801000003,R_000171,,,12.0,,
201004841,201004862,801000003,R_000172,,,13.0,,
201004841,710000000,801000004,R_000173,,,,,
201004841,620000000,801000005,R_000174,,,,,
201004863,201003863,801000001,R_000001,150,g,,蔬菜,True
201004863,201000339,801000001,R_000002,5,g,,蔬菜,False
201004863,201000008,801000001,R_000003,2,瓣,,蔬菜,False
201004863,201000112,801000001,R_000004,15,ml,,调料,False
201004863,201000081,801000001,R_000005,10,ml,,调料,False
201004863,201000134,801000001,R_000006,3,g,,调料,False
201004863,201000786,801000001,R_000007,5,ml,,调料,False
201004863,201001712,801000001,R_000008,5,ml,,调料,False
201004863,201004872,801000003,R_000009,,,1.0,,
201004863,201004873,801000003,R_000010,,,2.0,,
201004863,201004874,801000003,R_000011,,,3.0,,
201004863,201004875,801000003,R_000012,,,4.0,,
201004863,201004876,801000003,R_000013,,,5.0,,
201004863,201004877,801000003,R_000014,,,6.0,,
201004863,201004878,801000003,R_000015,,,7.0,,
201004863,201004879,801000003,R_000016,,,8.0,,
201004863,201004880,801000003,R_000017,,,9.0,,
201004863,201004881,801000003,R_000018,,,10.0,,
201004863,201004882,801000003,R_000019,,,11.0,,
201004863,201004883,801000003,R_000020,,,12.0,,
201004863,201004884,801000003,R_000021,,,13.0,,
201004863,710000000,801000004,R_000022,,,,,
201004863,620000000,801000005,R_000023,,,,,
201004885,201002147,801000001,R_000024,200,克,,蔬菜,True
201004885,201000081,801000001,R_000025,11.5,毫升,,调料,False
201004885,201000029,801000001,R_000026,7.5,毫升,,调料,False
201004885,201000063,801000001,R_000027,3,瓣,,调料,False
201004885,201000049,801000001,R_000028,0.6,克,,调料,False
201004885,201000786,801000001,R_000029,7,毫升,,调料,False
201004885,201000084,801000001,R_000030,5,毫升,,调料,False
201004885,201004893,801000003,R_000031,,,1.0,,
201004885,201004894,801000003,R_000032,,,2.0,,
201004885,201004895,801000003,R_000033,,,3.0,,
201004885,201004896,801000003,R_000034,,,4.0,,
201004885,201004897,801000003,R_000035,,,5.0,,
201004885,710000000,801000004,R_000036,,,,,
201004885,610000000,801000005,R_000037,,,,,
201004898,201003460,801000001,R_000038,100,g,,蔬菜,True
201004898,201001901,801000001,R_000039,150,g,,蔬菜,True
201004898,201001632,801000001,R_000040,3.5,个,,蔬菜,True
201004898,201000062,801000001,R_000041,3,g,,蔬菜,False
201004898,201000027,801000001,R_000042,10,g,,蔬菜,False
201004898,201000063,801000001,R_000043,10,g,,蔬菜,False
201004898,201000242,801000001,R_000044,20,ml,,调料,False
201004898,201000112,801000001,R_000045,10,ml,,调料,False
201004898,201000049,801000001,R_000046,8,g,,调料,False
201004898,201000050,801000001,R_000047,10,g,,调料,False
201004898,201000295,801000001,R_000048,20,g,,淀粉类,False
201004898,201000009,801000001,R_000049,40,ml,,其他,False
201004898,201000373,801000001,R_000050,200,ml,,其他,False
201004898,201004912,801000003,R_000051,,,1.0,,
201004898,201004913,801000003,R_000052,,,2.0,,
201004898,201004914,801000003,R_000053,,,3.0,,
201004898,201004915,801000003,R_000054,,,4.0,,
201004898,201004916,801000003,R_000055,,,5.0,,
201004898,201004917,801000003,R_000056,,,6.0,,
201004898,201004918,801000003,R_000057,,,7.0,,
201004898,201004919,801000003,R_000058,,,8.0,,
201004898,201004920,801000003,R_000059,,,9.0,,
201004898,201004921,801000003,R_000060,,,10.0,,
201004898,201004922,801000003,R_000061,,,11.0,,
201004898,201004923,801000003,R_000062,,,12.0,,
201004898,201004924,801000003,R_000063,,,13.0,,
201004898,201004925,801000003,R_000064,,,14.0,,
201004898,201004926,801000003,R_000065,,,15.0,,
201004898,201004927,801000003,R_000066,,,16.0,,
201004898,710000000,801000004,R_000067,,,,,
201004898,630000000,801000005,R_000068,,,,,
201004928,201004266,801000001,R_000069,200,g,,蔬菜,True
201004928,201004930,801000001,R_000070,30,g,,其他,True
201004928,201001855,801000001,R_000071,50,g,,蔬菜,False
201004928,201000009,801000001,R_000072,15,ml,,调料,False
201004928,201000083,801000001,R_000073,10,g,,调料,False
201004928,201000049,801000001,R_000074,1,g,,调料,False
201004928,201000295,801000001,R_000075,5,g,,淀粉类,False
201004928,201000373,801000001,R_000076,20,ml,,其他,False
201004928,201004937,801000003,R_000077,,,1.0,,
201004928,201004938,801000003,R_000078,,,2.0,,
201004928,201004939,801000003,R_000079,,,3.0,,
201004928,201004940,801000003,R_000080,,,4.0,,
201004928,201004941,801000003,R_000081,,,5.0,,
201004928,201004942,801000003,R_000082,,,6.0,,
201004928,710000000,801000004,R_000083,,,,,
201004928,620000000,801000005,R_000084,,,,,
201004943,201004944,801000001,R_000085,300-500,g,,蔬菜,True
201004943,201000009,801000001,R_000086,2,ml,,调料,False
201004943,201000049,801000001,R_000087,3,g,,调料,False
201004943,201000084,801000001,R_000088,3,ml,,调料,False
201004943,201000373,801000001,R_000089,150,ml,,其他,False
201004943,201004949,801000003,R_000090,,,1.0,,
201004943,201004950,801000003,R_000091,,,2.0,,
201004943,201004951,801000003,R_000092,,,3.0,,
201004943,201004952,801000003,R_000093,,,4.0,,
201004943,201004953,801000003,R_000094,,,5.0,,
201004943,201004954,801000003,R_000095,,,6.0,,
201004943,201004955,801000003,R_000096,,,7.0,,
201004943,710000000,801000004,R_000097,,,,,
201004943,620000000,801000005,R_000098,,,,,
201004956,201000006,801000001,R_000099,4,个,,蛋白质,True
201004956,201000340,801000001,R_000100,2,个,,蔬菜,False
201004956,201000339,801000001,R_000101,2,根,,蔬菜,False
201004956,201000063,801000001,R_000102,3,瓣,,蔬菜,False
201004956,201000049,801000001,R_000103,适量,,,调料,False
201004956,201000009,801000001,R_000104,10,毫升,,调料,False
201004956,201000282,801000001,R_000105,15,毫升,,调料,False
201004956,201000112,801000001,R_000106,10,毫升,,调料,False
201004956,201000084,801000001,R_000107,5,毫升,,调料,False
201004956,201000134,801000001,R_000108,3,克,,调料,False
201004956,201000373,801000001,R_000109,20,毫升,,其他,False
201004956,201004968,801000003,R_000110,,,1.0,,
201004956,201004969,801000003,R_000111,,,2.0,,
201004956,201004970,801000003,R_000112,,,3.0,,
201004956,201004971,801000003,R_000113,,,4.0,,
201004956,201004972,801000003,R_000114,,,5.0,,
201004956,201004973,801000003,R_000115,,,6.0,,
201004956,710000000,801000004,R_000116,,,,,
201004956,620000000,801000005,R_000117,,,,,
201004974,201004975,801000001,R_000118,300,g,,蔬菜,True
201004974,201000008,801000001,R_000119,2.5,瓣,,调料,False
201004974,201000049,801000001,R_000120,3,g,,调料,False
201004974,201000009,801000001,R_000121,15,ml,,调料,False
201004974,201000061,801000001,R_000122,50,ml,,其他,False
201004974,201004980,801000003,R_000123,,,1.0,,
201004974,201004981,801000003,R_000124,,,2.0,,
201004974,201004982,801000003,R_000125,,,3.0,,
201004974,201004983,801000003,R_000126,,,4.0,,
201004974,201004984,801000003,R_000127,,,5.0,,
201004974,201004985,801000003,R_000128,,,6.0,,
201004974,201004986,801000003,R_000129,,,7.0,,
201004974,201004987,801000003,R_000130,,,8.0,,
201004974,201004988,801000003,R_000131,,,9.0,,
201004974,201004989,801000003,R_000132,,,10.0,,
201004974,201004990,801000003,R_000133,,,11.0,,
201004974,710000000,801000004,R_000134,,,,,
201004974,620000000,801000005,R_000135,,,,,
201004991,201004992,801000001,R_000136,300,克,,蔬菜,True
201004991,201000061,801000001,R_000137,1000,毫升,,其他,False
201004991,201004994,801000003,R_000138,,,1.0,,
201004991,201004995,801000003,R_000139,,,2.0,,
201004991,201004996,801000003,R_000140,,,3.0,,
201004991,201004997,801000003,R_000141,,,4.0,,
201004991,201004998,801000003,R_000142,,,5.0,,
201004991,201004999,801000003,R_000143,,,6.0,,
201004991,201005000,801000003,R_000144,,,7.0,,
201004991,710000000,801000004,R_000145,,,,,
201004991,610000000,801000005,R_000146,,,,,
201005001,201003460,801000001,R_000147,1.8,个,,蔬菜,True
201005001,201000107,801000001,R_000148,1,个,,调料,False
201005001,201003786,801000001,R_000149,正常男子手抓半把,,,蛋白质,False
201005001,201000259,801000001,R_000150,2,颗,,蔬菜,False
201005001,201000029,801000001,R_000151,40,ml,,调料,False
201005001,201005007,801000001,R_000152,没过锅底的两倍,,,调料,False
201005001,201005008,801000003,R_000153,,,1.0,,
201005001,201005009,801000003,R_000154,,,2.0,,
201005001,201005010,801000003,R_000155,,,3.0,,
201005001,201005011,801000003,R_000156,,,4.0,,
201005001,201005012,801000003,R_000157,,,5.0,,
201005001,201005013,801000003,R_000158,,,6.0,,
201005001,201005014,801000003,R_000159,,,7.0,,
201005001,201005015,801000003,R_000160,,,8.0,,
201005001,201005016,801000003,R_000161,,,9.0,,
201005001,201005017,801000003,R_000162,,,10.0,,
201005001,201005018,801000003,R_000163,,,11.0,,
201005001,710000000,801000004,R_000164,,,,,
201005001,630000000,801000005,R_000165,,,,,
201005019,201004065,801000001,R_000166,100,g,,蔬菜,True
201005019,201000009,801000001,R_000167,10-15,ml,,调料,False
201005019,201000680,801000001,R_000168,2,g,,调料,False
201005019,201000061,801000001,R_000169,70,ml,,其他,False
201005019,201000134,801000001,R_000170,5,g,,调料,False
201005019,201005025,801000003,R_000171,,,1.0,,
201005019,201005026,801000003,R_000172,,,2.0,,
201005019,201005027,801000003,R_000173,,,3.0,,
201005019,201005028,801000003,R_000174,,,4.0,,
201005019,201005029,801000003,R_000175,,,5.0,,
201005019,201005030,801000003,R_000176,,,6.0,,
201005019,710000000,801000004,R_000177,,,,,
201005019,620000000,801000005,R_000178,,,,,
201005031,201004769,801000001,R_000001,250,g,,蔬菜,True
201005031,201000087,801000001,R_000002,2,个,,蔬菜,False
201005031,201000062,801000001,R_000003,3,圈,,蔬菜,False
201005031,201000063,801000001,R_000004,2,颗,,蔬菜,False
201005031,201000112,801000001,R_000005,6,ml,,调料,False
201005031,201000113,801000001,R_000006,2,ml,,调料,False
201005031,201004551,801000001,R_000007,6,ml,,调料,False
201005031,201000049,801000001,R_000008,6,g,,调料,False
201005031,201005040,801000003,R_000009,,,1.0,,
201005031,201005041,801000003,R_000010,,,2.0,,
201005031,201005042,801000003,R_000011,,,3.0,,
201005031,201005043,801000003,R_000012,,,4.0,,
201005031,201005044,801000003,R_000013,,,5.0,,
201005031,201005045,801000003,R_000014,,,6.0,,
201005031,201005046,801000003,R_000015,,,7.0,,
201005031,201005047,801000003,R_000016,,,8.0,,
201005031,201005048,801000003,R_000017,,,9.0,,
201005031,710000000,801000004,R_000018,,,,,
201005031,620000000,801000005,R_000019,,,,,
201005049,201005050,801000001,R_000020,0.7,个,,蔬菜,True
201005049,201005051,801000001,R_000021,0.5,个,,蔬菜,False
201005049,201000004,801000001,R_000022,0.3,个,,蔬菜,False
201005049,201003210,801000001,R_000023,1,个,,蔬菜,False
201005049,201000102,801000001,R_000024,0.5,颗,,蔬菜,False
201005049,201000008,801000001,R_000025,3,瓣,,蔬菜,False
201005049,201000006,801000001,R_000026,1,个,,蛋白质,False
201005049,201000301,801000001,R_000027,105,克,,淀粉类,False
201005049,201000295,801000001,R_000028,26.25,克,,淀粉类,False
201005049,201000049,801000001,R_000029,5.25,克,,调料,False
201005049,201000029,801000001,R_000030,5,克,,调料,False
201005049,201000009,801000001,R_000031,505,毫升,,其他,False
201005049,201005062,801000003,R_000032,,,1.0,,
201005049,201005063,801000003,R_000033,,,2.0,,
201005049,201005064,801000003,R_000034,,,3.0,,
201005049,201005065,801000003,R_000035,,,4.0,,
201005049,201005066,801000003,R_000036,,,5.0,,
201005049,201005067,801000003,R_000037,,,6.0,,
201005049,201005068,801000003,R_000038,,,7.0,,
201005049,201005069,801000003,R_000039,,,8.0,,
201005049,201005070,801000003,R_000040,,,9.0,,
201005049,201005071,801000003,R_000041,,,10.0,,
201005049,201005072,801000003,R_000042,,,11.0,,
201005049,201005073,801000003,R_000043,,,12.0,,
201005049,710000000,801000004,R_000044,,,,,
201005049,640000000,801000005,R_000045,,,,,
201005074,201000474,801000001,R_000046,1,块,,蛋白质,True
201005074,201000006,801000001,R_000047,2,个,,蛋白质,True
201005074,201000981,801000001,R_000048,50,g,,淀粉类,False
201005074,201000112,801000001,R_000049,20,g,,调料,False
201005074,201000084,801000001,R_000050,10,g,,调料,False
201005074,201000113,801000001,R_000051,5,g,,调料,False
201005074,201000134,801000001,R_000052,10,g,,调料,False
201005074,201000117,801000001,R_000053,200,ml,,其他,False
201005074,201000009,801000001,R_000054,18,ml,,其他,False
201005074,201005084,801000003,R_000055,,,1.0,,
201005074,201005085,801000003,R_000056,,,2.0,,
201005074,201005086,801000003,R_000057,,,3.0,,
201005074,201005087,801000003,R_000058,,,4.0,,
201005074,201005088,801000003,R_000059,,,5.0,,
201005074,201005089,801000003,R_000060,,,6.0,,
201005074,201005090,801000003,R_000061,,,7.0,,
201005074,201005091,801000003,R_000062,,,8.0,,
201005074,710000000,801000004,R_000063,,,,,
201005074,630000000,801000005,R_000064,,,,,
201005092,201003460,801000001,R_000065,150,克,,蔬菜,True
201005092,201001901,801000001,R_000066,150,克,,蔬菜,True
201005092,201004531,801000001,R_000067,180,克,,蛋白质,True
201005092,201005051,801000001,R_000068,50,克,,蔬菜,False
201005092,201000029,801000001,R_000069,15,毫升,,调料,False
201005092,201000049,801000001,R_000070,5,克,,调料,False
201005092,201000063,801000001,R_000071,3,瓣,,调料,False
201005092,201000009,801000001,R_000072,13,毫升,,调料,False
201005092,201000373,801000001,R_000073,适量,毫升,,其他,False
201005092,201005102,801000003,R_000074,,,1.0,,
201005092,201005103,801000003,R_000075,,,2.0,,
201005092,201005104,801000003,R_000076,,,3.0,,
201005092,201005105,801000003,R_000077,,,4.0,,
201005092,201005106,801000003,R_000078,,,5.0,,
201005092,201005107,801000003,R_000079,,,6.0,,
201005092,201005108,801000003,R_000080,,,7.0,,
201005092,201005109,801000003,R_000081,,,8.0,,
201005092,201005110,801000003,R_000082,,,9.0,,
201005092,201005111,801000003,R_000083,,,10.0,,
201005092,710000000,801000004,R_000084,,,,,
201005092,630000000,801000005,R_000085,,,,,
201005112,201005113,801000001,R_000086,0.8,块,,蛋白质,True
201005112,201000062,801000001,R_000087,0.67,根,,蔬菜,True
201005112,201005051,801000001,R_000088,0.5,只,,蔬菜,True
201005112,201000049,801000001,R_000089,3,克,,调料,False
201005112,201000111,801000001,R_000090,1.5,克,,调料,False
201005112,201000009,801000001,R_000091,9,毫升,,调料,False
201005112,201000373,801000001,R_000092,10,毫升,,其他,False
201005112,201005120,801000003,R_000093,,,1.0,,
201005112,201005121,801000003,R_000094,,,2.0,,
201005112,201005122,801000003,R_000095,,,3.0,,
201005112,201005123,801000003,R_000096,,,4.0,,
201005112,201005124,801000003,R_000097,,,5.0,,
201005112,201005125,801000003,R_000098,,,6.0,,
201005112,201005126,801000003,R_000099,,,7.0,,
201005112,201005127,801000003,R_000100,,,8.0,,
201005112,201005128,801000003,R_000101,,,9.0,,
201005112,710000000,801000004,R_000102,,,,,
201005112,630000000,801000005,R_000103,,,,,
201005129,201005130,801000001,R_000104,200,g,,蔬菜,True
201005129,201000008,801000001,R_000105,3,瓣,,调料,False
201005129,201000112,801000001,R_000106,10,ml,,调料,False
201005129,201000084,801000001,R_000107,5,ml,,调料,False
201005129,201000134,801000001,R_000108,2,g,,调料,False
201005129,201000009,801000001,R_000109,10,ml,,调料,False
201005129,201000061,801000001,R_000110,1030,ml,,其他,False
201005129,201005137,801000003,R_000111,,,1.0,,
201005129,201005138,801000003,R_000112,,,2.0,,
201005129,201005139,801000003,R_000113,,,3.0,,
201005129,201005140,801000003,R_000114,,,4.0,,
201005129,201005141,801000003,R_000115,,,5.0,,
201005129,201005142,801000003,R_000116,,,6.0,,
201005129,201005143,801000003,R_000117,,,7.0,,
201005129,201005144,801000003,R_000118,,,8.0,,
201005129,201005145,801000003,R_000119,,,9.0,,
201005129,710000000,801000004,R_000120,,,,,
201005129,620000000,801000005,R_000121,,,,,
201005146,201003460,801000001,R_000122,1,个,,蔬菜,True
201005146,201000961,801000001,R_000123,20,毫升,,调料,False
201005146,201000134,801000001,R_000124,15,毫升,,调料,False
201005146,201000112,801000001,R_000125,40,毫升,,调料,False
201005146,201000113,801000001,R_000126,10,毫升,,调料,False
201005146,201000028,801000001,R_000127,20,毫升,,调料,False
201005146,201000373,801000001,R_000128,100,毫升,,其他,False
201005146,201002187,801000001,R_000129,适量,,,其他,False
201005146,201000339,801000001,R_000130,适量,,,蔬菜,False
201005146,201005156,801000003,R_000131,,,1.0,,
201005146,201005157,801000003,R_000132,,,2.0,,
201005146,201005158,801000003,R_000133,,,3.0,,
201005146,201005159,801000003,R_000134,,,4.0,,
201005146,201005160,801000003,R_000135,,,5.0,,
201005146,201005161,801000003,R_000136,,,6.0,,
201005146,201005162,801000003,R_000137,,,7.0,,
201005146,201005163,801000003,R_000138,,,8.0,,
201005146,710000000,801000004,R_000139,,,,,
201005146,630000000,801000005,R_000140,,,,,
201005164,201000578,801000001,R_000141,200,g,,蔬菜,True
201005164,201000084,801000001,R_000142,7,ml,,调料,False
201005164,201000008,801000001,R_000143,4.5,瓣,,调料,False
201005164,201000112,801000001,R_000144,6,ml,,调料,False
201005164,201000049,801000001,R_000145,0.5,g,,调料,False
201005164,201000134,801000001,R_000146,1,g,,调料,False
201005164,201000009,801000001,R_000147,6.5,ml,,调料,False
201005164,201000117,801000001,R_000148,1015,ml,,其他,False
201005164,201005173,801000003,R_000149,,,1.0,,
201005164,201005174,801000003,R_000150,,,2.0,,
201005164,201005175,801000003,R_000151,,,3.0,,
201005164,201005176,801000003,R_000152,,,4.0,,
201005164,201005177,801000003,R_000153,,,5.0,,
201005164,201005178,801000003,R_000154,,,6.0,,
201005164,201005179,801000003,R_000155,,,7.0,,
201005164,201005180,801000003,R_000156,,,8.0,,
201005164,710000000,801000004,R_000157,,,,,
201005164,620000000,801000005,R_000158,,,,,
201005181,201003210,801000001,R_000159,1,个,,蔬菜,True
201005181,201000006,801000001,R_000160,1.5,个,,蛋白质,True
201005181,201000009,801000001,R_000161,6,ml,,调料,False
201005181,201000049,801000001,R_000162,1.5,g,,调料,False
201005181,201000050,801000001,R_000163,0,g,,调料,False
201005181,201000618,801000001,R_000164,0,g,,蔬菜,False
201005181,201005188,801000003,R_000165,,,1.0,,
201005181,201005189,801000003,R_000166,,,2.0,,
201005181,201005190,801000003,R_000167,,,3.0,,
201005181,201005191,801000003,R_000168,,,4.0,,
201005181,201005192,801000003,R_000169,,,5.0,,
201005181,201005193,801000003,R_000170,,,6.0,,
201005181,201005194,801000003,R_000171,,,7.0,,
201005181,710000000,801000004,R_000172,,,,,
201005181,620000000,801000005,R_000173,,,,,
201005195,201001901,801000001,R_000174,240,g,,蔬菜,True
201005195,201000008,801000001,R_000175,4,瓣,,调料,False
201005195,201000438,801000001,R_000176,0.5,个,,蔬菜,False
201005195,201001432,801000001,R_000177,0.5,个,,蔬菜,False
201005195,201000077,801000001,R_000178,3,个,,调料,False
201005195,201000062,801000001,R_000179,1,根,,蔬菜,False
201005195,201000112,801000001,R_000180,5,ml,,调料,False
201005195,201000114,801000001,R_000181,10,ml,,调料,False
201005195,201000049,801000001,R_000182,2,g,,调料,False
201005195,201000009,801000001,R_000183,10-15,ml,,调料,False
201005195,201005206,801000003,R_000184,,,1.0,,
201005195,201005207,801000003,R_000185,,,2.0,,
201005195,201005208,801000003,R_000186,,,3.0,,
201005195,201005209,801000003,R_000187,,,4.0,,
201005195,201005210,801000003,R_000188,,,5.0,,
201005195,201005211,801000003,R_000189,,,6.0,,
201005195,710000000,801000004,R_000190,,,,,
201005195,620000000,801000005,R_000191,,,,,
201005212,201003863,801000001,R_000001,1-2,把,,蔬菜,True
201005212,201005214,801000001,R_000002,2,袋,,蛋白质,True
201005212,201000087,801000001,R_000003,3-5,根,,蔬菜,False
201005212,201000063,801000001,R_000004,2-3,瓣,,蔬菜,False
201005212,201000112,801000001,R_000005,15,毫升,,调料,False
201005212,201000084,801000001,R_000006,5,毫升,,调料,False
201005212,201000113,801000001,R_000007,3,毫升,,调料,False
201005212,201000050,801000001,R_000008,3,克,,调料,False
201005212,201000009,801000001,R_000009,10-15,毫升,,调料,False
201005212,201000373,801000001,R_000010,100,毫升,,其他,False
201005212,201005223,801000003,R_000011,,,1.0,,
201005212,201005224,801000003,R_000012,,,2.0,,
201005212,201005225,801000003,R_000013,,,3.0,,
201005212,710000000,801000004,R_000014,,,,,
201005212,620000000,801000005,R_000015,,,,,
201005226,201004769,801000001,R_000016,600,g,,蔬菜,True
201005226,201001901,801000001,R_000017,2,个,,蔬菜,True
201005226,201003210,801000001,R_000018,2,个,,蔬菜,True
201005226,201002558,801000001,R_000019,4,个,,蔬菜,False
201005226,201000049,801000001,R_000020,12,g,,调料,False
201005226,201000112,801000001,R_000021,12,ml,,调料,False
201005226,201000779,801000001,R_000022,6,g,,调料,False
201005226,201000084,801000001,R_000023,12,ml,,调料,False
201005226,201000062,801000001,R_000024,3,圈,,调料,False
201005226,201000027,801000001,R_000025,2,g,,调料,False
201005226,201000063,801000001,R_000026,2,颗,,调料,False
201005226,201005238,801000001,R_000027,适量,,,蔬菜,False
201005226,201000009,801000001,R_000028,10-15,ml,,调料,False
201005226,201005240,801000003,R_000029,,,1.0,,
201005226,201005241,801000003,R_000030,,,2.0,,
201005226,201005242,801000003,R_000031,,,3.0,,
201005226,201005243,801000003,R_000032,,,4.0,,
201005226,201005244,801000003,R_000033,,,5.0,,
201005226,201005245,801000003,R_000034,,,6.0,,
201005226,201005246,801000003,R_000035,,,7.0,,
201005226,201005247,801000003,R_000036,,,8.0,,
201005226,201005248,801000003,R_000037,,,9.0,,
201005226,201005249,801000003,R_000038,,,10.0,,
201005226,201005250,801000003,R_000039,,,11.0,,
201005226,710000000,801000004,R_000040,,,,,
201005226,620000000,801000005,R_000041,,,,,
201005251,201003747,801000001,R_000042,2,个,,蛋白质,True
201005251,201000438,801000001,R_000043,4,根,,蔬菜,True
201005251,201000062,801000001,R_000044,10,cm,,蔬菜,False
201005251,201000063,801000001,R_000045,3.5,瓣,,蔬菜,False
201005251,201000340,801000001,R_000046,3.5,颗,,蔬菜,False
201005251,201000009,801000001,R_000047,15,ml,,调料,False
201005251,201000112,801000001,R_000048,17.5,ml,,调料,False
201005251,201000114,801000001,R_000049,17.5,ml,,调料,False
201005251,201000134,801000001,R_000050,8,g,,调料,False
201005251,201000786,801000001,R_000051,6,ml,,调料,False
201005251,201005262,801000003,R_000052,,,1.0,,
201005251,201005263,801000003,R_000053,,,2.0,,
201005251,201005264,801000003,R_000054,,,3.0,,
201005251,201005265,801000003,R_000055,,,4.0,,
201005251,201005266,801000003,R_000056,,,5.0,,
201005251,201005267,801000003,R_000057,,,6.0,,
201005251,201005268,801000003,R_000058,,,7.0,,
201005251,201005269,801000003,R_000059,,,8.0,,
201005251,201005270,801000003,R_000060,,,9.0,,
201005251,201005271,801000003,R_000061,,,10.0,,
201005251,710000000,801000004,R_000062,,,,,
201005251,620000000,801000005,R_000063,,,,,
201005272,201002147,801000001,R_000064,200,g,,蔬菜,True
201005272,201000006,801000001,R_000065,2,个,,蛋白质,True
201005272,201004079,801000001,R_000066,40,g,,蛋白质,True
201005272,201005276,801000001,R_000067,1,个,,蔬菜,False
201005272,201000009,801000001,R_000068,10,ml,,调料,False
201005272,201000112,801000001,R_000069,3,ml,,调料,False
201005272,201000049,801000001,R_000070,2,g,,调料,False
201005272,201005280,801000003,R_000071,,,1.0,,
201005272,201005281,801000003,R_000072,,,2.0,,
201005272,201005282,801000003,R_000073,,,3.0,,
201005272,201005283,801000003,R_000074,,,4.0,,
201005272,201005284,801000003,R_000075,,,5.0,,
201005272,201005285,801000003,R_000076,,,6.0,,
201005272,201005286,801000003,R_000077,,,7.0,,
201005272,201005287,801000003,R_000078,,,8.0,,
201005272,201005288,801000003,R_000079,,,9.0,,
201005272,710000000,801000004,R_000080,,,,,
201005272,620000000,801000005,R_000081,,,,,
201005289,201000458,801000001,R_000082,700,g,,蔬菜,True
201005289,201003747,801000001,R_000083,1,个,,蛋白质,True
201005289,201005292,801000001,R_000084,适量,,,蛋白质,True
201005289,201003863,801000001,R_000085,10,g,,蔬菜,False
201005289,201000062,801000001,R_000086,3,g,,蔬菜,False
201005289,201000027,801000001,R_000087,10,g,,蔬菜,False
201005289,201000063,801000001,R_000088,10,g,,蔬菜,False
201005289,201000049,801000001,R_000089,适量,,,调料,False
201005289,201000050,801000001,R_000090,适量,,,调料,False
201005289,201000295,801000001,R_000091,适量,,,淀粉类,False
201005289,201000084,801000001,R_000092,适量,,,调料,False
201005289,201000088,801000001,R_000093,适量,,,调料,False
201005289,201005302,801000003,R_000094,,,1.0,,
201005289,201005303,801000003,R_000095,,,2.0,,
201005289,201005304,801000003,R_000096,,,3.0,,
201005289,201005305,801000003,R_000097,,,4.0,,
201005289,201005306,801000003,R_000098,,,5.0,,
201005289,201005307,801000003,R_000099,,,6.0,,
201005289,201005308,801000003,R_000100,,,7.0,,
201005289,201005309,801000003,R_000101,,,8.0,,
201005289,201005310,801000003,R_000102,,,9.0,,
201005289,201005311,801000003,R_000103,,,10.0,,
201005289,710000000,801000004,R_000104,,,,,
201005289,630000000,801000005,R_000105,,,,,
201005312,201005313,801000001,R_000106,20,g,,蔬菜,True
201005312,201005314,801000001,R_000107,120,g,,蔬菜,True
201005312,201000076,801000001,R_000108,2,个,,调料,False
201005312,201000340,801000001,R_000109,2,个,,调料,False
201005312,201000049,801000001,R_000110,2,g,,调料,False
201005312,201000134,801000001,R_000111,7.5,g,,调料,False
201005312,201000112,801000001,R_000112,15,ml,,调料,False
201005312,201000081,801000001,R_000113,15,ml,,调料,False
201005312,201000786,801000001,R_000114,5,ml,,调料,False
201005312,201000322,801000001,R_000115,2,cm,,调料,False
201005312,201005323,801000003,R_000116,,,1.0,,
201005312,201005324,801000003,R_000117,,,2.0,,
201005312,201005325,801000003,R_000118,,,3.0,,
201005312,201005326,801000003,R_000119,,,4.0,,
201005312,201005327,801000003,R_000120,,,5.0,,
201005312,201005328,801000003,R_000121,,,6.0,,
201005312,710000000,801000004,R_000122,,,,,
201005312,620000000,801000005,R_000123,,,,,
201005329,201002462,801000001,R_000124,1,根,,蔬菜,True
201005329,201005331,801000001,R_000125,0.25,根,,蔬菜,False
201005329,201000340,801000001,R_000126,2,个,,蔬菜,False
201005329,201000027,801000001,R_000127,1,片,,调料,False
201005329,201000829,801000001,R_000128,2,粒,,调料,False
201005329,201000049,801000001,R_000129,5,g,,调料,False
201005329,201000009,801000001,R_000130,25,ml,,调料,False
201005329,201005337,801000003,R_000131,,,1.0,,
201005329,201005338,801000003,R_000132,,,2.0,,
201005329,201005339,801000003,R_000133,,,3.0,,
201005329,201005340,801000003,R_000134,,,4.0,,
201005329,201005341,801000003,R_000135,,,5.0,,
201005329,710000000,801000004,R_000136,,,,,
201005329,620000000,801000005,R_000137,,,,,
201005342,201003802,801000001,R_000138,0.5,颗,,蔬菜,True
201005342,201000006,801000001,R_000139,2,个,,蛋白质,True
201005342,201003718,801000001,R_000140,1,把,,淀粉类,True
201005342,201001855,801000001,R_000141,0.5,根,,蔬菜,True
201005342,201000046,801000001,R_000142,20,ml,,调料,False
201005342,201000049,801000001,R_000143,2,g,,调料,False
201005342,201000112,801000001,R_000144,15,ml,,调料,False
201005342,201000113,801000001,R_000145,10,ml,,调料,False
201005342,201000084,801000001,R_000146,10,ml,,调料,False
201005342,201000062,801000001,R_000147,0.5,根,,蔬菜,False
201005342,201000076,801000001,R_000148,2,片,,蔬菜,False
201005342,201000077,801000001,R_000149,5,根,,调料,False
201005342,201005355,801000003,R_000150,,,1.0,,
201005342,201005356,801000003,R_000151,,,2.0,,
201005342,201005357,801000003,R_000152,,,3.0,,
201005342,201005358,801000003,R_000153,,,4.0,,
201005342,201005359,801000003,R_000154,,,5.0,,
201005342,201005360,801000003,R_000155,,,6.0,,
201005342,201005361,801000003,R_000156,,,7.0,,
201005342,201005362,801000003,R_000157,,,8.0,,
201005342,201005363,801000003,R_000158,,,9.0,,
201005342,201005364,801000003,R_000159,,,10.0,,
201005342,201005365,801000003,R_000160,,,11.0,,
201005342,710000000,801000004,R_000161,,,,,
201005342,630000000,801000005,R_000162,,,,,
201005366,201000102,801000001,R_000163,1,段,,蔬菜,True
201005366,201000340,801000001,R_000164,1-2,根,,蔬菜,True
201005366,201005369,801000001,R_000165,1,段,,蔬菜,True
201005366,201000112,801000001,R_000166,30,毫升,,调料,False
201005366,201000113,801000001,R_000167,15,毫升,,调料,False
201005366,201004551,801000001,R_000168,15,毫升,,调料,False
201005366,201000009,801000001,R_000169,10-15,毫升,,调料,False
201005366,201005374,801000003,R_000170,,,1.0,,
201005366,201005375,801000003,R_000171,,,2.0,,
201005366,201005376,801000003,R_000172,,,3.0,,
201005366,201005377,801000003,R_000173,,,4.0,,
201005366,201005378,801000003,R_000174,,,5.0,,
201005366,201005379,801000003,R_000175,,,6.0,,
201005366,201005380,801000003,R_000176,,,7.0,,
201005366,201005381,801000003,R_000177,,,8.0,,
201005366,201005382,801000003,R_000178,,,9.0,,
201005366,710000000,801000004,R_000179,,,,,
201005366,630000000,801000005,R_000180,,,,,
201005383,201004975,801000001,R_000181,400,g,,蔬菜,True
201005383,201000129,801000001,R_000182,100,g,,蛋白质,True
201005383,201003180,801000001,R_000183,1.5,根,,蔬菜,False
201005383,201000112,801000001,R_000184,10,ml,,调料,False
201005383,201000134,801000001,R_000185,5,g,,调料,False
201005383,201000076,801000001,R_000186,3.5,个,,蔬菜,False
201005383,201000049,801000001,R_000187,2,g,,调料,False
201005383,201000078,801000001,R_000188,10,ml,,调料,False
201005383,201005392,801000003,R_000189,,,1.0,,
201005383,201005393,801000003,R_000190,,,2.0,,
201005383,201005394,801000003,R_000191,,,3.0,,
201005383,201005395,801000003,R_000192,,,4.0,,
201005383,201005396,801000003,R_000193,,,5.0,,
201005383,201005397,801000003,R_000194,,,6.0,,
201005383,201005398,801000003,R_000195,,,7.0,,
201005383,201005399,801000003,R_000196,,,8.0,,
201005383,201005400,801000003,R_000197,,,9.0,,
201005383,710000000,801000004,R_000198,,,,,
201005383,630000000,801000005,R_000199,,,,,
201005401,201003802,801000001,R_000001,1,颗,,蔬菜,True
201005401,201000129,801000001,R_000002,200,g,,蛋白质,False
201005401,201000340,801000001,R_000003,2,根,,蔬菜,False
201005401,201000009,801000001,R_000004,60,ml,,调料,False
201005401,201000028,801000001,R_000005,5,ml,,调料,False
201005401,201000112,801000001,R_000006,5,ml,,调料,False
201005401,201000282,801000001,R_000007,5,ml,,调料,False
201005401,201000111,801000001,R_000008,2,g,,调料,False
201005401,201000027,801000001,R_000009,2,片,,调料,False
201005401,201000829,801000001,R_000010,2,粒,,调料,False
201005401,201001436,801000001,R_000011,0.5,根,,蔬菜,False
201005401,201000049,801000001,R_000012,5,g,,调料,False
201005401,201005414,801000003,R_000013,,,1.0,,
201005401,201005415,801000003,R_000014,,,2.0,,
201005401,201005416,801000003,R_000015,,,3.0,,
201005401,201005417,801000003,R_000016,,,4.0,,
201005401,201005418,801000003,R_000017,,,5.0,,
201005401,201005419,801000003,R_000018,,,6.0,,
201005401,201005420,801000003,R_000019,,,7.0,,
201005401,201005421,801000003,R_000020,,,8.0,,
201005401,710000000,801000004,R_000021,,,,,
201005401,630000000,801000005,R_000022,,,,,
201005422,201001901,801000001,R_000023,2,个,,蔬菜,True
201005422,201000009,801000001,R_000024,300,毫升,,调料,False
201005422,201000295,801000001,R_000025,30,克,,淀粉类,False
201005422,201000083,801000001,R_000026,120,克,,调料,False
201005422,201000373,801000001,R_000027,100,毫升,,调料,False
201005422,201000281,801000001,R_000028,5,克,,调料,False
201005422,201005429,801000003,R_000029,,,1.0,,
201005422,201005430,801000003,R_000030,,,2.0,,
201005422,201005431,801000003,R_000031,,,3.0,,
201005422,201005432,801000003,R_000032,,,4.0,,
201005422,201005433,801000003,R_000033,,,5.0,,
201005422,201005434,801000003,R_000034,,,6.0,,
201005422,710000000,801000004,R_000035,,,,,
201005422,630000000,801000005,R_000036,,,,,
201005435,201004266,801000001,R_000037,350,g,,蔬菜,True
201005435,201000295,801000001,R_000038,40-70,g,,淀粉类,False
201005435,201001731,801000001,R_000039,10,g,,调料,False
201005435,201005439,801000001,R_000040,10,g,,调料,False
201005435,201000078,801000001,R_000041,铺满锅底,适量,,调料,False
201005435,201005441,801000003,R_000042,,,1.0,,
201005435,201005442,801000003,R_000043,,,2.0,,
201005435,201005443,801000003,R_000044,,,3.0,,
201005435,201005444,801000003,R_000045,,,4.0,,
201005435,201005445,801000003,R_000046,,,5.0,,
201005435,201005446,801000003,R_000047,,,6.0,,
201005435,201005447,801000003,R_000048,,,7.0,,
201005435,201005448,801000003,R_000049,,,8.0,,
201005435,710000000,801000004,R_000050,,,,,
201005435,630000000,801000005,R_000051,,,,,
201005449,201005450,801000001,R_000052,220,g,,蔬菜,True
201005449,201000129,801000001,R_000053,100,g,,蛋白质,True
201005449,201005452,801000001,R_000054,20,g,,调料,False
201005449,201000008,801000001,R_000055,10,g,,调料,False
201005449,201000340,801000001,R_000056,10,g,,调料,False
201005449,201000009,801000001,R_000057,30,ml,,调料,False
201005449,201000029,801000001,R_000058,2,ml,,调料,False
201005449,201000049,801000001,R_000059,2,g,,调料,False
201005449,201000111,801000001,R_000060,1,g,,调料,False
201005449,201000778,801000001,R_000061,1,g,,调料,False
201005449,201000050,801000001,R_000062,0.5,g,,调料,False
201005449,201005461,801000003,R_000063,,,1.0,,
201005449,201005462,801000003,R_000064,,,2.0,,
201005449,201005463,801000003,R_000065,,,3.0,,
201005449,201005464,801000003,R_000066,,,4.0,,
201005449,201005465,801000003,R_000067,,,5.0,,
201005449,201005466,801000003,R_000068,,,6.0,,
201005449,201005467,801000003,R_000069,,,7.0,,
201005449,201005468,801000003,R_000070,,,8.0,,
201005449,201005469,801000003,R_000071,,,9.0,,
201005449,201005470,801000003,R_000072,,,10.0,,
201005449,710000000,801000004,R_000073,,,,,
201005449,630000000,801000005,R_000074,,,,,
201005471,201000006,801000001,R_000075,2,个,,蛋白质,True
201005471,201000004,801000001,R_000076,50,g,,蔬菜,True
201005471,201000009,801000001,R_000077,50,ml,,调料,False
201005471,201000049,801000001,R_000078,2,g,,调料,False
201005471,201000062,801000001,R_000079,0.5,根,,蔬菜,False
201005471,201000028,801000001,R_000080,2,ml,,调料,False
201005471,201005478,801000003,R_000081,,,1.0,,
201005471,201005479,801000003,R_000082,,,2.0,,
201005471,201005480,801000003,R_000083,,,3.0,,
201005471,710000000,801000004,R_000084,,,,,
201005471,620000000,801000005,R_000085,,,,,
201005481,201000006,801000001,R_000086,4,个,,蛋白质,True
201005481,201000560,801000001,R_000087,30,毫升,,蛋白质,False
201005481,201000009,801000001,R_000088,10,毫升,,调料,False
201005481,201000187,801000001,R_000089,适量,,,调料,False
201005481,201000049,801000001,R_000090,适量,,,调料,False
201005481,201005487,801000003,R_000091,,,1.0,,
201005481,201005488,801000003,R_000092,,,2.0,,
201005481,201005489,801000003,R_000093,,,3.0,,
201005481,201005490,801000003,R_000094,,,4.0,,
201005481,201005491,801000003,R_000095,,,5.0,,
201005481,710000000,801000004,R_000096,,,,,
201005481,610000000,801000005,R_000097,,,,,
201005492,201003460,801000001,R_000098,1,个,,蔬菜,True
201005492,201000009,801000001,R_000099,20-30,毫升,,调料,False
201005492,201000029,801000001,R_000100,4-6,克,,调料,False
201005492,201000087,801000001,R_000101,1,个,,蔬菜,False
201005492,201001507,801000001,R_000102,3-4,瓣,,调料,False
201005492,201005498,801000001,R_000103,1-3,克,,调料,False
201005492,201000228,801000001,R_000104,0.5-2,克,,调料,False
201005492,201005500,801000003,R_000105,,,1.0,,
201005492,201005501,801000003,R_000106,,,2.0,,
201005492,201005502,801000003,R_000107,,,3.0,,
201005492,201005503,801000003,R_000108,,,4.0,,
201005492,201005504,801000003,R_000109,,,5.0,,
201005492,201005505,801000003,R_000110,,,6.0,,
201005492,201005506,801000003,R_000111,,,7.0,,
201005492,201005507,801000003,R_000112,,,8.0,,
201005492,201005508,801000003,R_000113,,,9.0,,
201005492,201005509,801000003,R_000114,,,10.0,,
201005492,201005510,801000003,R_000115,,,11.0,,
201005492,710000000,801000004,R_000116,,,,,
201005492,630000000,801000005,R_000117,,,,,
201005511,201005512,801000001,R_000118,250,g,,蔬菜,True
201005511,201000009,801000001,R_000119,10,g,,调料,False
201005511,201000112,801000001,R_000120,5,g,,调料,False
201005511,201000084,801000001,R_000121,5,g,,调料,False
201005511,201000049,801000001,R_000122,5,g,,调料,False
201005511,201000050,801000001,R_000123,5,g,,调料,False
201005511,201000008,801000001,R_000124,4,瓣,,调料,False
201005511,201000340,801000001,R_000125,2,根,,调料,False
201005511,201000117,801000001,R_000126,500,ml,,其他,False
201005511,201005521,801000003,R_000127,,,1.0,,
201005511,201005522,801000003,R_000128,,,2.0,,
201005511,201005523,801000003,R_000129,,,3.0,,
201005511,201005524,801000003,R_000130,,,4.0,,
201005511,201005525,801000003,R_000131,,,5.0,,
201005511,201005526,801000003,R_000132,,,6.0,,
201005511,201005527,801000003,R_000133,,,7.0,,
201005511,710000000,801000004,R_000134,,,,,
201005511,620000000,801000005,R_000135,,,,,
201005528,201003210,801000001,R_000136,200,克,,蔬菜,True
201005528,201000083,801000001,R_000137,20,克,,调料,False
201005528,201005531,801000003,R_000138,,,1.0,,
201005528,201005532,801000003,R_000139,,,2.0,,
201005528,201005533,801000003,R_000140,,,3.0,,
201005528,201005534,801000003,R_000141,,,4.0,,
201005528,201005535,801000003,R_000142,,,5.0,,
201005528,201005536,801000003,R_000143,,,6.0,,
201005528,201005537,801000003,R_000144,,,7.0,,
201005528,710000000,801000004,R_000145,,,,,
201005528,620000000,801000005,R_000146,,,,,
201005538,201001176,801000001,R_000147,300,g,,蔬菜,True
201005538,201000009,801000001,R_000148,50,ml,,调料,False
201005538,201000028,801000001,R_000149,2,ml,,调料,False
201005538,201000295,801000001,R_000150,10,g,,淀粉类,False
201005538,201000112,801000001,R_000151,10,ml,,调料,False
201005538,201000113,801000001,R_000152,15,ml,,调料,False
201005538,201000111,801000001,R_000153,3,g,,调料,False
201005538,201000259,801000001,R_000154,0.5,根,,蔬菜,False
201005538,201001675,801000001,R_000155,1,粒,,调料,False
201005538,201000084,801000001,R_000156,15,ml,,调料,False
201005538,201005549,801000003,R_000157,,,1.0,,
201005538,201005550,801000003,R_000158,,,2.0,,
201005538,201005551,801000003,R_000159,,,3.0,,
201005538,201005552,801000003,R_000160,,,4.0,,
201005538,201005553,801000003,R_000161,,,5.0,,
201005538,201005554,801000003,R_000162,,,6.0,,
201005538,201005555,801000003,R_000163,,,7.0,,
201005538,201005556,801000003,R_000164,,,8.0,,
201005538,710000000,801000004,R_000165,,,,,
201005538,630000000,801000005,R_000166,,,,,
201005557,201005558,801000001,R_000001,1,瓶,,蔬菜,True
201005557,201001758,801000001,R_000002,250-300,g,,蔬菜,True
201005557,201000786,801000001,R_000003,5,ml,,调料,False
201005557,201000084,801000001,R_000004,7,ml,,调料,False
201005557,201000137,801000001,R_000005,3,ml,,调料,False
201005557,201000228,801000001,R_000006,2,g,,调料,False
201005557,201005564,801000003,R_000007,,,1.0,,
201005557,201005565,801000003,R_000008,,,2.0,,
201005557,201005566,801000003,R_000009,,,3.0,,
201005557,201005567,801000003,R_000010,,,4.0,,
201005557,201005568,801000003,R_000011,,,5.0,,
201005557,201005569,801000003,R_000012,,,6.0,,
201005557,201005570,801000003,R_000013,,,7.0,,
201005557,201005571,801000003,R_000014,,,8.0,,
201005557,201005572,801000003,R_000015,,,9.0,,
201005557,710000000,801000004,R_000016,,,,,
201005557,620000000,801000005,R_000017,,,,,
201005573,201005574,801000001,R_000018,50,g,,蔬菜,True
201005573,201000006,801000001,R_000019,2,个,,蛋白质,True
201005573,201000009,801000001,R_000020,30,ml,,调料,False
201005573,201000112,801000001,R_000021,5,ml,,调料,False
201005573,201000295,801000001,R_000022,15,g,,淀粉类,False
201005573,201000111,801000001,R_000023,2,g,,调料,False
201005573,201005580,801000003,R_000024,,,1.0,,
201005573,201005581,801000003,R_000025,,,2.0,,
201005573,201005582,801000003,R_000026,,,3.0,,
201005573,710000000,801000004,R_000027,,,,,
201005573,620000000,801000005,R_000028,,,,,
201005583,201005584,801000001,R_000029,350,g,,蔬菜,True
201005583,201000006,801000001,R_000030,2,个,,蛋白质,True
201005583,201000009,801000001,R_000031,15,ml,,调料,False
201005583,201000228,801000001,R_000032,5,g,,调料,False
201005583,201005588,801000003,R_000033,,,1.0,,
201005583,201005589,801000003,R_000034,,,2.0,,
201005583,201005590,801000003,R_000035,,,3.0,,
201005583,201005591,801000003,R_000036,,,4.0,,
201005583,201005592,801000003,R_000037,,,5.0,,
201005583,201005593,801000003,R_000038,,,6.0,,
201005583,201005594,801000003,R_000039,,,7.0,,
201005583,201005595,801000003,R_000040,,,8.0,,
201005583,710000000,801000004,R_000041,,,,,
201005583,620000000,801000005,R_000042,,,,,
201005596,201005597,801000001,R_000043,250,克,,蔬菜,True
201005596,201000008,801000001,R_000044,0.5,个,,调料,False
201005596,201000009,801000001,R_000045,45,毫升,,调料,False
201005596,201000049,801000001,R_000046,2,克,,调料,False
201005596,201000134,801000001,R_000047,3,克,,调料,False
201005596,201000112,801000001,R_000048,8,毫升,,调料,False
201005596,201005603,801000003,R_000049,,,1.0,,
201005596,201005604,801000003,R_000050,,,2.0,,
201005596,201005605,801000003,R_000051,,,3.0,,
201005596,201005606,801000003,R_000052,,,4.0,,
201005596,201005607,801000003,R_000053,,,5.0,,
201005596,201005608,801000003,R_000054,,,6.0,,
201005596,710000000,801000004,R_000055,,,,,
201005596,620000000,801000005,R_000056,,,,,
201005609,201000438,801000001,R_000057,5,个,,蔬菜,True
201005609,201000008,801000001,R_000058,2.5,瓣,,调料,False
201005609,201000078,801000001,R_000059,20,毫升,,调料,False
201005609,201000134,801000001,R_000060,15,克,,调料,False
201005609,201000112,801000001,R_000061,15,毫升,,调料,False
201005609,201000282,801000001,R_000062,15,毫升,,调料,False
201005609,201000049,801000001,R_000063,4,克,,调料,False
201005609,201005617,801000003,R_000064,,,1.0,,
201005609,201005618,801000003,R_000065,,,2.0,,
201005609,201005619,801000003,R_000066,,,3.0,,
201005609,201005620,801000003,R_000067,,,4.0,,
201005609,201005621,801000003,R_000068,,,5.0,,
201005609,201005622,801000003,R_000069,,,6.0,,
201005609,201005623,801000003,R_000070,,,7.0,,
201005609,201005624,801000003,R_000071,,,8.0,,
201005609,201005625,801000003,R_000072,,,9.0,,
201005609,710000000,801000004,R_000073,,,,,
201005609,630000000,801000005,R_000074,,,,,
201005626,201003151,801000001,R_000075,2,朵,,蔬菜,True
201005626,201003152,801000001,R_000076,30,g,,蔬菜,True
201005626,201005629,801000001,R_000077,30,g,,蔬菜,True
201005626,201000340,801000001,R_000078,1,根,,蔬菜,False
201005626,201002651,801000001,R_000079,0.5,颗,,蔬菜,False
201005626,201000009,801000001,R_000080,10,ml,,调料,False
201005626,201000228,801000001,R_000081,5,g,,调料,False
201005626,201000028,801000001,R_000082,2,ml,,调料,False
201005626,201000295,801000001,R_000083,10,g,,淀粉类,False
201005626,201000112,801000001,R_000084,10,ml,,调料,False
201005626,201000111,801000001,R_000085,3,g,,调料,False
201005626,201000259,801000001,R_000086,0.5,根,,蔬菜,False
201005626,201001675,801000001,R_000087,1,粒,,调料,False
201005626,201000084,801000001,R_000088,5,ml,,调料,False
201005626,201000010,801000001,R_000089,350,ml,,其他,False
201005626,201005642,801000001,R_000090,100,g,,蔬菜,False
201005626,201005643,801000003,R_000091,,,1.0,,
201005626,201005644,801000003,R_000092,,,2.0,,
201005626,201005645,801000003,R_000093,,,3.0,,
201005626,201005646,801000003,R_000094,,,4.0,,
201005626,201005647,801000003,R_000095,,,5.0,,
201005626,201005648,801000003,R_000096,,,6.0,,
201005626,201005649,801000003,R_000097,,,7.0,,
201005626,201005650,801000003,R_000098,,,8.0,,
201005626,201005651,801000003,R_000099,,,9.0,,
201005626,201005652,801000003,R_000100,,,10.0,,
201005626,710000000,801000004,R_000101,,,,,
201005626,630000000,801000005,R_000102,,,,,
201005653,201003210,801000001,R_000103,1,个,,蔬菜,True
201005653,201000006,801000001,R_000104,1,个,,蛋白质,True
201005653,201003918,801000001,R_000105,100,g,,蛋白质,True
201005653,201000009,801000001,R_000106,5,ml,,调料,False
201005653,201000049,801000001,R_000107,2,g,,调料,False
201005653,201000295,801000001,R_000108,5,g,,淀粉类,False
201005653,201000111,801000001,R_000109,2,g,,调料,False
201005653,201000259,801000001,R_000110,0.5,根,,蔬菜,False
201005653,201000027,801000001,R_000111,1,片,,调料,False
201005653,201000010,801000001,R_000112,350,ml,,其他,False
201005653,201005664,801000003,R_000113,,,1.0,,
201005653,201005665,801000003,R_000114,,,2.0,,
201005653,201005666,801000003,R_000115,,,3.0,,
201005653,201005667,801000003,R_000116,,,4.0,,
201005653,201005668,801000003,R_000117,,,5.0,,
201005653,710000000,801000004,R_000118,,,,,
201005653,620000000,801000005,R_000119,,,,,
201005669,201004808,801000001,R_000120,500,g,,蔬菜,True
201005669,201000006,801000001,R_000121,3,个,,蛋白质,True
201005669,201003210,801000001,R_000122,100,g,,蔬菜,False
201005669,201000009,801000001,R_000123,10-20,ml,,调料,False
201005669,201000228,801000001,R_000124,6,g,,调料,False
201005669,201005675,801000003,R_000125,,,1.0,,
201005669,201005676,801000003,R_000126,,,2.0,,
201005669,201005677,801000003,R_000127,,,3.0,,
201005669,201005678,801000003,R_000128,,,4.0,,
201005669,201005679,801000003,R_000129,,,5.0,,
201005669,201005680,801000003,R_000130,,,6.0,,
201005669,201005681,801000003,R_000131,,,7.0,,
201005669,201005682,801000003,R_000132,,,8.0,,
201005669,201005683,801000003,R_000133,,,9.0,,
201005669,710000000,801000004,R_000134,,,,,
201005669,620000000,801000005,R_000135,,,,,
201005684,201005685,801000001,R_000136,300,g,,蔬菜,True
201005684,201005686,801000001,R_000137,6,颗,,调料,False
201005684,201000228,801000001,R_000138,2,g,,调料,False
201005684,201005688,801000003,R_000139,,,1.0,,
201005684,201005689,801000003,R_000140,,,2.0,,
201005684,201005690,801000003,R_000141,,,3.0,,
201005684,710000000,801000004,R_000142,,,,,
201005684,620000000,801000005,R_000143,,,,,
201005691,201000006,801000001,R_000144,2,个,,蛋白质,True
201005691,201000373,801000001,R_000145,200,ml,,其他,True
201005691,201003786,801000001,R_000146,10,个,,蛋白质,False
201005691,201000062,801000001,R_000147,5,g,,蔬菜,False
201005691,201000049,801000001,R_000148,3,g,,调料,False
201005691,201000029,801000001,R_000149,适量,,,调料,False
201005691,201000030,801000001,R_000150,1,ml,,调料,False
201005691,201005699,801000003,R_000151,,,1.0,,
201005691,201005700,801000003,R_000152,,,2.0,,
201005691,201005701,801000003,R_000153,,,3.0,,
201005691,201005702,801000003,R_000154,,,4.0,,
201005691,201005703,801000003,R_000155,,,5.0,,
201005691,201005704,801000003,R_000156,,,6.0,,
201005691,201005705,801000003,R_000157,,,7.0,,
201005691,201005706,801000003,R_000158,,,8.0,,
201005691,201005707,801000003,R_000159,,,9.0,,
201005691,201005708,801000003,R_000160,,,10.0,,
201005691,710000000,801000004,R_000161,,,,,
201005691,620000000,801000005,R_000162,,,,,
201005709,201000006,801000001,R_000001,1,个,,蛋白质,True
201005709,201000228,801000001,R_000002,1,g,,调料,False
201005709,201000009,801000001,R_000003,5,ml,,调料,False
201005709,201000112,801000001,R_000004,6,ml,,调料,False
201005709,201005714,801000001,R_000005,1.0-1.5倍鸡蛋体积,ml,,其他,False
201005709,201005715,801000003,R_000006,,,1.0,,
201005709,201005716,801000003,R_000007,,,2.0,,
201005709,201005717,801000003,R_000008,,,3.0,,
201005709,201005718,801000003,R_000009,,,4.0,,
201005709,201005719,801000003,R_000010,,,5.0,,
201005709,201005720,801000003,R_000011,,,6.0,,
201005709,201005721,801000003,R_000012,,,7.0,,
201005709,201005722,801000003,R_000013,,,8.0,,
201005709,201005723,801000003,R_000014,,,9.0,,
201005709,201005724,801000003,R_000015,,,10.0,,
201005709,710000000,801000004,R_000016,,,,,
201005709,630000000,801000005,R_000017,,,,,
201005725,201000006,801000001,R_000018,2,个,,蛋白质,True
201005725,201000228,801000001,R_000019,3,g,,调料,False
201005725,201000786,801000001,R_000020,2-4,ml,,调料,False
201005725,201000112,801000001,R_000021,8,ml,,调料,False
201005725,201000294,801000001,R_000022,2,ml,,调料,False
201005725,201000045,801000001,R_000023,适量,,,调料,False
201005725,201005714,801000001,R_000024,1-1.5,倍鸡蛋体积,,其他,False
201005725,201005733,801000003,R_000025,,,1.0,,
201005725,201005734,801000003,R_000026,,,2.0,,
201005725,201005735,801000003,R_000027,,,3.0,,
201005725,201005736,801000003,R_000028,,,4.0,,
201005725,201005737,801000003,R_000029,,,5.0,,
201005725,201005738,801000003,R_000030,,,6.0,,
201005725,201005739,801000003,R_000031,,,7.0,,
201005725,201005740,801000003,R_000032,,,8.0,,
201005725,201005741,801000003,R_000033,,,9.0,,
201005725,710000000,801000004,R_000034,,,,,
201005725,620000000,801000005,R_000035,,,,,
