nodeId,labels,name,title,sectionTitle,category,sourcePath,chunkIndex,tags,summary,content
tipdoc_b43f2b437984,TechniqueDoc,油温判断技巧及常见温度和单位换算表,油温判断技巧及常见温度和单位换算表,,高级技巧,tips/advanced/油温判断技巧.md,,"技巧,正文,油温,油温判断技巧,油温判断技巧及常见温度和单位换算表,炒,炸,附油温对照表","油温判断技巧及常见温度和单位换算表 油温在 120&deg;C 140&deg;C 之间：适合软炸 ^1 、滑炒 ^2 , 把筷子放入油锅中，周围基本不起泡泡，无青烟、无响声、油温平静。 油温在 150&deg;C 160&deg;C 之间：最佳烹饪温度，把筷子放入油锅中，周围会冒出少许油泡，略有青烟，油从四周往中间翻动。 油温在 160&deg;C 180&deg;C 之间：适合上色炸酥，把筷子放入油锅中，大量青烟上升，油面反而较平静。 注 最好买把油温枪，谨慎使用温度计。 网络视频教程中所谓的 “几成油温” 指的是相对于十成油温，为 300&deg;C。 即 n成油温 T n = 30n degree Celsius 温度换算公式 C = 5/9 F 32 或者 F = 9/5 C + 32 附油温对照表 根据上述描述制表。误差为非专业数据。 摄氏度 °C 常见名称 华氏度 °F : : : : : : 18±4 急冻 冷冻 0.4±4 4±2 保鲜 40±4 30±10 常温 86±18 60±10 二成 140±18 90±10 三成 194±18 120±10 四成 248±","# 油温判断技巧及常见温度和单位换算表

* 油温在 120&deg;C-140&deg;C 之间：适合软炸[^1]、滑炒[^2], 把筷子放入油锅中，周围基本不起泡泡，无青烟、无响声、油温平静。
* 油温在 150&deg;C-160&deg;C 之间：最佳烹饪温度，把筷子放入油锅中，周围会冒出少许油泡，略有青烟，油从四周往中间翻动。
* 油温在 160&deg;C-180&deg;C 之间：适合上色炸酥，把筷子放入油锅中，大量青烟上升，油面反而较平静。
* （注） 最好买把油温枪，谨慎使用温度计。

> 网络视频教程中所谓的 “几成油温” 指的是相对于十成油温，为 300&deg;C。
> 即 n成油温 T_n = 30n [degree Celsius]
> 温度换算公式
> C = 5/9 *(F - 32)
> 或者
> F = 9/5*C + 32

## 附油温对照表

根据上述描述制表。误差为非专业数据。

| 摄氏度 °C | 常见名称 | 华氏度 °F |
| :----: | :----: | :----: |
| -18±4 | 急冻（冷冻) | -0.4±4 |
| 4±2 | 保鲜 | 40±4 |
| 30±10 | 常温 | 86±18 |
| 60±10 | 二成 | 140±18 |
| 90±10 | 三成 | 194±18 |
| 120±10 | 四成 | 248±18 |
| 150±10 | 五成 | 302±18 |
| 180±10 | 六成 | 356±18 |
| 210±10 | 七成 | 410±18 |
| 240±10 | 八成 | 464±18 |
| 270±10 | 九成 | 518±18 |
| 300±10 | 十成 | 572±18 |

* ^1: 软炸是将小块、片或条形的材料挂糊，放入油锅，炸成七八成熟的油炸方法
* ^2: 滑炒，选用质嫩的动物性原料经过改刀切成丝、片、丁、条等形状，用蛋清、淀粉上浆，用温油滑散，倒入漏勺沥去余油"
tipchunk_c10f2b7a92d4,TechniqueChunk,油温判断技巧及常见温度和单位换算表,油温判断技巧及常见温度和单位换算表,正文,高级技巧,tips/advanced/油温判断技巧.md,0,"技巧,正文,油温,油温判断技巧,油温判断技巧及常见温度和单位换算表,炒,炸,附油温对照表","油温判断技巧及常见温度和单位换算表 油温在 120&deg;C 140&deg;C 之间：适合软炸 ^1 、滑炒 ^2 , 把筷子放入油锅中，周围基本不起泡泡，无青烟、无响声、油温平静。 油温在 150&deg;C 160&deg;C 之间：最佳烹饪温度，把筷子放入油锅中，周围会冒出少许油泡，略有青烟，油从四周往中间翻动。 油温在 160&deg;C 180&deg;C 之间：适合上色炸酥，把筷子放入油锅中，大量青烟上升，油面反而较平静。 注 最好买把油温枪，谨慎使用温度计。 网络视频教程中所谓的 “几成油温” 指的是相对于十成油温，为 300&deg;C。 即 n成油温 T n = 30n degree Celsius 温度换算公式 C = 5/9 F 32 或者 F = 9/5 C + 32","# 油温判断技巧及常见温度和单位换算表

* 油温在 120&deg;C-140&deg;C 之间：适合软炸[^1]、滑炒[^2], 把筷子放入油锅中，周围基本不起泡泡，无青烟、无响声、油温平静。
* 油温在 150&deg;C-160&deg;C 之间：最佳烹饪温度，把筷子放入油锅中，周围会冒出少许油泡，略有青烟，油从四周往中间翻动。
* 油温在 160&deg;C-180&deg;C 之间：适合上色炸酥，把筷子放入油锅中，大量青烟上升，油面反而较平静。
* （注） 最好买把油温枪，谨慎使用温度计。

> 网络视频教程中所谓的 “几成油温” 指的是相对于十成油温，为 300&deg;C。
> 即 n成油温 T_n = 30n [degree Celsius]
> 温度换算公式
> C = 5/9 *(F - 32)
> 或者
> F = 9/5*C + 32"
tipchunk_e8ac50561c54,TechniqueChunk,油温判断技巧及常见温度和单位换算表 / 附油温对照表,油温判断技巧及常见温度和单位换算表,附油温对照表,高级技巧,tips/advanced/油温判断技巧.md,1,"技巧,正文,油温,油温判断技巧,油温判断技巧及常见温度和单位换算表,炒,炸,附油温对照表",附油温对照表 根据上述描述制表。误差为非专业数据。 摄氏度 °C 常见名称 华氏度 °F : : : : : : 18±4 急冻 冷冻 0.4±4 4±2 保鲜 40±4 30±10 常温 86±18 60±10 二成 140±18 90±10 三成 194±18 120±10 四成 248±18 150±10 五成 302±18 180±10 六成 356±18 210±10 七成 410±18 240±10 八成 464±18 270±10 九成 518±18 300±10 十成 572±18 ^1: 软炸是将小块、片或条形的材料挂糊，放入油锅，炸成七八成熟的油炸方法 ^2: 滑炒，选用质嫩的动物性原料经过改刀切成丝、片、丁、条等形状，用蛋清、淀粉上浆，用温油滑散，倒入漏勺沥去余油,"## 附油温对照表

根据上述描述制表。误差为非专业数据。

| 摄氏度 °C | 常见名称 | 华氏度 °F |
| :----: | :----: | :----: |
| -18±4 | 急冻（冷冻) | -0.4±4 |
| 4±2 | 保鲜 | 40±4 |
| 30±10 | 常温 | 86±18 |
| 60±10 | 二成 | 140±18 |
| 90±10 | 三成 | 194±18 |
| 120±10 | 四成 | 248±18 |
| 150±10 | 五成 | 302±18 |
| 180±10 | 六成 | 356±18 |
| 210±10 | 七成 | 410±18 |
| 240±10 | 八成 | 464±18 |
| 270±10 | 九成 | 518±18 |
| 300±10 | 十成 | 572±18 |

* ^1: 软炸是将小块、片或条形的材料挂糊，放入油锅，炸成七八成熟的油炸方法
* ^2: 滑炒，选用质嫩的动物性原料经过改刀切成丝、片、丁、条等形状，用蛋清、淀粉上浆，用温油滑散，倒入漏勺沥去余油"
tipdoc_0f28e4976868,TechniqueDoc,糖色的炒制,糖色的炒制,,高级技巧,tips/advanced/糖色的炒制.md,,"时间,正文,水炒,油炒(Recommanded),炒,糖色,糖色的炒制,附加内容,附糖浆状态及其用途说明",糖色的炒制 原理： 糖遇高温融化，且在加热不同时间后呈不同性状 以炒制 200ml 糖色为例 水炒 1. 取 锅底有弧度 或 平底面积占1/3以下 的锅 2. 向锅中加入 8g 冰糖、白砂糖或绵白糖，以冰糖为佳，如果希望糖色甜味更明显可以增加 2g 左右 3. 向锅中加入 50ml 70&deg;C 热水 4. 将锅置于灶台上 5. 如使用燃气灶，应将火力调整由大向小调整至最小，使火焰范围不超过水面面积，如使用电磁炉具，开至最小，并时刻准备关闭电源 6. 使用锅铲不断搅拌糖水混合物，如果为冰糖此时可以使用锅铲背面或边缘轻轻敲打至粉碎以加速融化，在此过程中如果出现糖尚未融化而已经开始变色的现象，则需要继续加入热水至 50ml 7. 待糖全部融化后，糖水混合物呈现粘稠状态而颜色呈透明偏白色，如云母颜色，此时应继续搅拌 8. 继续搅拌糖水混合物，糖水混合物颜色逐渐呈现白色 9. 继续搅拌糖水混合物，糖水混合物颜色开始出现浅浅的棕色 10. 继续搅拌糖水混合物，糖水混合物颜色棕色十分明显 11. 继续搅拌糖水混合物，糖水混合物颜色呈棕色并出现绵密的气泡 12. 继续搅拌糖水混合物，糖水混合物颜,"# 糖色的炒制

原理： 糖遇高温融化，且在加热不同时间后呈不同性状

以炒制 200ml 糖色为例

## 水炒

1. 取**锅底有弧度**或**平底面积占1/3以下**的锅
2. 向锅中加入 8g 冰糖、白砂糖或绵白糖，以冰糖为佳，如果希望糖色甜味更明显可以增加 2g 左右
3. 向锅中加入 50ml 70&deg;C 热水
4. 将锅置于灶台上
5. 如使用燃气灶，应将火力调整由大向小调整至最小，使火焰范围不超过水面面积，如使用电磁炉具，开至最小，并时刻准备关闭电源
6. 使用锅铲不断搅拌糖水混合物，如果为冰糖此时可以使用锅铲背面或边缘轻轻敲打至粉碎以加速融化，在此过程中如果出现糖尚未融化而已经开始变色的现象，则需要继续加入热水至 50ml
7. 待糖全部融化后，糖水混合物呈现粘稠状态而颜色呈透明偏白色，如云母颜色，此时应继续搅拌
8. 继续搅拌糖水混合物，糖水混合物颜色逐渐呈现白色
9. 继续搅拌糖水混合物，糖水混合物颜色开始出现浅浅的棕色
10. 继续搅拌糖水混合物，糖水混合物颜色棕色十分明显
11. 继续搅拌糖水混合物，糖水混合物颜色呈棕色并出现绵密的气泡
12. 继续搅拌糖水混合物，糖水混合物颜色呈棕色并出现绵密的气泡，绵密的小气泡中出现了较大的气泡
13. 向锅中加入 150ml 70&deg;C 热水，此时锅中的液体呈现出深红棕色，颜色透明清澈，有淡淡焦糖味
14. 倒入碗中，获得糖色 200ml

## 油炒(Recommanded)

1. 同水炒
2. 同水炒
3. 向锅中加入 10ml 常温食用油
4. 同水炒，糖水混合物改为糖油混合物，最后加入 190ml 热水，其余略

## 附糖浆状态及其用途说明

|状态|制备方法|用途（例）|
|:--:|:--:|:--:|
|未完全融化糖浆|水（油）炒8|挂霜山楂|
|完全融化糖浆|水（油）炒9|冰糖葫芦|
|焦糖|水（油）炒11后自然冷却|焦糖|
|糖色|水（油）炒13|糖色|

* 当使用糖色烹饪如红烧肉等单位体积较小的食物时，可以在第 13 步之前直接加入食材快速翻炒至锅底无明显液体堆积，此时再加入水，这样可以更快上色

## 附加内容

如果您遵循本指南的制作流程而发现有问题或可以改进的流程，请提出 Issue 或 Pull request 。"
tipchunk_dbd2d52a8485,TechniqueChunk,糖色的炒制,糖色的炒制,正文,高级技巧,tips/advanced/糖色的炒制.md,0,"时间,正文,水炒,油炒(Recommanded),炒,糖色,糖色的炒制,附加内容,附糖浆状态及其用途说明",糖色的炒制 原理： 糖遇高温融化，且在加热不同时间后呈不同性状 以炒制 200ml 糖色为例,"# 糖色的炒制

原理： 糖遇高温融化，且在加热不同时间后呈不同性状

以炒制 200ml 糖色为例"
tipchunk_b596d63813ae,TechniqueChunk,糖色的炒制 / 水炒,糖色的炒制,水炒,高级技巧,tips/advanced/糖色的炒制.md,1,"时间,正文,水炒,油炒(Recommanded),炒,糖色,糖色的炒制,附加内容,附糖浆状态及其用途说明",水炒 1. 取 锅底有弧度 或 平底面积占1/3以下 的锅 2. 向锅中加入 8g 冰糖、白砂糖或绵白糖，以冰糖为佳，如果希望糖色甜味更明显可以增加 2g 左右 3. 向锅中加入 50ml 70&deg;C 热水 4. 将锅置于灶台上 5. 如使用燃气灶，应将火力调整由大向小调整至最小，使火焰范围不超过水面面积，如使用电磁炉具，开至最小，并时刻准备关闭电源 6. 使用锅铲不断搅拌糖水混合物，如果为冰糖此时可以使用锅铲背面或边缘轻轻敲打至粉碎以加速融化，在此过程中如果出现糖尚未融化而已经开始变色的现象，则需要继续加入热水至 50ml 7. 待糖全部融化后，糖水混合物呈现粘稠状态而颜色呈透明偏白色，如云母颜色，此时应继续搅拌 8. 继续搅拌糖水混合物，糖水混合物颜色逐渐呈现白色 9. 继续搅拌糖水混合物，糖水混合物颜色开始出现浅浅的棕色 10. 继续搅拌糖水混合物，糖水混合物颜色棕色十分明显 11. 继续搅拌糖水混合物，糖水混合物颜色呈棕色并出现绵密的气泡 12. 继续搅拌糖水混合物，糖水混合物颜色呈棕色并出现绵密的气泡，绵密的小气泡中出现了较大的气泡 13. 向锅中加入 150ml 70,"## 水炒

1. 取**锅底有弧度**或**平底面积占1/3以下**的锅
2. 向锅中加入 8g 冰糖、白砂糖或绵白糖，以冰糖为佳，如果希望糖色甜味更明显可以增加 2g 左右
3. 向锅中加入 50ml 70&deg;C 热水
4. 将锅置于灶台上
5. 如使用燃气灶，应将火力调整由大向小调整至最小，使火焰范围不超过水面面积，如使用电磁炉具，开至最小，并时刻准备关闭电源
6. 使用锅铲不断搅拌糖水混合物，如果为冰糖此时可以使用锅铲背面或边缘轻轻敲打至粉碎以加速融化，在此过程中如果出现糖尚未融化而已经开始变色的现象，则需要继续加入热水至 50ml
7. 待糖全部融化后，糖水混合物呈现粘稠状态而颜色呈透明偏白色，如云母颜色，此时应继续搅拌
8. 继续搅拌糖水混合物，糖水混合物颜色逐渐呈现白色
9. 继续搅拌糖水混合物，糖水混合物颜色开始出现浅浅的棕色
10. 继续搅拌糖水混合物，糖水混合物颜色棕色十分明显
11. 继续搅拌糖水混合物，糖水混合物颜色呈棕色并出现绵密的气泡
12. 继续搅拌糖水混合物，糖水混合物颜色呈棕色并出现绵密的气泡，绵密的小气泡中出现了较大的气泡
13. 向锅中加入 150ml 70&deg;C 热水，此时锅中的液体呈现出深红棕色，颜色透明清澈，有淡淡焦糖味
14. 倒入碗中，获得糖色 200ml"
tipchunk_798f0caa409d,TechniqueChunk,糖色的炒制 / 油炒(Recommanded),糖色的炒制,油炒(Recommanded),高级技巧,tips/advanced/糖色的炒制.md,2,"时间,正文,水炒,油炒(Recommanded),炒,糖色,糖色的炒制,附加内容,附糖浆状态及其用途说明",油炒 Recommanded 1. 同水炒 2. 同水炒 3. 向锅中加入 10ml 常温食用油 4. 同水炒，糖水混合物改为糖油混合物，最后加入 190ml 热水，其余略,"## 油炒(Recommanded)

1. 同水炒
2. 同水炒
3. 向锅中加入 10ml 常温食用油
4. 同水炒，糖水混合物改为糖油混合物，最后加入 190ml 热水，其余略"
tipchunk_a1a3b5562c70,TechniqueChunk,糖色的炒制 / 附糖浆状态及其用途说明,糖色的炒制,附糖浆状态及其用途说明,高级技巧,tips/advanced/糖色的炒制.md,3,"时间,正文,水炒,油炒(Recommanded),炒,糖色,糖色的炒制,附加内容,附糖浆状态及其用途说明",附糖浆状态及其用途说明 状态 制备方法 用途 例 : : : : : : 未完全融化糖浆 水 油 炒8 挂霜山楂 完全融化糖浆 水 油 炒9 冰糖葫芦 焦糖 水 油 炒11后自然冷却 焦糖 糖色 水 油 炒13 糖色 当使用糖色烹饪如红烧肉等单位体积较小的食物时，可以在第 13 步之前直接加入食材快速翻炒至锅底无明显液体堆积，此时再加入水，这样可以更快上色,"## 附糖浆状态及其用途说明

|状态|制备方法|用途（例）|
|:--:|:--:|:--:|
|未完全融化糖浆|水（油）炒8|挂霜山楂|
|完全融化糖浆|水（油）炒9|冰糖葫芦|
|焦糖|水（油）炒11后自然冷却|焦糖|
|糖色|水（油）炒13|糖色|

* 当使用糖色烹饪如红烧肉等单位体积较小的食物时，可以在第 13 步之前直接加入食材快速翻炒至锅底无明显液体堆积，此时再加入水，这样可以更快上色"
tipchunk_315618b10fab,TechniqueChunk,糖色的炒制 / 附加内容,糖色的炒制,附加内容,高级技巧,tips/advanced/糖色的炒制.md,4,"时间,正文,水炒,油炒(Recommanded),炒,糖色,糖色的炒制,附加内容,附糖浆状态及其用途说明",附加内容 如果您遵循本指南的制作流程而发现有问题或可以改进的流程，请提出 Issue 或 Pull request 。,"## 附加内容

如果您遵循本指南的制作流程而发现有问题或可以改进的流程，请提出 Issue 或 Pull request 。"
tipdoc_42a8d9f8ff95,TechniqueDoc,辅料技巧,辅料技巧,,高级技巧,tips/advanced/辅料技巧.md,,"技巧,放盐时机与盐量控制,时间,正文,炒,辅料,辅料技巧",辅料技巧 辅料的放入顺序基本为下：先放姜、后放葱和蒜、辣椒、再放干料 八角/花椒/麻椒 、再放干辣椒。以上每一步骤根据所做菜的不同，可以把不需要的辅料从队列中被移除。 姜的含水量是最大的，这意味着我们需要更多的时间将姜的汁水煸出。 如果你使用的是葱段 葱段最好使用菜刀拍两下 ，那么我推荐你先放入葱段，再放入蒜碎，如果你使用的是葱花，那么可以将这两种辅料一起下锅。注：葱段中的汁水更难被炒出。 如果你做的是炒菜，那么我更推荐你在没放姜之前先放入干料，这可以让油变得更有味道，以至于炒出来的菜更香。为什么炖菜、焖菜不这样做，是因为你可能需要翻炒很多辅料，以至于辅料翻炒时间过长导致干料变黑、变苦。 将干辣椒放在最后是因为干辣椒很容易因为锅的温度而变黑，干辣椒稍微翻炒几秒钟即可。 注：不论你喜欢做什么菜系，小火将这些辅料炒至金黄，都可以将整道菜变得更有香味，这是调料所不能给予的。 放盐时机与盐量控制 快炒料理先加盐，盐量=食材总重量 x0.9%； 肉食料理八成熟时加盐，盐量= 食材总重量+30mL 汁水 x 1～1.2% ; 汤料理最后时再加盐，盐量=最开始的水量 x0.8%。 一天的总盐量不建议,"# 辅料技巧

* 辅料的放入顺序基本为下：先放姜、后放葱和蒜、辣椒、再放干料（八角/花椒/麻椒）、再放干辣椒。以上每一步骤根据所做菜的不同，可以把不需要的辅料从队列中被移除。
* 姜的含水量是最大的，这意味着我们需要更多的时间将姜的汁水煸出。
* 如果你使用的是葱段（葱段最好使用菜刀拍两下），那么我推荐你先放入葱段，再放入蒜碎，如果你使用的是葱花，那么可以将这两种辅料一起下锅。注：葱段中的汁水更难被炒出。
* 如果你做的是炒菜，那么我更推荐你在没放姜之前先放入干料，这可以让油变得更有味道，以至于炒出来的菜更香。为什么炖菜、焖菜不这样做，是因为你可能需要翻炒很多辅料，以至于辅料翻炒时间过长导致干料变黑、变苦。
* 将干辣椒放在最后是因为干辣椒很容易因为锅的温度而变黑，干辣椒稍微翻炒几秒钟即可。
* 注：不论你喜欢做什么菜系，小火将这些辅料炒至金黄，都可以将整道菜变得更有香味，这是调料所不能给予的。

## 放盐时机与盐量控制

* 快炒料理先加盐，盐量=食材总重量 x0.9%；
* 肉食料理八成熟时加盐，盐量=（食材总重量+30mL 汁水）x(1～1.2%);
* 汤料理最后时再加盐，盐量=最开始的水量 x0.8%。
* 一天的总盐量不建议超过 5g，参考[WHO](https://www.who.int/zh/news-room/fact-sheets/detail/salt-reduction)"
tipchunk_7ec5443cbbba,TechniqueChunk,辅料技巧,辅料技巧,正文,高级技巧,tips/advanced/辅料技巧.md,0,"技巧,放盐时机与盐量控制,时间,正文,炒,辅料,辅料技巧",辅料技巧 辅料的放入顺序基本为下：先放姜、后放葱和蒜、辣椒、再放干料 八角/花椒/麻椒 、再放干辣椒。以上每一步骤根据所做菜的不同，可以把不需要的辅料从队列中被移除。 姜的含水量是最大的，这意味着我们需要更多的时间将姜的汁水煸出。 如果你使用的是葱段 葱段最好使用菜刀拍两下 ，那么我推荐你先放入葱段，再放入蒜碎，如果你使用的是葱花，那么可以将这两种辅料一起下锅。注：葱段中的汁水更难被炒出。 如果你做的是炒菜，那么我更推荐你在没放姜之前先放入干料，这可以让油变得更有味道，以至于炒出来的菜更香。为什么炖菜、焖菜不这样做，是因为你可能需要翻炒很多辅料，以至于辅料翻炒时间过长导致干料变黑、变苦。 将干辣椒放在最后是因为干辣椒很容易因为锅的温度而变黑，干辣椒稍微翻炒几秒钟即可。 注：不论你喜欢做什么菜系，小火将这些辅料炒至金黄，都可以将整道菜变得更有香味，这是调料所不能给予的。,"# 辅料技巧

* 辅料的放入顺序基本为下：先放姜、后放葱和蒜、辣椒、再放干料（八角/花椒/麻椒）、再放干辣椒。以上每一步骤根据所做菜的不同，可以把不需要的辅料从队列中被移除。
* 姜的含水量是最大的，这意味着我们需要更多的时间将姜的汁水煸出。
* 如果你使用的是葱段（葱段最好使用菜刀拍两下），那么我推荐你先放入葱段，再放入蒜碎，如果你使用的是葱花，那么可以将这两种辅料一起下锅。注：葱段中的汁水更难被炒出。
* 如果你做的是炒菜，那么我更推荐你在没放姜之前先放入干料，这可以让油变得更有味道，以至于炒出来的菜更香。为什么炖菜、焖菜不这样做，是因为你可能需要翻炒很多辅料，以至于辅料翻炒时间过长导致干料变黑、变苦。
* 将干辣椒放在最后是因为干辣椒很容易因为锅的温度而变黑，干辣椒稍微翻炒几秒钟即可。
* 注：不论你喜欢做什么菜系，小火将这些辅料炒至金黄，都可以将整道菜变得更有香味，这是调料所不能给予的。"
tipchunk_5b4c54e6b466,TechniqueChunk,辅料技巧 / 放盐时机与盐量控制,辅料技巧,放盐时机与盐量控制,高级技巧,tips/advanced/辅料技巧.md,1,"技巧,放盐时机与盐量控制,时间,正文,炒,辅料,辅料技巧",放盐时机与盐量控制 快炒料理先加盐，盐量=食材总重量 x0.9%； 肉食料理八成熟时加盐，盐量= 食材总重量+30mL 汁水 x 1～1.2% ; 汤料理最后时再加盐，盐量=最开始的水量 x0.8%。 一天的总盐量不建议超过 5g，参考 WHO https://www.who.int/zh/news room/fact sheets/detail/salt reduction,"## 放盐时机与盐量控制

* 快炒料理先加盐，盐量=食材总重量 x0.9%；
* 肉食料理八成熟时加盐，盐量=（食材总重量+30mL 汁水）x(1～1.2%);
* 汤料理最后时再加盐，盐量=最开始的水量 x0.8%。
* 一天的总盐量不建议超过 5g，参考[WHO](https://www.who.int/zh/news-room/fact-sheets/detail/salt-reduction)"
tipdoc_fdb80333cd59,TechniqueDoc,做菜专业术语,做菜专业术语,,高级技巧,tips/advanced/高级专业术语.md,,"专业术语,做菜专业术语,入味,凉拌,容器,时间,正文,炒,炸,烤,煎,煮,腌,腌制,蒸,调味,辅料,高级专业术语",做菜专业术语 做菜和学习编程一样，首先得认识专业术语就好比学习基础语法，通过术语之间的组合方能完成一道菜。 【炒 chǎo 】古写作“煼 chǎo ”，是目前最基本的烹调方法之一；即将食物切成小件，放入烧猛油的铁镬 huò 锅 中迅速翻搅致熟后加调料调味的手法。 【炝 qiàng 】食物切好后，经沸水或热油的“灼”或“泡”等处理后，再在烧镬 锅 中爆入干辣椒和花椒油拌匀的烹调方法。 【炊 chuī 】即利用蒸、煮等将食物致熟的方法。多见冠名在潮州菜中。 【煮 zhǔ 】最简单的烹调方法之一；在镬 锅 中用适量的沸水或汤水以及调味料将食物致熟的烹调方法。 【煎 jiān 】烧热铁镬 锅 ，放入少许生油，然后将食物平滩紧贴在镬中，利用慢火热油使食物的表面呈金黄色及致熟的烹调方法。 【爆 bào 】利用热镬 锅 热油，攒入适量调好的汁酱或汤水，使镬中的小件食物快速致熟又赋入香气的烹调方法。 【炸 zhá 】古写作“煠 zhá ”，最常用的烹调方法之一；指将食物放入大量的热油中致熟至脆的烹调手法。 【烚 xiá 】古写作“煠”，利用大量的沸水将肉质较韧的食物在炉火上炊软炊熟的加工方法。 【滚 ,"# 做菜专业术语

做菜和学习编程一样，首先得认识专业术语就好比学习基础语法，通过术语之间的组合方能完成一道菜。

【炒(chǎo)】古写作“煼(chǎo)”，是目前最基本的烹调方法之一；即将食物切成小件，放入烧猛油的铁镬(huò)（锅）中迅速翻搅致熟后加调料调味的手法。

【炝(qiàng)】食物切好后，经沸水或热油的“灼”或“泡”等处理后，再在烧镬（锅）中爆入干辣椒和花椒油拌匀的烹调方法。

【炊(chuī)】即利用蒸、煮等将食物致熟的方法。多见冠名在潮州菜中。

【煮(zhǔ)】最简单的烹调方法之一；在镬（锅）中用适量的沸水或汤水以及调味料将食物致熟的烹调方法。

【煎(jiān)】烧热铁镬（锅），放入少许生油，然后将食物平滩紧贴在镬中，利用慢火热油使食物的表面呈金黄色及致熟的烹调方法。

【爆(bào)】利用热镬（锅）热油，攒入适量调好的汁酱或汤水，使镬中的小件食物快速致熟又赋入香气的烹调方法。

【炸(zhá)】古写作“煠(zhá)”，最常用的烹调方法之一；指将食物放入大量的热油中致熟至脆的烹调手法。

【烚(xiá)】古写作“煠”，利用大量的沸水将肉质较韧的食物在炉火上炊软炊熟的加工方法。

【滚(gǔn)】利用大量的沸水的涌动将食物窳(yǔ)味带出的加工方法。

【汆(cuān)】北方烹调术语，古为“川”；近乎粤菜的“渌(lù)”，即将加工成丸状或片状的食物在沸水中致熟后，捞起入碗中，再添入沸汤的烹调方法。

【灼(zhuó)】北方写作“焯(chāo)”；是指食物切成薄片等，利用沸水迅速至熟再蘸(zhàn)上酱料而吃的烹调方法。

【炟(dá)】将蔬菜放入添有枧(jiǎn)水或生油的沸中用慢火煮透，使成品软并保持翠绿的加工方法。

【涮(shuàn)】北方烹调术语；将切成薄片的食物放入辣汤中致熟再蘸上酱料而吃的烹调方法。

【煀(kuò)】古时写作“爩(yù)”；指将食物直接放入镬（锅）中或瓦罉（煲）中，加入大量姜葱等香料料头，盖上盖，利用大量的香料料头至香及达到成熟的烹调方法。

【焗(jú)】利用灼热的粗盐等将用锡纸或玉扣纸等包封好的食物在密封的条件下致熟的烹调方法。

【焖(mèn)】北方烹调法；指质韧的食物放入镬（锅）中，加入适量的汤水，盖上盖并利用文火炊软及致熟的烹调方法。

【炆(wén)】近乎北方烹调法的“烧”，故有“南炆北烧”之说；指质韧的食物放入镬（锅）中，加入适量的汤水，利用文火炊软及致熟的烹调方法。

【烩(huì)】用适量的汤水将多种肉料和蔬菜一同炊煮的烹调方法。

【蒸(zhēng)】利用水蒸汽的热力使食物致熟的烹调方法。

【炖(dùn)】食物加入清水或汤水，放入有盖的容器中，盖盖，再利用水蒸汽的热力致熟并得出汤水的烹调方法。北方菜系是指用大量汤水及文火将食物炊软炊熟的烹调方法。

【扣(kòu)】食物经调味及预加工后，整齐排放入扣碗之中隔水蒸熟，然后主料覆扣入碟中再泼上用原汁勾好的琉璃的烹调方法。

【煲(bāo)】将食物放入大量的清水，置在炉火上慢火炊熟并得出汤水的烹调方法。

【熬(áo)】利用慢火长时间地将肉料鲜味融入汤水中并使汤水浓缩的加工方法。

【靠(kào)】利用浓味的原料和鲜汤，利用文火和通过较长的时间将鲜味赋入另一种乏味主料中的加工或烹调方法。

【煨(wēi)】古作埋入炭灰致熟方法。今指利用姜葱和汤水使食物入味及辟去食物本身的异味的加工方法。北方菜系又指食物连同汤水放入密封的瓦坛中，在文火中致熟的烹调方法。

【焐(wù)】替代“煨”的古意，指食物经腌制后，用荷叶等包裹，再用湿泥或面图裹封，置入炭火中致熟的烹调方法。

【烘(hōng)】点心或食物调好味或加工好后置入烘炉中致熟的烹调方法。

【煸(biān)】同煏(bì)，旧讹写作“鞭”或“火便”，近乎“熯(rǎn)”，是指将食物放入热镬（锅）中，不断地翻炒，使食物中水分略熯干而辟除窳味的加工方法；或经此而收浓鲜味而吃的烹调方法。

【溜(liū)】北方烹调术语，近乎粤菜的“打芡(qiàn)”，即酸甜的汁水用生粉勾芡令酥炸过的食物滑嫩可口的烹调方法。

【羹(gēng)】古老的烹调法之一，是指切制成丁的食物用沸汤煮后，除除加入湿生粉，使汤水溜成糊状的烹调方法。

【攒(zǎn)】曾写作“溅”或“灒(zàn)”等，分“攒油”或“攒酒”；前者是指将烧沸的热油泼洒在蒸熟的食物上以辟腥增滑的手法；后者是指将绍酒泼洒入正在烹煮的食物上，令食物更有“镬(huò)气”的手法。

【烫(tàng)】指用沸水收紧肉料表皮的加工方法。北方常见是指将切片、切件的原料在沸汤或辣汤中致熟的烹调方法。

【烧(shāo)】古时的“炙(zhì)”，粤菜是指将食物放在炭火或明火上致熟的烹调方法。现北方菜系是指通过慢火将汁水略收干并将食物炊熟的烹调方法。

【烤(kǎo)】北方菜系用来替代“烧”的旧意，故有“南烧北烤”之说。是指食物置在明火上致熟的烹调方法。

【卤(lǔ)】利用生抽与香料药材调好的“卤水汁”使食物致熟或令其入味的烹调方法。

【酱(jiàng)】利用大量的汁酱或生抽入味或致熟的烹调方法。

【浸(jìn)】利用大量的沸水或汤水以“菊花心”为度的热力在一定时间内将食物致熟的烹调方法。类似北方的“氽(tǔn)”，即物料灼熟后，再舀(yǎo)入过面的汤水而食的烹调方法。

【风(fēng)】常年将腌制好的食物吊挂在通风的地方，让其自然阴干或风干的加工方法。

【腊(là)】在农历十二月前后将腌好的食物吊挂在通风的地方，让其自然阴干或风干的加工方法。

【烟(yān)】茶味或香料药材在密封情况下点燃，让食物赋入其香喷烟味的烹调方法。

【熏(xūn)】旧写作“熏”，有“干熏”与“湿熏”之分，“干熏”类似“烟”；“湿熏”是食物用鲜花或绍酒等赋入香味的烹调方法。

【糟(zāo)】将食物放入酒糟之中入味或致熟的烹调方法。

【醉(zuì)】利用大量的烧酒入味或致熟的烹调方法。

【甑(zèng)】古时的“蒸”；将食物斩件调味后放入瓦钵(bō)之中，再利用较强的蒸气致熟的烹调方法。

【冻(dòng)】又称“水晶”，是指将煮烂的食物加入琼脂或猪皮等再煮成羹，然后置入冰箱待其冰冻凝结而吃的烹调方法。

【飞水】将食物投入沸水中过一过水致半熟而迅速捞起，为继后的烹调提供良好前沿基础的加工方法。

【冰浸】食物切成丝后，迅速投入冰水之中，令食物有爽脆效果的一种加工烹调方法。此法源于日本。

【拨丝】食物上浆油炸后，放入煮溶的糖浆中拌匀，使食物夹起时能拉出细丝的烹调方法。

【挂霜】食物经油炸后，放入煮溶的糖浆中拌匀打散或直接洒入糖粉的烹调方法。

【椒盐】食物经油炸后致熟和干身后，再用事先用椒米和精盐配好的“椒盐”翻炒拌匀的烹调方法。

【油泡】利用大量的热油，迅速地将食物致熟的烹调方法。

【走油】又称“拖油”“走油”“跑油”；是指将加工好的原料放入滚油之中迅速拖过，为继后的烹调提供前沿基础的加工方法。

【火焰】将生猛新鲜的海鲜放入玻璃器皿内，利用点燃高度数的白酒产生的热力致熟的烹调方法。

【啫(zé)啫(zé)】食物及姜葱等放入烧至极热的瓦罉（煲），使食物发出“啫啫”声音和喷出香气的烹调方法。

【串烧】肉料切片腌制好后，用竹签串起，放入热油中“泡”而食的烹调方法。或肉料切片后，用铁钎串起，放入炭火上烧熟，再撒上孜(zī)然等味料的烹调方法。

【铁板】原是西式烹调方法；即指食物“走油”后，连同以洋葱为主的香料料头和汁酱，放入烧致极热的铁板中致熟和致令食物喷香的烹调方法。

【桑拿】又称“石烹”等；食物经拖油后，投入烧至灼热的石子（多是雨花石）上，再攒入调好的汁酱或汤水，利用蒸气将食物致熟或喷出香气的烹调方法。

【煎封】北方又称“煎烹”，一般适合于鱼类较多；即将鱼类用调味品腌过后，用热油慢火煎透，再封上料头芡(qiàn)使透味的烹调方法。

【窝贴】属“半煎炸法”，即将腌过的肉料上好“窝贴浆”贴在肥肉上，利用“猛镬阴油”令肉料一面酥脆而一面软滑的烹调方法 。

【窝塌(tā)】将腌好的食物上好“蛋粉浆”，利用先煎后炸的手法，使食物煎熟，然后再加入调好味的鲜汤再煮透的烹调方法。

【软煎】属“半煎炸法”，即将腌过的肉料拌上“蛋粉浆”，利用先煎后炸的手法使肉料致熟，然后切件淋上酱汁的烹调方法。

【蛋煎】肉料先用“飞水”或“油泡”的方法预熟，再放入调好味的鸡蛋浆内拌匀，然后用文火将肉料蛋浆底面煎至金黄色的烹调方法。

【吉列】为英文 CUTLET 的译音；即将食物上蛋浆后，粘上面包糠，再用热油浸炸的烹调方法。此做法源于西厨。

【酥炸】食物用调味品腌过后，先上湿粉浆，再拍上干生粉，再用热油炸熟，然后捞入酱汁的烹调方法。

【火锅】又称“涮锅”，广东称“打边炉”，即将新鲜肉料“片”、“切”成薄片，或肉料挞成丸、球、馅等，连同蔬菜等送到客人边，让客人自行放入滚水或滚汤中烹熟的食法。

【汽锅】将肉料腌制后，连同药材，放入煮滚调味汤水的一种特制的“气锅”中，细熬而食的烹调方法。

【凉拌】将熟食食物或蔬果改切好后，加入调味料和拌均匀的烹调方法。

【鱼生】将新鲜生猛水产去血后，改切薄片，拌上姜丝、葱丝、薄脆、柠檬丝等，再蘸上生抽而吃的烹调方法。

【刺身】原是日本料理的做法，原指生食肉片，经中国菜引用指将鲜活的水产或海产去鳞净血，薄切成片，滴入柠檬汁，蘸上日本芥(jiè)辣而吃的烹调方法。

【竹筒】古称“熷(zēng)”，指用竹筒为器皿，再经“烤”“烧”“蒸”“炖(dùn)”等方法将食物致熟的烹调方法。

【蜜汁】指将白糖、蜂蜜、麦芽糖等化成浓汁，放入加工好的原料，经“熬”、“蒸”等方法使质地软糯(nuò)、甜味渗透、润透糖汁的烹调方法。

【焯(chāo)水】又称“出水”，是将原料置于开水或冷水锅中进行初步熟处理的一种方法。

【过油】用油为传热介质对烹饪原料进行初步熟处理的方法。小型原料从温油走过又称“滑油”；大型原料从旺油中走过又称“走油”。

【挂糊】烹饪前将原料均匀裹上一层糊液的工艺。

【上浆】用淀粉、鸡蛋、盐等与原料一起调拌，使原料外层裹上一层薄薄浆液的工艺。

【上劲】将加工成茸(róng)泥(ní)末(mò)的动物性原料加精盐、水、淀粉及其他辅料后反复搅拌，使之达到色泽发亮、肉质细嫩、入水不沉、不散状态的一种加工方法。

【勾(gōu)芡(qiàn)】在烹饪过程中向锅中加入淀粉水溶液，使菜肴汤汁具有一定浓稠度的工艺。又称“着腻”、“着芡”、“拢(lǒng)芡(qiàn)”。

【温油】俗称三至四成，温度一般在 70℃~100℃。

【热油】俗称五至六成，温度一般在 110℃~170℃。

【旺油】俗称七至八成，温度一般在 180℃~220℃。

【滑锅】将锅烧热，淋少许油把锅滑遍，再倒出油的一种方法。

【炝锅】又称“炸锅”，是指将姜、葱、辣椒末或其他带有香味的调料放入烧热的底油,锅中煸炒出香味，再及时下菜料的一种方法。

【高汤】又称“清汤”、“上汤”、“顶汤”，是指用猪骨、鸡骨、鸭架、碎肉头等原料熬制好的毛汤，加入和成稀糊状的、未加盐的鸡茸或肉茸处理，使之清澈如水、味浓而鲜的一种汤料。

【奶汤】又称“白汤”，原料加清水煨制而成的色泽乳白的汤。"
tipchunk_f03e8d3369fe,TechniqueChunk,做菜专业术语,做菜专业术语,正文,高级技巧,tips/advanced/高级专业术语.md,0,"专业术语,做菜专业术语,入味,凉拌,容器,时间,正文,炒,炸,烤,煎,煮,腌,腌制,蒸,调味,辅料,高级专业术语",做菜专业术语 做菜和学习编程一样，首先得认识专业术语就好比学习基础语法，通过术语之间的组合方能完成一道菜。 【炒 chǎo 】古写作“煼 chǎo ”，是目前最基本的烹调方法之一；即将食物切成小件，放入烧猛油的铁镬 huò 锅 中迅速翻搅致熟后加调料调味的手法。 【炝 qiàng 】食物切好后，经沸水或热油的“灼”或“泡”等处理后，再在烧镬 锅 中爆入干辣椒和花椒油拌匀的烹调方法。 【炊 chuī 】即利用蒸、煮等将食物致熟的方法。多见冠名在潮州菜中。 【煮 zhǔ 】最简单的烹调方法之一；在镬 锅 中用适量的沸水或汤水以及调味料将食物致熟的烹调方法。 【煎 jiān 】烧热铁镬 锅 ，放入少许生油，然后将食物平滩紧贴在镬中，利用慢火热油使食物的表面呈金黄色及致熟的烹调方法。 【爆 bào 】利用热镬 锅 热油，攒入适量调好的汁酱或汤水，使镬中的小件食物快速致熟又赋入香气的烹调方法。 【炸 zhá 】古写作“煠 zhá ”，最常用的烹调方法之一；指将食物放入大量的热油中致熟至脆的烹调手法。 【烚 xiá 】古写作“煠”，利用大量的沸水将肉质较韧的食物在炉火上炊软炊熟的加工方法。 【滚 ,"# 做菜专业术语

做菜和学习编程一样，首先得认识专业术语就好比学习基础语法，通过术语之间的组合方能完成一道菜。

【炒(chǎo)】古写作“煼(chǎo)”，是目前最基本的烹调方法之一；即将食物切成小件，放入烧猛油的铁镬(huò)（锅）中迅速翻搅致熟后加调料调味的手法。

【炝(qiàng)】食物切好后，经沸水或热油的“灼”或“泡”等处理后，再在烧镬（锅）中爆入干辣椒和花椒油拌匀的烹调方法。

【炊(chuī)】即利用蒸、煮等将食物致熟的方法。多见冠名在潮州菜中。

【煮(zhǔ)】最简单的烹调方法之一；在镬（锅）中用适量的沸水或汤水以及调味料将食物致熟的烹调方法。

【煎(jiān)】烧热铁镬（锅），放入少许生油，然后将食物平滩紧贴在镬中，利用慢火热油使食物的表面呈金黄色及致熟的烹调方法。

【爆(bào)】利用热镬（锅）热油，攒入适量调好的汁酱或汤水，使镬中的小件食物快速致熟又赋入香气的烹调方法。

【炸(zhá)】古写作“煠(zhá)”，最常用的烹调方法之一；指将食物放入大量的热油中致熟至脆的烹调手法。

【烚(xiá)】古写作“煠”，利用大量的沸水将肉质较韧的食物在炉火上炊软炊熟的加工方法。

【滚(gǔn)】利用大量的沸水的涌动将食物窳(yǔ)味带出的加工方法。

【汆(cuān)】北方烹调术语，古为“川”；近乎粤菜的“渌(lù)”，即将加工成丸状或片状的食物在沸水中致熟后，捞起入碗中，再添入沸汤的烹调方法。

【灼(zhuó)】北方写作“焯(chāo)”；是指食物切成薄片等，利用沸水迅速至熟再蘸(zhàn)上酱料而吃的烹调方法。

【炟(dá)】将蔬菜放入添有枧(jiǎn)水或生油的沸中用慢火煮透，使成品软并保持翠绿的加工方法。

【涮(shuàn)】北方烹调术语；将切成薄片的食物放入辣汤中致熟再蘸上酱料而吃的烹调方法。

【煀(kuò)】古时写作“爩(yù)”；指将食物直接放入镬（锅）中或瓦罉（煲）中，加入大量姜葱等香料料头，盖上盖，利用大量的香料料头至香及达到成熟的烹调方法。

【焗(jú)】利用灼热的粗盐等将用锡纸或玉扣纸等包封好的食物在密封的条件下致熟的烹调方法。

【焖(mèn)】北方烹调法；指质韧的食物放入镬（锅）中，加入适量的汤水，盖上盖并利用文火炊软及致熟的烹调方法。

【炆(wén)】近乎北方烹调法的“烧”，故有“南炆北烧”之说；指质韧的食物放入镬（锅）中，加入适量的汤水，利用文火炊软及致熟的烹调方法。

【烩(huì)】用适量的汤水将多种肉料和蔬菜一同炊煮的烹调方法。

【蒸(zhēng)】利用水蒸汽的热力使食物致熟的烹调方法。

【炖(dùn)】食物加入清水或汤水，放入有盖的容器中，盖盖，再利用水蒸汽的热力致熟并得出汤水的烹调方法。北方菜系是指用大量汤水及文火将食物炊软炊熟的烹调方法。

【扣(kòu)】食物经调味及预加工后，整齐排放入扣碗之中隔水蒸熟，然后主料覆扣入碟中再泼上用原汁勾好的琉璃的烹调方法。

【煲(bāo)】将食物放入大量的清水，置在炉火上慢火炊熟并得出汤水的烹调方法。

【熬(áo)】利用慢火长时间地将肉料鲜味融入汤水中并使汤水浓缩的加工方法。

【靠(kào)】利用浓味的原料和鲜汤，利用文火和通过较长的时间将鲜味赋入另一种乏味主料中的加工或烹调方法。

【煨(wēi)】古作埋入炭灰致熟方法。今指利用姜葱和汤水使食物入味及辟去食物本身的异味的加工方法。北方菜系又指食物连同汤水放入密封的瓦坛中，在文火中致熟的烹调方法。

【焐(wù)】替代“煨”的古意，指食物经腌制后，用荷叶等包裹，再用湿泥或面图裹封，置入炭火中致熟的烹调方法。

【烘(hōng)】点心或食物调好味或加工好后置入烘炉中致熟的烹调方法。

【煸(biān)】同煏(bì)，旧讹写作“鞭”或“火便”，近乎“熯(rǎn)”，是指将食物放入热镬（锅）中，不断地翻炒，使食物中水分略熯干而辟除窳味的加工方法；或经此而收浓鲜味而吃的烹调方法。

【溜(liū)】北方烹调术语，近乎粤菜的“打芡(qiàn)”，即酸甜的汁水用生粉勾芡令酥炸过的食物滑嫩可口的烹调方法。

【羹(gēng)】古老的烹调法之一，是指切制成丁的食物用沸汤煮后，除除加入湿生粉，使汤水溜成糊状的烹调方法。

【攒(zǎn)】曾写作“溅”或“灒(zàn)”等，分“攒油”或“攒酒”；前者是指将烧沸的热油泼洒在蒸熟的食物上以辟腥增滑的手法；后者是指将绍酒泼洒入正在烹煮的食物上，令食物更有“镬(huò)气”的手法。

【烫(tàng)】指用沸水收紧肉料表皮的加工方法。北方常见是指将切片、切件的原料在沸汤或辣汤中致熟的烹调方法。

【烧(shāo)】古时的“炙(zhì)”，粤菜是指将食物放在炭火或明火上致熟的烹调方法。现北方菜系是指通过慢火将汁水略收干并将食物炊熟的烹调方法。

【烤(kǎo)】北方菜系用来替代“烧”的旧意，故有“南烧北烤”之说。是指食物置在明火上致熟的烹调方法。

【卤(lǔ)】利用生抽与香料药材调好的“卤水汁”使食物致熟或令其入味的烹调方法。

【酱(jiàng)】利用大量的汁酱或生抽入味或致熟的烹调方法。

【浸(jìn)】利用大量的沸水或汤水以“菊花心”为度的热力在一定时间内将食物致熟的烹调方法。类似北方的“氽(tǔn)”，即物料灼熟后，再舀(yǎo)入过面的汤水而食的烹调方法。

【风(fēng)】常年将腌制好的食物吊挂在通风的地方，让其自然阴干或风干的加工方法。

【腊(là)】在农历十二月前后将腌好的食物吊挂在通风的地方，让其自然阴干或风干的加工方法。

【烟(yān)】茶味或香料药材在密封情况下点燃，让食物赋入其香喷烟味的烹调方法。

【熏(xūn)】旧写作“熏”，有“干熏”与“湿熏”之分，“干熏”类似“烟”；“湿熏”是食物用鲜花或绍酒等赋入香味的烹调方法。

【糟(zāo)】将食物放入酒糟之中入味或致熟的烹调方法。

【醉(zuì)】利用大量的烧酒入味或致熟的烹调方法。

【甑(zèng)】古时的“蒸”；将食物斩件调味后放入瓦钵(bō)之中，再利用较强的蒸气致熟的烹调方法。

【冻(dòng)】又称“水晶”，是指将煮烂的食物加入琼脂或猪皮等再煮成羹，然后置入冰箱待其冰冻凝结而吃的烹调方法。

【飞水】将食物投入沸水中过一过水致半熟而迅速捞起，为继后的烹调提供良好前沿基础的加工方法。

【冰浸】食物切成丝后，迅速投入冰水之中，令食物有爽脆效果的一种加工烹调方法。此法源于日本。

【拨丝】食物上浆油炸后，放入煮溶的糖浆中拌匀，使食物夹起时能拉出细丝的烹调方法。

【挂霜】食物经油炸后，放入煮溶的糖浆中拌匀打散或直接洒入糖粉的烹调方法。

【椒盐】食物经油炸后致熟和干身后，再用事先用椒米和精盐配好的“椒盐”翻炒拌匀的烹调方法。

【油泡】利用大量的热油，迅速地将食物致熟的烹调方法。

【走油】又称“拖油”“走油”“跑油”；是指将加工好的原料放入滚油之中迅速拖过，为继后的烹调提供前沿基础的加工方法。

【火焰】将生猛新鲜的海鲜放入玻璃器皿内，利用点燃高度数的白酒产生的热力致熟的烹调方法。

【啫(zé)啫(zé)】食物及姜葱等放入烧至极热的瓦罉（煲），使食物发出“啫啫”声音和喷出香气的烹调方法。

【串烧】肉料切片腌制好后，用竹签串起，放入热油中“泡”而食的烹调方法。或肉料切片后，用铁钎串起，放入炭火上烧熟，再撒上孜(zī)然等味料的烹调方法。

【铁板】原是西式烹调方法；即指食物“走油”后，连同以洋葱为主的香料料头和汁酱，放入烧致极热的铁板中致熟和致令食物喷香的烹调方法。

【桑拿】又称“石烹”等；食物经拖油后，投入烧至灼热的石子（多是雨花石）上，再攒入调好的汁酱或汤水，利用蒸气将食物致熟或喷出香气的烹调方法。

【煎封】北方又称“煎烹”，一般适合于鱼类较多；即将鱼类用调味品腌过后，用热油慢火煎透，再封上料头芡(qiàn)使透味的烹调方法。

【窝贴】属“半煎炸法”，即将腌过的肉料上好“窝贴浆”贴在肥肉上，利用“猛镬阴油”令肉料一面酥脆而一面软滑的烹调方法 。

【窝塌(tā)】将腌好的食物上好“蛋粉浆”，利用先煎后炸的手法，使食物煎熟，然后再加入调好味的鲜汤再煮透的烹调方法。

【软煎】属“半煎炸法”，即将腌过的肉料拌上“蛋粉浆”，利用先煎后炸的手法使肉料致熟，然后切件淋上酱汁的烹调方法。

【蛋煎】肉料先用“飞水”或“油泡”的方法预熟，再放入调好味的鸡蛋浆内拌匀，然后用文火将肉料蛋浆底面煎至金黄色的烹调方法。

【吉列】为英文 CUTLET 的译音；即将食物上蛋浆后，粘上面包糠，再用热油浸炸的烹调方法。此做法源于西厨。

【酥炸】食物用调味品腌过后，先上湿粉浆，再拍上干生粉，再用热油炸熟，然后捞入酱汁的烹调方法。

【火锅】又称“涮锅”，广东称“打边炉”，即将新鲜肉料“片”、“切”成薄片，或肉料挞成丸、球、馅等，连同蔬菜等送到客人边，让客人自行放入滚水或滚汤中烹熟的食法。

【汽锅】将肉料腌制后，连同药材，放入煮滚调味汤水的一种特制的“气锅”中，细熬而食的烹调方法。

【凉拌】将熟食食物或蔬果改切好后，加入调味料和拌均匀的烹调方法。

【鱼生】将新鲜生猛水产去血后，改切薄片，拌上姜丝、葱丝、薄脆、柠檬丝等，再蘸上生抽而吃的烹调方法。

【刺身】原是日本料理的做法，原指生食肉片，经中国菜引用指将鲜活的水产或海产去鳞净血，薄切成片，滴入柠檬汁，蘸上日本芥(jiè)辣而吃的烹调方法。

【竹筒】古称“熷(zēng)”，指用竹筒为器皿，再经“烤”“烧”“蒸”“炖(dùn)”等方法将食物致熟的烹调方法。

【蜜汁】指将白糖、蜂蜜、麦芽糖等化成浓汁，放入加工好的原料，经“熬”、“蒸”等方法使质地软糯(nuò)、甜味渗透、润透糖汁的烹调方法。

【焯(chāo)水】又称“出水”，是将原料置于开水或冷水锅中进行初步熟处理的一种方法。

【过油】用油为传热介质对烹饪原料进行初步熟处理的方法。小型原料从温油走过又称“滑油”；大型原料从旺油中走过又称“走油”。

【挂糊】烹饪前将原料均匀裹上一层糊液的工艺。

【上浆】用淀粉、鸡蛋、盐等与原料一起调拌，使原料外层裹上一层薄薄浆液的工艺。

【上劲】将加工成茸(róng)泥(ní)末(mò)的动物性原料加精盐、水、淀粉及其他辅料后反复搅拌，使之达到色泽发亮、肉质细嫩、入水不沉、不散状态的一种加工方法。

【勾(gōu)芡(qiàn)】在烹饪过程中向锅中加入淀粉水溶液，使菜肴汤汁具有一定浓稠度的工艺。又称“着腻”、“着芡”、“拢(lǒng)芡(qiàn)”。

【温油】俗称三至四成，温度一般在 70℃~100℃。

【热油】俗称五至六成，温度一般在 110℃~170℃。

【旺油】俗称七至八成，温度一般在 180℃~220℃。

【滑锅】将锅烧热，淋少许油把锅滑遍，再倒出油的一种方法。

【炝锅】又称“炸锅”，是指将姜、葱、辣椒末或其他带有香味的调料放入烧热的底油,锅中煸炒出香味，再及时下菜料的一种方法。

【高汤】又称“清汤”、“上汤”、“顶汤”，是指用猪骨、鸡骨、鸭架、碎肉头等原料熬制好的毛汤，加入和成稀糊状的、未加盐的鸡茸或肉茸处理，使之清澈如水、味浓而鲜的一种汤料。

【奶汤】又称“白汤”，原料加清水煨制而成的色泽乳白的汤。"
tipdoc_605102de4ff3,TechniqueDoc,去腥,去腥,,烹饪技巧,tips/learn/去腥.md,,"冷水锅焯水,去腥,手段,正文,注意事项,添加调料,炒,炝锅,焯水,煮,蘸料",去腥 去腥是做菜过程中的一道工序。 去腥指通过包括但不限于添加调料、焯水等手段去除肉类、水产等食物中腥膻味。 腥膻味是某些食物的风味来源，过度去腥可能导致食物丧失风味。 去腥的手段多种多样，在烹饪工程中要灵活选择。 手段 添加调料 在食材中添加调料是最简单的去腥手段。比如对于大部分使用鸡蛋液的菜肴 鸡蛋羹 ../../dishes/vegetable dish/鸡蛋羹/鸡蛋羹.md ， 西红柿炒鸡蛋 ../../dishes/vegetable dish/西红柿炒鸡蛋.md ，可以在制作蛋液的过程中加入盐、料酒、食醋等调料来去腥。 烹饪某些肉类时，可以在汤底中加入花椒、八角、香叶、桂皮、小茴香、辣椒等香料来去腥。 成品麻辣火锅底料具有极其浓郁的香味，可以在烹饪时适量添加，足以覆盖绝大多数肉类的腥味。 蘸料 某些食物在烹饪之后仍然腥味严重。可以调配蘸料来在食用时掩盖腥味。 常见的蘸料原料有：食醋、酱油、香油、豆瓣酱、甜面酱、芝麻酱、花生酱、豆腐乳、食盐、大蒜、生姜等。 各种蘸料搭配见仁见智，这里不做举例。 炝锅 炒菜过程中，可以在过程中使用葱、姜、蒜、干辣椒等香料炝锅。香料中的香味物质在,"# 去腥

去腥是做菜过程中的一道工序。

去腥指通过包括但不限于添加调料、焯水等手段去除肉类、水产等食物中腥膻味。

**腥膻味是某些食物的风味来源，过度去腥可能导致食物丧失风味。**

去腥的手段多种多样，在烹饪工程中要灵活选择。

## 手段

### 添加调料

在食材中添加调料是最简单的去腥手段。比如对于大部分使用鸡蛋液的菜肴（[鸡蛋羹](../../dishes/vegetable_dish/鸡蛋羹/鸡蛋羹.md)，[西红柿炒鸡蛋](../../dishes/vegetable_dish/西红柿炒鸡蛋.md)），可以在制作蛋液的过程中加入盐、料酒、食醋等调料来去腥。

烹饪某些肉类时，可以在汤底中加入花椒、八角、香叶、桂皮、小茴香、辣椒等香料来去腥。

成品麻辣火锅底料具有极其浓郁的香味，可以在烹饪时适量添加，足以覆盖绝大多数肉类的腥味。

### 蘸料

某些食物在烹饪之后仍然腥味严重。可以调配蘸料来在食用时掩盖腥味。

常见的蘸料原料有：食醋、酱油、香油、豆瓣酱、甜面酱、芝麻酱、花生酱、豆腐乳、食盐、大蒜、生姜等。

各种蘸料搭配见仁见智，这里不做举例。

### 炝锅

炒菜过程中，可以在过程中使用葱、姜、蒜、干辣椒等香料炝锅。香料中的香味物质在高温的作用下挥发出来，一定程度上能覆盖腥味并且增加成菜的风味。

### 冷水锅焯水

某些动物性原料中残留有血液，如：鸡肉、猪蹄、排骨等。残留的血液如果不去除会导致成菜有一定的腥味。

冷水下锅时，残留的血液会分散到水中；随着温度升高，血液中的蛋白质凝固，原本分散在水中的血液形成浮沫飘在水面上。这时只需用勺撇去浮沫即可完成去腥，剩下的清汤可以用作炖煮菜的汤底继续烹饪。

### 注意事项

- 焯水时往往在锅中加入一些调料如：花椒、八角、料酒、大葱等，进一步强化去腥的力度
- 八角香味浓郁，应适量添加
- 花椒和麻椒体积小而添加量大，添加后可能会残留在锅中甚至残留至成菜，可以使用纱布包裹一个调料包或者使用食品级不锈钢调料盒，方便在成菜前挑出"
tipchunk_9fe6d33599fd,TechniqueChunk,去腥,去腥,正文,烹饪技巧,tips/learn/去腥.md,0,"冷水锅焯水,去腥,手段,正文,注意事项,添加调料,炒,炝锅,焯水,煮,蘸料",去腥 去腥是做菜过程中的一道工序。 去腥指通过包括但不限于添加调料、焯水等手段去除肉类、水产等食物中腥膻味。 腥膻味是某些食物的风味来源，过度去腥可能导致食物丧失风味。 去腥的手段多种多样，在烹饪工程中要灵活选择。,"# 去腥

去腥是做菜过程中的一道工序。

去腥指通过包括但不限于添加调料、焯水等手段去除肉类、水产等食物中腥膻味。

**腥膻味是某些食物的风味来源，过度去腥可能导致食物丧失风味。**

去腥的手段多种多样，在烹饪工程中要灵活选择。"
tipchunk_fe4ebb551822,TechniqueChunk,去腥 / 手段,去腥,手段,烹饪技巧,tips/learn/去腥.md,1,"冷水锅焯水,去腥,手段,正文,注意事项,添加调料,炒,炝锅,焯水,煮,蘸料",手段,## 手段
tipchunk_049af2caf93e,TechniqueChunk,去腥 / 添加调料,去腥,添加调料,烹饪技巧,tips/learn/去腥.md,2,"冷水锅焯水,去腥,手段,正文,注意事项,添加调料,炒,炝锅,焯水,煮,蘸料",添加调料 在食材中添加调料是最简单的去腥手段。比如对于大部分使用鸡蛋液的菜肴 鸡蛋羹 ../../dishes/vegetable dish/鸡蛋羹/鸡蛋羹.md ， 西红柿炒鸡蛋 ../../dishes/vegetable dish/西红柿炒鸡蛋.md ，可以在制作蛋液的过程中加入盐、料酒、食醋等调料来去腥。 烹饪某些肉类时，可以在汤底中加入花椒、八角、香叶、桂皮、小茴香、辣椒等香料来去腥。 成品麻辣火锅底料具有极其浓郁的香味，可以在烹饪时适量添加，足以覆盖绝大多数肉类的腥味。,"### 添加调料

在食材中添加调料是最简单的去腥手段。比如对于大部分使用鸡蛋液的菜肴（[鸡蛋羹](../../dishes/vegetable_dish/鸡蛋羹/鸡蛋羹.md)，[西红柿炒鸡蛋](../../dishes/vegetable_dish/西红柿炒鸡蛋.md)），可以在制作蛋液的过程中加入盐、料酒、食醋等调料来去腥。

烹饪某些肉类时，可以在汤底中加入花椒、八角、香叶、桂皮、小茴香、辣椒等香料来去腥。

成品麻辣火锅底料具有极其浓郁的香味，可以在烹饪时适量添加，足以覆盖绝大多数肉类的腥味。"
tipchunk_3bfa1a4f02b8,TechniqueChunk,去腥 / 蘸料,去腥,蘸料,烹饪技巧,tips/learn/去腥.md,3,"冷水锅焯水,去腥,手段,正文,注意事项,添加调料,炒,炝锅,焯水,煮,蘸料",蘸料 某些食物在烹饪之后仍然腥味严重。可以调配蘸料来在食用时掩盖腥味。 常见的蘸料原料有：食醋、酱油、香油、豆瓣酱、甜面酱、芝麻酱、花生酱、豆腐乳、食盐、大蒜、生姜等。 各种蘸料搭配见仁见智，这里不做举例。,"### 蘸料

某些食物在烹饪之后仍然腥味严重。可以调配蘸料来在食用时掩盖腥味。

常见的蘸料原料有：食醋、酱油、香油、豆瓣酱、甜面酱、芝麻酱、花生酱、豆腐乳、食盐、大蒜、生姜等。

各种蘸料搭配见仁见智，这里不做举例。"
tipchunk_5fa86c279dc0,TechniqueChunk,去腥 / 炝锅,去腥,炝锅,烹饪技巧,tips/learn/去腥.md,4,"冷水锅焯水,去腥,手段,正文,注意事项,添加调料,炒,炝锅,焯水,煮,蘸料",炝锅 炒菜过程中，可以在过程中使用葱、姜、蒜、干辣椒等香料炝锅。香料中的香味物质在高温的作用下挥发出来，一定程度上能覆盖腥味并且增加成菜的风味。,"### 炝锅

炒菜过程中，可以在过程中使用葱、姜、蒜、干辣椒等香料炝锅。香料中的香味物质在高温的作用下挥发出来，一定程度上能覆盖腥味并且增加成菜的风味。"
tipchunk_a5b0233d38c2,TechniqueChunk,去腥 / 冷水锅焯水,去腥,冷水锅焯水,烹饪技巧,tips/learn/去腥.md,5,"冷水锅焯水,去腥,手段,正文,注意事项,添加调料,炒,炝锅,焯水,煮,蘸料",冷水锅焯水 某些动物性原料中残留有血液，如：鸡肉、猪蹄、排骨等。残留的血液如果不去除会导致成菜有一定的腥味。 冷水下锅时，残留的血液会分散到水中；随着温度升高，血液中的蛋白质凝固，原本分散在水中的血液形成浮沫飘在水面上。这时只需用勺撇去浮沫即可完成去腥，剩下的清汤可以用作炖煮菜的汤底继续烹饪。,"### 冷水锅焯水

某些动物性原料中残留有血液，如：鸡肉、猪蹄、排骨等。残留的血液如果不去除会导致成菜有一定的腥味。

冷水下锅时，残留的血液会分散到水中；随着温度升高，血液中的蛋白质凝固，原本分散在水中的血液形成浮沫飘在水面上。这时只需用勺撇去浮沫即可完成去腥，剩下的清汤可以用作炖煮菜的汤底继续烹饪。"
tipchunk_70831ce8d163,TechniqueChunk,去腥 / 注意事项,去腥,注意事项,烹饪技巧,tips/learn/去腥.md,6,"冷水锅焯水,去腥,手段,正文,注意事项,添加调料,炒,炝锅,焯水,煮,蘸料",注意事项 焯水时往往在锅中加入一些调料如：花椒、八角、料酒、大葱等，进一步强化去腥的力度 八角香味浓郁，应适量添加 花椒和麻椒体积小而添加量大，添加后可能会残留在锅中甚至残留至成菜，可以使用纱布包裹一个调料包或者使用食品级不锈钢调料盒，方便在成菜前挑出,"### 注意事项

- 焯水时往往在锅中加入一些调料如：花椒、八角、料酒、大葱等，进一步强化去腥的力度
- 八角香味浓郁，应适量添加
- 花椒和麻椒体积小而添加量大，添加后可能会残留在锅中甚至残留至成菜，可以使用纱布包裹一个调料包或者使用食品级不锈钢调料盒，方便在成菜前挑出"
tipdoc_fd7f557c37a7,TechniqueDoc,凉拌,凉拌,,烹饪技巧,tips/learn/学习凉拌.md,,"为什么凉拌,俺寻思这个也成类食材加工（此流程尽可能不选）（选项必选）,凉拌,凉拌是什么,凉拌的形态,凉拌的目的,凉拌能放什么,器具,块状肉类主食菜加工（此流程可选）（选项单选或多选）,块状菌类主食菜加工（此流程可选）（选项单选或多选）,块状蔬菜类主食材加工（此流程可选）（选项单选或多选）,学习凉拌,容器,时间,正文,注意事项,流程,混合食材（此流程可选）（选项单选或多选）,炸,烤,焯水,煮,片状蔬菜类主食材加工（此流程可选）（选项单选或多选）,腌,腌制,蒸,调味,辅料,辅料加工（此流程可选）（选项单选或多选）,食品安全,食用（此流程必选）",凉拌 凉拌是什么 凉拌是一种将主食材与辅料通过搅拌混合以成菜的方式 凉拌的形态 凉拌可做成食材与辅料在空间上交混的形态 凉拌可做成食材与辅料在空间上分立的形态，此时辅料被称为蘸料 为什么凉拌 部分凉拌成菜时不需要热源 部分凉拌能减少洗锅的流程 不洗或仅过水即可 凉拌能保留食材状态，此点特别展现在蔬菜、生肉上 凉拌的目的 凉拌的目的在于对无味或味淡食材添加味道，例如鸡肋 凉拌能放什么 包括但不限于： 主食材 辅料 腌制酱料 调味料 注意事项 凉拌时应该注意食材安全，在不确认食材是否安全时，请勿凉拌对应食材，在确认食材不安全时不应凉拌对应食材 凉拌应尽可能加大主食菜的接触面积，故凉拌时推荐刀花、切片、拍碎甚至搅碎 凉拌菜对肠胃提出了基本要求，请在确认不会喷射或存有喷射时间时采用凉拌 文件撰写时处于新冠疫情状态下，建议将所有食材均在 100 摄氏度以上的环境中加热 15 秒以上以图心理安慰，若想求得安全请尽量避免凉拌 器具 可以使用任何容器，从瓷缸到食品级塑料袋均可 注意事项 为方便搅拌时食材不溅出，使用容积在所有食材两倍以上的硬质容器较为合适 为保证食品安全，在塑料袋或塑料碗中腌制后请尽快,"# 凉拌

## 凉拌是什么

凉拌是一种将主食材与辅料通过搅拌混合以成菜的方式

### 凉拌的形态

凉拌可做成食材与辅料在空间上交混的形态
凉拌可做成食材与辅料在空间上分立的形态，此时辅料被称为蘸料

### 为什么凉拌

* 部分凉拌成菜时不需要热源
* 部分凉拌能减少洗锅的流程（不洗或仅过水即可）
* 凉拌能保留食材状态，此点特别展现在蔬菜、生肉上

### 凉拌的目的

* 凉拌的目的在于对无味或味淡食材添加味道，例如鸡肋

### 凉拌能放什么

包括但不限于：

* 主食材
* 辅料
* 腌制酱料
* 调味料

### 注意事项

* 凉拌时应该注意食材安全，在不确认食材是否安全时，请勿凉拌对应食材，在确认食材不安全时不应凉拌对应食材
* 凉拌应尽可能加大主食菜的接触面积，故凉拌时推荐刀花、切片、拍碎甚至搅碎
* 凉拌菜对肠胃提出了基本要求，请在确认不会喷射或存有喷射时间时采用凉拌
* 文件撰写时处于新冠疫情状态下，建议将所有食材均在 100 摄氏度以上的环境中加热 15 秒以上以图心理安慰，若想求得安全请尽量避免凉拌

## 器具

可以使用任何容器，从瓷缸到食品级塑料袋均可

### 注意事项

* 为方便搅拌时食材不溅出，使用容积在所有食材两倍以上的硬质容器较为合适
* 为保证食品安全，在塑料袋或塑料碗中腌制后请尽快将食材移至瓷容器或金属质容器中
* 为保证食品安全，请在洁净的砧板上处理生食食材与辅料

## 流程

### 片状蔬菜类主食材加工（此流程可选）（选项单选或多选）

用例：包菜、生菜、白菜心、洋葱等

* 将食材撕碎为 4cm * 4cm 的小块
* 将食材切成 0.5cm 长的条状
* 将食材裁去不使用部分后整片使用
* 将处理后的食材焯水

#### 注意事项

对部分食材可不用剥开，直接延轴线给刀后垂直轴线切段即可，对刀法有信心者可直接垂直轴线切段

### 块状蔬菜类主食材加工（此流程可选）（选项单选或多选）

用例：马铃薯，荸荠，黄瓜、土豆等

* 将食材切成 0.5cm * 0.5cm 截面长条状
* 将食材切成厚度小于 0.5cm 的 4cm * 4cm 片状
* 将食材用刀面拍碎或压碎（犹适用于黄瓜）
* 将食材直接使用（犹适用于本身为小块的食材）
* 将处理后的食材焯水

#### 注意事项

对食材使用拍碎时可能导致食材飞溅，可以使用食品级塑料袋包裹后拍碎

### 块状菌类主食菜加工（此流程可选）（选项单选或多选）

用例：各类蘑菇、各类木耳等

* 将食材泡发
* 将食材切成 0.5cm * 0.5cm 截面长条状
* 将食材切成厚度小于 0.5cm 的 4cm * 4cm 片状
* 将食材直接使用（犹适用于本身为小块的食材）
* 将处理后的食材焯水

#### 注意事项

所有菌类需要严格确认安全，板板上一躺就啥都没了

### 块状肉类主食菜加工（此流程可选）（选项单选或多选）

用例：鱼肉、海蜇头、熟猪肉、熟禽类等

* 将食材通过蒸煮烤炸等方式熟制
* 将食材在凉水中泡上些许时间（犹适用于海产）
* 将食材撕成肉条
* 将食材切成薄片（犹适用于煮熟后的猪肉）
* 将食材切成 0.8cm * 0.8cm 截面长条状
* 将食材直接按部位撕碎或切大块（犹适用于整只熟禽）

#### 注意事项

* 猪肉与禽肉没有例外，必须十成熟，必须完全熟制，必须不见任何血水
* 部分牛肉、鱼肉、海鲜类在确认安全后可生食

### 俺寻思这个也成类食材加工（此流程尽可能不选）（选项必选）

用例：面条、米饭、果类、嫩树叶等

* 确认食材安全
* 将食材处理成可食用状态
* 将食材处理成可搅拌状态

#### 注意事项

* 请确认食材安全，可以将少量食材搅碎后在上臂糊上 30 分钟以检测过敏反应，有异常情况必须弃用
* 大多数树叶、青草含有会令人不适的成分，即使在熟制后依然如此，请确认安全
* 大多数谷类在熟制前不利于消化吸收，可能对肠胃产生不良影响

### 辅料加工（此流程可选）（选项单选或多选）

用例：指天椒、蒜瓣、生姜、干辣椒等

* 将指天椒去蒂，洗净后切去蒂端 0.5cm 长部分后切碎或切段
* 将蒜瓣拍碎后去皮，切去蒂端 0.5cm 长部分后切碎或切段
* 将生姜去皮后切碎或切丝或切片
* 将干辣椒碾碎
* 将准备好的食材装入小碗或即将用于搅拌的容器中
* 在容器中加入：各类粉剂、调味料或腌制酱料，搅拌均匀

#### 注意事项

* 辅料的种类，加工，方法极为宽泛，请不要局限您的思维，但请小心求证，适度适量，谨记安全

### 混合食材（此流程可选）（选项单选或多选）

* 将含水量高的肉类食材挤出水分后滤干
* 将含水量高的蔬菜类食材放入容器中加入约 200g ： 5g 的盐并搅拌后静置 5 分钟，将水分滤干
* 将食材与辅料加入搅拌容器
* 用筷子、勺子或手洗净后搅拌
* 将容器密封后摇晃均匀
* 将容器倾斜至不会有材料洒出的角度，以轴心为轴旋转容器

#### 注意事项

* 含水量高的食材直接在加入后可能析出过多水分淡化调料
* 搅拌时发现水量不足或搅拌不匀可适量加白开水，若无法确定用量每次 15mL 为佳
* 部分吸水率高的食材不建议搅拌，可能导致腌制后的食材味道过重

### 食用（此流程必选）

* 将搅拌后的食材直接食用
* 将未搅拌的主食材蘸取蘸料后食用
* 将食材与蘸料加入主食中食用"
tipchunk_51cc9689d097,TechniqueChunk,凉拌,凉拌,正文,烹饪技巧,tips/learn/学习凉拌.md,0,"为什么凉拌,俺寻思这个也成类食材加工（此流程尽可能不选）（选项必选）,凉拌,凉拌是什么,凉拌的形态,凉拌的目的,凉拌能放什么,器具,块状肉类主食菜加工（此流程可选）（选项单选或多选）,块状菌类主食菜加工（此流程可选）（选项单选或多选）,块状蔬菜类主食材加工（此流程可选）（选项单选或多选）,学习凉拌,容器,时间,正文,注意事项,流程,混合食材（此流程可选）（选项单选或多选）,炸,烤,焯水,煮,片状蔬菜类主食材加工（此流程可选）（选项单选或多选）,腌,腌制,蒸,调味,辅料,辅料加工（此流程可选）（选项单选或多选）,食品安全,食用（此流程必选）",凉拌,# 凉拌
tipchunk_7f035e51a165,TechniqueChunk,凉拌 / 凉拌是什么,凉拌,凉拌是什么,烹饪技巧,tips/learn/学习凉拌.md,1,"为什么凉拌,俺寻思这个也成类食材加工（此流程尽可能不选）（选项必选）,凉拌,凉拌是什么,凉拌的形态,凉拌的目的,凉拌能放什么,器具,块状肉类主食菜加工（此流程可选）（选项单选或多选）,块状菌类主食菜加工（此流程可选）（选项单选或多选）,块状蔬菜类主食材加工（此流程可选）（选项单选或多选）,学习凉拌,容器,时间,正文,注意事项,流程,混合食材（此流程可选）（选项单选或多选）,炸,烤,焯水,煮,片状蔬菜类主食材加工（此流程可选）（选项单选或多选）,腌,腌制,蒸,调味,辅料,辅料加工（此流程可选）（选项单选或多选）,食品安全,食用（此流程必选）",凉拌是什么 凉拌是一种将主食材与辅料通过搅拌混合以成菜的方式,"## 凉拌是什么

凉拌是一种将主食材与辅料通过搅拌混合以成菜的方式"
tipchunk_f8bdfd11fede,TechniqueChunk,凉拌 / 凉拌的形态,凉拌,凉拌的形态,烹饪技巧,tips/learn/学习凉拌.md,2,"为什么凉拌,俺寻思这个也成类食材加工（此流程尽可能不选）（选项必选）,凉拌,凉拌是什么,凉拌的形态,凉拌的目的,凉拌能放什么,器具,块状肉类主食菜加工（此流程可选）（选项单选或多选）,块状菌类主食菜加工（此流程可选）（选项单选或多选）,块状蔬菜类主食材加工（此流程可选）（选项单选或多选）,学习凉拌,容器,时间,正文,注意事项,流程,混合食材（此流程可选）（选项单选或多选）,炸,烤,焯水,煮,片状蔬菜类主食材加工（此流程可选）（选项单选或多选）,腌,腌制,蒸,调味,辅料,辅料加工（此流程可选）（选项单选或多选）,食品安全,食用（此流程必选）",凉拌的形态 凉拌可做成食材与辅料在空间上交混的形态 凉拌可做成食材与辅料在空间上分立的形态，此时辅料被称为蘸料,"### 凉拌的形态

凉拌可做成食材与辅料在空间上交混的形态
凉拌可做成食材与辅料在空间上分立的形态，此时辅料被称为蘸料"
tipchunk_f4f88f182b7c,TechniqueChunk,凉拌 / 为什么凉拌,凉拌,为什么凉拌,烹饪技巧,tips/learn/学习凉拌.md,3,"为什么凉拌,俺寻思这个也成类食材加工（此流程尽可能不选）（选项必选）,凉拌,凉拌是什么,凉拌的形态,凉拌的目的,凉拌能放什么,器具,块状肉类主食菜加工（此流程可选）（选项单选或多选）,块状菌类主食菜加工（此流程可选）（选项单选或多选）,块状蔬菜类主食材加工（此流程可选）（选项单选或多选）,学习凉拌,容器,时间,正文,注意事项,流程,混合食材（此流程可选）（选项单选或多选）,炸,烤,焯水,煮,片状蔬菜类主食材加工（此流程可选）（选项单选或多选）,腌,腌制,蒸,调味,辅料,辅料加工（此流程可选）（选项单选或多选）,食品安全,食用（此流程必选）",为什么凉拌 部分凉拌成菜时不需要热源 部分凉拌能减少洗锅的流程 不洗或仅过水即可 凉拌能保留食材状态，此点特别展现在蔬菜、生肉上,"### 为什么凉拌

* 部分凉拌成菜时不需要热源
* 部分凉拌能减少洗锅的流程（不洗或仅过水即可）
* 凉拌能保留食材状态，此点特别展现在蔬菜、生肉上"
tipchunk_2beb5536e053,TechniqueChunk,凉拌 / 凉拌的目的,凉拌,凉拌的目的,烹饪技巧,tips/learn/学习凉拌.md,4,"为什么凉拌,俺寻思这个也成类食材加工（此流程尽可能不选）（选项必选）,凉拌,凉拌是什么,凉拌的形态,凉拌的目的,凉拌能放什么,器具,块状肉类主食菜加工（此流程可选）（选项单选或多选）,块状菌类主食菜加工（此流程可选）（选项单选或多选）,块状蔬菜类主食材加工（此流程可选）（选项单选或多选）,学习凉拌,容器,时间,正文,注意事项,流程,混合食材（此流程可选）（选项单选或多选）,炸,烤,焯水,煮,片状蔬菜类主食材加工（此流程可选）（选项单选或多选）,腌,腌制,蒸,调味,辅料,辅料加工（此流程可选）（选项单选或多选）,食品安全,食用（此流程必选）",凉拌的目的 凉拌的目的在于对无味或味淡食材添加味道，例如鸡肋,"### 凉拌的目的

* 凉拌的目的在于对无味或味淡食材添加味道，例如鸡肋"
tipchunk_cca5f4e3cf38,TechniqueChunk,凉拌 / 凉拌能放什么,凉拌,凉拌能放什么,烹饪技巧,tips/learn/学习凉拌.md,5,"为什么凉拌,俺寻思这个也成类食材加工（此流程尽可能不选）（选项必选）,凉拌,凉拌是什么,凉拌的形态,凉拌的目的,凉拌能放什么,器具,块状肉类主食菜加工（此流程可选）（选项单选或多选）,块状菌类主食菜加工（此流程可选）（选项单选或多选）,块状蔬菜类主食材加工（此流程可选）（选项单选或多选）,学习凉拌,容器,时间,正文,注意事项,流程,混合食材（此流程可选）（选项单选或多选）,炸,烤,焯水,煮,片状蔬菜类主食材加工（此流程可选）（选项单选或多选）,腌,腌制,蒸,调味,辅料,辅料加工（此流程可选）（选项单选或多选）,食品安全,食用（此流程必选）",凉拌能放什么 包括但不限于： 主食材 辅料 腌制酱料 调味料,"### 凉拌能放什么

包括但不限于：

* 主食材
* 辅料
* 腌制酱料
* 调味料"
tipchunk_572504510dfb,TechniqueChunk,凉拌 / 注意事项,凉拌,注意事项,烹饪技巧,tips/learn/学习凉拌.md,6,"为什么凉拌,俺寻思这个也成类食材加工（此流程尽可能不选）（选项必选）,凉拌,凉拌是什么,凉拌的形态,凉拌的目的,凉拌能放什么,器具,块状肉类主食菜加工（此流程可选）（选项单选或多选）,块状菌类主食菜加工（此流程可选）（选项单选或多选）,块状蔬菜类主食材加工（此流程可选）（选项单选或多选）,学习凉拌,容器,时间,正文,注意事项,流程,混合食材（此流程可选）（选项单选或多选）,炸,烤,焯水,煮,片状蔬菜类主食材加工（此流程可选）（选项单选或多选）,腌,腌制,蒸,调味,辅料,辅料加工（此流程可选）（选项单选或多选）,食品安全,食用（此流程必选）",注意事项 凉拌时应该注意食材安全，在不确认食材是否安全时，请勿凉拌对应食材，在确认食材不安全时不应凉拌对应食材 凉拌应尽可能加大主食菜的接触面积，故凉拌时推荐刀花、切片、拍碎甚至搅碎 凉拌菜对肠胃提出了基本要求，请在确认不会喷射或存有喷射时间时采用凉拌 文件撰写时处于新冠疫情状态下，建议将所有食材均在 100 摄氏度以上的环境中加热 15 秒以上以图心理安慰，若想求得安全请尽量避免凉拌,"### 注意事项

* 凉拌时应该注意食材安全，在不确认食材是否安全时，请勿凉拌对应食材，在确认食材不安全时不应凉拌对应食材
* 凉拌应尽可能加大主食菜的接触面积，故凉拌时推荐刀花、切片、拍碎甚至搅碎
* 凉拌菜对肠胃提出了基本要求，请在确认不会喷射或存有喷射时间时采用凉拌
* 文件撰写时处于新冠疫情状态下，建议将所有食材均在 100 摄氏度以上的环境中加热 15 秒以上以图心理安慰，若想求得安全请尽量避免凉拌"
tipchunk_fecae8ede92e,TechniqueChunk,凉拌 / 器具,凉拌,器具,烹饪技巧,tips/learn/学习凉拌.md,7,"为什么凉拌,俺寻思这个也成类食材加工（此流程尽可能不选）（选项必选）,凉拌,凉拌是什么,凉拌的形态,凉拌的目的,凉拌能放什么,器具,块状肉类主食菜加工（此流程可选）（选项单选或多选）,块状菌类主食菜加工（此流程可选）（选项单选或多选）,块状蔬菜类主食材加工（此流程可选）（选项单选或多选）,学习凉拌,容器,时间,正文,注意事项,流程,混合食材（此流程可选）（选项单选或多选）,炸,烤,焯水,煮,片状蔬菜类主食材加工（此流程可选）（选项单选或多选）,腌,腌制,蒸,调味,辅料,辅料加工（此流程可选）（选项单选或多选）,食品安全,食用（此流程必选）",器具 可以使用任何容器，从瓷缸到食品级塑料袋均可,"## 器具

可以使用任何容器，从瓷缸到食品级塑料袋均可"
tipchunk_a8f7d4604c80,TechniqueChunk,凉拌 / 注意事项,凉拌,注意事项,烹饪技巧,tips/learn/学习凉拌.md,8,"为什么凉拌,俺寻思这个也成类食材加工（此流程尽可能不选）（选项必选）,凉拌,凉拌是什么,凉拌的形态,凉拌的目的,凉拌能放什么,器具,块状肉类主食菜加工（此流程可选）（选项单选或多选）,块状菌类主食菜加工（此流程可选）（选项单选或多选）,块状蔬菜类主食材加工（此流程可选）（选项单选或多选）,学习凉拌,容器,时间,正文,注意事项,流程,混合食材（此流程可选）（选项单选或多选）,炸,烤,焯水,煮,片状蔬菜类主食材加工（此流程可选）（选项单选或多选）,腌,腌制,蒸,调味,辅料,辅料加工（此流程可选）（选项单选或多选）,食品安全,食用（此流程必选）",注意事项 为方便搅拌时食材不溅出，使用容积在所有食材两倍以上的硬质容器较为合适 为保证食品安全，在塑料袋或塑料碗中腌制后请尽快将食材移至瓷容器或金属质容器中 为保证食品安全，请在洁净的砧板上处理生食食材与辅料,"### 注意事项

* 为方便搅拌时食材不溅出，使用容积在所有食材两倍以上的硬质容器较为合适
* 为保证食品安全，在塑料袋或塑料碗中腌制后请尽快将食材移至瓷容器或金属质容器中
* 为保证食品安全，请在洁净的砧板上处理生食食材与辅料"
tipchunk_0f4def3af3f5,TechniqueChunk,凉拌 / 流程,凉拌,流程,烹饪技巧,tips/learn/学习凉拌.md,9,"为什么凉拌,俺寻思这个也成类食材加工（此流程尽可能不选）（选项必选）,凉拌,凉拌是什么,凉拌的形态,凉拌的目的,凉拌能放什么,器具,块状肉类主食菜加工（此流程可选）（选项单选或多选）,块状菌类主食菜加工（此流程可选）（选项单选或多选）,块状蔬菜类主食材加工（此流程可选）（选项单选或多选）,学习凉拌,容器,时间,正文,注意事项,流程,混合食材（此流程可选）（选项单选或多选）,炸,烤,焯水,煮,片状蔬菜类主食材加工（此流程可选）（选项单选或多选）,腌,腌制,蒸,调味,辅料,辅料加工（此流程可选）（选项单选或多选）,食品安全,食用（此流程必选）",流程,## 流程
tipchunk_9525b4bde8c1,TechniqueChunk,凉拌 / 片状蔬菜类主食材加工（此流程可选）（选项单选或多选）,凉拌,片状蔬菜类主食材加工（此流程可选）（选项单选或多选）,烹饪技巧,tips/learn/学习凉拌.md,10,"为什么凉拌,俺寻思这个也成类食材加工（此流程尽可能不选）（选项必选）,凉拌,凉拌是什么,凉拌的形态,凉拌的目的,凉拌能放什么,器具,块状肉类主食菜加工（此流程可选）（选项单选或多选）,块状菌类主食菜加工（此流程可选）（选项单选或多选）,块状蔬菜类主食材加工（此流程可选）（选项单选或多选）,学习凉拌,容器,时间,正文,注意事项,流程,混合食材（此流程可选）（选项单选或多选）,炸,烤,焯水,煮,片状蔬菜类主食材加工（此流程可选）（选项单选或多选）,腌,腌制,蒸,调味,辅料,辅料加工（此流程可选）（选项单选或多选）,食品安全,食用（此流程必选）",片状蔬菜类主食材加工 此流程可选 选项单选或多选 用例：包菜、生菜、白菜心、洋葱等 将食材撕碎为 4cm 4cm 的小块 将食材切成 0.5cm 长的条状 将食材裁去不使用部分后整片使用 将处理后的食材焯水,"### 片状蔬菜类主食材加工（此流程可选）（选项单选或多选）

用例：包菜、生菜、白菜心、洋葱等

* 将食材撕碎为 4cm * 4cm 的小块
* 将食材切成 0.5cm 长的条状
* 将食材裁去不使用部分后整片使用
* 将处理后的食材焯水"
tipchunk_11ba8addae17,TechniqueChunk,凉拌 / 注意事项,凉拌,注意事项,烹饪技巧,tips/learn/学习凉拌.md,11,"为什么凉拌,俺寻思这个也成类食材加工（此流程尽可能不选）（选项必选）,凉拌,凉拌是什么,凉拌的形态,凉拌的目的,凉拌能放什么,器具,块状肉类主食菜加工（此流程可选）（选项单选或多选）,块状菌类主食菜加工（此流程可选）（选项单选或多选）,块状蔬菜类主食材加工（此流程可选）（选项单选或多选）,学习凉拌,容器,时间,正文,注意事项,流程,混合食材（此流程可选）（选项单选或多选）,炸,烤,焯水,煮,片状蔬菜类主食材加工（此流程可选）（选项单选或多选）,腌,腌制,蒸,调味,辅料,辅料加工（此流程可选）（选项单选或多选）,食品安全,食用（此流程必选）",注意事项 对部分食材可不用剥开，直接延轴线给刀后垂直轴线切段即可，对刀法有信心者可直接垂直轴线切段,"#### 注意事项

对部分食材可不用剥开，直接延轴线给刀后垂直轴线切段即可，对刀法有信心者可直接垂直轴线切段"
tipchunk_3b9642bf55b5,TechniqueChunk,凉拌 / 块状蔬菜类主食材加工（此流程可选）（选项单选或多选）,凉拌,块状蔬菜类主食材加工（此流程可选）（选项单选或多选）,烹饪技巧,tips/learn/学习凉拌.md,12,"为什么凉拌,俺寻思这个也成类食材加工（此流程尽可能不选）（选项必选）,凉拌,凉拌是什么,凉拌的形态,凉拌的目的,凉拌能放什么,器具,块状肉类主食菜加工（此流程可选）（选项单选或多选）,块状菌类主食菜加工（此流程可选）（选项单选或多选）,块状蔬菜类主食材加工（此流程可选）（选项单选或多选）,学习凉拌,容器,时间,正文,注意事项,流程,混合食材（此流程可选）（选项单选或多选）,炸,烤,焯水,煮,片状蔬菜类主食材加工（此流程可选）（选项单选或多选）,腌,腌制,蒸,调味,辅料,辅料加工（此流程可选）（选项单选或多选）,食品安全,食用（此流程必选）",块状蔬菜类主食材加工 此流程可选 选项单选或多选 用例：马铃薯，荸荠，黄瓜、土豆等 将食材切成 0.5cm 0.5cm 截面长条状 将食材切成厚度小于 0.5cm 的 4cm 4cm 片状 将食材用刀面拍碎或压碎 犹适用于黄瓜 将食材直接使用 犹适用于本身为小块的食材 将处理后的食材焯水,"### 块状蔬菜类主食材加工（此流程可选）（选项单选或多选）

用例：马铃薯，荸荠，黄瓜、土豆等

* 将食材切成 0.5cm * 0.5cm 截面长条状
* 将食材切成厚度小于 0.5cm 的 4cm * 4cm 片状
* 将食材用刀面拍碎或压碎（犹适用于黄瓜）
* 将食材直接使用（犹适用于本身为小块的食材）
* 将处理后的食材焯水"
tipchunk_3ea15c3bc658,TechniqueChunk,凉拌 / 注意事项,凉拌,注意事项,烹饪技巧,tips/learn/学习凉拌.md,13,"为什么凉拌,俺寻思这个也成类食材加工（此流程尽可能不选）（选项必选）,凉拌,凉拌是什么,凉拌的形态,凉拌的目的,凉拌能放什么,器具,块状肉类主食菜加工（此流程可选）（选项单选或多选）,块状菌类主食菜加工（此流程可选）（选项单选或多选）,块状蔬菜类主食材加工（此流程可选）（选项单选或多选）,学习凉拌,容器,时间,正文,注意事项,流程,混合食材（此流程可选）（选项单选或多选）,炸,烤,焯水,煮,片状蔬菜类主食材加工（此流程可选）（选项单选或多选）,腌,腌制,蒸,调味,辅料,辅料加工（此流程可选）（选项单选或多选）,食品安全,食用（此流程必选）",注意事项 对食材使用拍碎时可能导致食材飞溅，可以使用食品级塑料袋包裹后拍碎,"#### 注意事项

对食材使用拍碎时可能导致食材飞溅，可以使用食品级塑料袋包裹后拍碎"
tipchunk_8d94c514575e,TechniqueChunk,凉拌 / 块状菌类主食菜加工（此流程可选）（选项单选或多选）,凉拌,块状菌类主食菜加工（此流程可选）（选项单选或多选）,烹饪技巧,tips/learn/学习凉拌.md,14,"为什么凉拌,俺寻思这个也成类食材加工（此流程尽可能不选）（选项必选）,凉拌,凉拌是什么,凉拌的形态,凉拌的目的,凉拌能放什么,器具,块状肉类主食菜加工（此流程可选）（选项单选或多选）,块状菌类主食菜加工（此流程可选）（选项单选或多选）,块状蔬菜类主食材加工（此流程可选）（选项单选或多选）,学习凉拌,容器,时间,正文,注意事项,流程,混合食材（此流程可选）（选项单选或多选）,炸,烤,焯水,煮,片状蔬菜类主食材加工（此流程可选）（选项单选或多选）,腌,腌制,蒸,调味,辅料,辅料加工（此流程可选）（选项单选或多选）,食品安全,食用（此流程必选）",块状菌类主食菜加工 此流程可选 选项单选或多选 用例：各类蘑菇、各类木耳等 将食材泡发 将食材切成 0.5cm 0.5cm 截面长条状 将食材切成厚度小于 0.5cm 的 4cm 4cm 片状 将食材直接使用 犹适用于本身为小块的食材 将处理后的食材焯水,"### 块状菌类主食菜加工（此流程可选）（选项单选或多选）

用例：各类蘑菇、各类木耳等

* 将食材泡发
* 将食材切成 0.5cm * 0.5cm 截面长条状
* 将食材切成厚度小于 0.5cm 的 4cm * 4cm 片状
* 将食材直接使用（犹适用于本身为小块的食材）
* 将处理后的食材焯水"
tipchunk_756b92b92c24,TechniqueChunk,凉拌 / 注意事项,凉拌,注意事项,烹饪技巧,tips/learn/学习凉拌.md,15,"为什么凉拌,俺寻思这个也成类食材加工（此流程尽可能不选）（选项必选）,凉拌,凉拌是什么,凉拌的形态,凉拌的目的,凉拌能放什么,器具,块状肉类主食菜加工（此流程可选）（选项单选或多选）,块状菌类主食菜加工（此流程可选）（选项单选或多选）,块状蔬菜类主食材加工（此流程可选）（选项单选或多选）,学习凉拌,容器,时间,正文,注意事项,流程,混合食材（此流程可选）（选项单选或多选）,炸,烤,焯水,煮,片状蔬菜类主食材加工（此流程可选）（选项单选或多选）,腌,腌制,蒸,调味,辅料,辅料加工（此流程可选）（选项单选或多选）,食品安全,食用（此流程必选）",注意事项 所有菌类需要严格确认安全，板板上一躺就啥都没了,"#### 注意事项

所有菌类需要严格确认安全，板板上一躺就啥都没了"
tipchunk_4a666959ce13,TechniqueChunk,凉拌 / 块状肉类主食菜加工（此流程可选）（选项单选或多选）,凉拌,块状肉类主食菜加工（此流程可选）（选项单选或多选）,烹饪技巧,tips/learn/学习凉拌.md,16,"为什么凉拌,俺寻思这个也成类食材加工（此流程尽可能不选）（选项必选）,凉拌,凉拌是什么,凉拌的形态,凉拌的目的,凉拌能放什么,器具,块状肉类主食菜加工（此流程可选）（选项单选或多选）,块状菌类主食菜加工（此流程可选）（选项单选或多选）,块状蔬菜类主食材加工（此流程可选）（选项单选或多选）,学习凉拌,容器,时间,正文,注意事项,流程,混合食材（此流程可选）（选项单选或多选）,炸,烤,焯水,煮,片状蔬菜类主食材加工（此流程可选）（选项单选或多选）,腌,腌制,蒸,调味,辅料,辅料加工（此流程可选）（选项单选或多选）,食品安全,食用（此流程必选）",块状肉类主食菜加工 此流程可选 选项单选或多选 用例：鱼肉、海蜇头、熟猪肉、熟禽类等 将食材通过蒸煮烤炸等方式熟制 将食材在凉水中泡上些许时间 犹适用于海产 将食材撕成肉条 将食材切成薄片 犹适用于煮熟后的猪肉 将食材切成 0.8cm 0.8cm 截面长条状 将食材直接按部位撕碎或切大块 犹适用于整只熟禽,"### 块状肉类主食菜加工（此流程可选）（选项单选或多选）

用例：鱼肉、海蜇头、熟猪肉、熟禽类等

* 将食材通过蒸煮烤炸等方式熟制
* 将食材在凉水中泡上些许时间（犹适用于海产）
* 将食材撕成肉条
* 将食材切成薄片（犹适用于煮熟后的猪肉）
* 将食材切成 0.8cm * 0.8cm 截面长条状
* 将食材直接按部位撕碎或切大块（犹适用于整只熟禽）"
tipchunk_a02b7c25a0a3,TechniqueChunk,凉拌 / 注意事项,凉拌,注意事项,烹饪技巧,tips/learn/学习凉拌.md,17,"为什么凉拌,俺寻思这个也成类食材加工（此流程尽可能不选）（选项必选）,凉拌,凉拌是什么,凉拌的形态,凉拌的目的,凉拌能放什么,器具,块状肉类主食菜加工（此流程可选）（选项单选或多选）,块状菌类主食菜加工（此流程可选）（选项单选或多选）,块状蔬菜类主食材加工（此流程可选）（选项单选或多选）,学习凉拌,容器,时间,正文,注意事项,流程,混合食材（此流程可选）（选项单选或多选）,炸,烤,焯水,煮,片状蔬菜类主食材加工（此流程可选）（选项单选或多选）,腌,腌制,蒸,调味,辅料,辅料加工（此流程可选）（选项单选或多选）,食品安全,食用（此流程必选）",注意事项 猪肉与禽肉没有例外，必须十成熟，必须完全熟制，必须不见任何血水 部分牛肉、鱼肉、海鲜类在确认安全后可生食,"#### 注意事项

* 猪肉与禽肉没有例外，必须十成熟，必须完全熟制，必须不见任何血水
* 部分牛肉、鱼肉、海鲜类在确认安全后可生食"
tipchunk_8871a968ba08,TechniqueChunk,凉拌 / 俺寻思这个也成类食材加工（此流程尽可能不选）（选项必选）,凉拌,俺寻思这个也成类食材加工（此流程尽可能不选）（选项必选）,烹饪技巧,tips/learn/学习凉拌.md,18,"为什么凉拌,俺寻思这个也成类食材加工（此流程尽可能不选）（选项必选）,凉拌,凉拌是什么,凉拌的形态,凉拌的目的,凉拌能放什么,器具,块状肉类主食菜加工（此流程可选）（选项单选或多选）,块状菌类主食菜加工（此流程可选）（选项单选或多选）,块状蔬菜类主食材加工（此流程可选）（选项单选或多选）,学习凉拌,容器,时间,正文,注意事项,流程,混合食材（此流程可选）（选项单选或多选）,炸,烤,焯水,煮,片状蔬菜类主食材加工（此流程可选）（选项单选或多选）,腌,腌制,蒸,调味,辅料,辅料加工（此流程可选）（选项单选或多选）,食品安全,食用（此流程必选）",俺寻思这个也成类食材加工 此流程尽可能不选 选项必选 用例：面条、米饭、果类、嫩树叶等 确认食材安全 将食材处理成可食用状态 将食材处理成可搅拌状态,"### 俺寻思这个也成类食材加工（此流程尽可能不选）（选项必选）

用例：面条、米饭、果类、嫩树叶等

* 确认食材安全
* 将食材处理成可食用状态
* 将食材处理成可搅拌状态"
tipchunk_704ebc2cd090,TechniqueChunk,凉拌 / 注意事项,凉拌,注意事项,烹饪技巧,tips/learn/学习凉拌.md,19,"为什么凉拌,俺寻思这个也成类食材加工（此流程尽可能不选）（选项必选）,凉拌,凉拌是什么,凉拌的形态,凉拌的目的,凉拌能放什么,器具,块状肉类主食菜加工（此流程可选）（选项单选或多选）,块状菌类主食菜加工（此流程可选）（选项单选或多选）,块状蔬菜类主食材加工（此流程可选）（选项单选或多选）,学习凉拌,容器,时间,正文,注意事项,流程,混合食材（此流程可选）（选项单选或多选）,炸,烤,焯水,煮,片状蔬菜类主食材加工（此流程可选）（选项单选或多选）,腌,腌制,蒸,调味,辅料,辅料加工（此流程可选）（选项单选或多选）,食品安全,食用（此流程必选）",注意事项 请确认食材安全，可以将少量食材搅碎后在上臂糊上 30 分钟以检测过敏反应，有异常情况必须弃用 大多数树叶、青草含有会令人不适的成分，即使在熟制后依然如此，请确认安全 大多数谷类在熟制前不利于消化吸收，可能对肠胃产生不良影响,"#### 注意事项

* 请确认食材安全，可以将少量食材搅碎后在上臂糊上 30 分钟以检测过敏反应，有异常情况必须弃用
* 大多数树叶、青草含有会令人不适的成分，即使在熟制后依然如此，请确认安全
* 大多数谷类在熟制前不利于消化吸收，可能对肠胃产生不良影响"
tipchunk_4ad014c4c34e,TechniqueChunk,凉拌 / 辅料加工（此流程可选）（选项单选或多选）,凉拌,辅料加工（此流程可选）（选项单选或多选）,烹饪技巧,tips/learn/学习凉拌.md,20,"为什么凉拌,俺寻思这个也成类食材加工（此流程尽可能不选）（选项必选）,凉拌,凉拌是什么,凉拌的形态,凉拌的目的,凉拌能放什么,器具,块状肉类主食菜加工（此流程可选）（选项单选或多选）,块状菌类主食菜加工（此流程可选）（选项单选或多选）,块状蔬菜类主食材加工（此流程可选）（选项单选或多选）,学习凉拌,容器,时间,正文,注意事项,流程,混合食材（此流程可选）（选项单选或多选）,炸,烤,焯水,煮,片状蔬菜类主食材加工（此流程可选）（选项单选或多选）,腌,腌制,蒸,调味,辅料,辅料加工（此流程可选）（选项单选或多选）,食品安全,食用（此流程必选）",辅料加工 此流程可选 选项单选或多选 用例：指天椒、蒜瓣、生姜、干辣椒等 将指天椒去蒂，洗净后切去蒂端 0.5cm 长部分后切碎或切段 将蒜瓣拍碎后去皮，切去蒂端 0.5cm 长部分后切碎或切段 将生姜去皮后切碎或切丝或切片 将干辣椒碾碎 将准备好的食材装入小碗或即将用于搅拌的容器中 在容器中加入：各类粉剂、调味料或腌制酱料，搅拌均匀,"### 辅料加工（此流程可选）（选项单选或多选）

用例：指天椒、蒜瓣、生姜、干辣椒等

* 将指天椒去蒂，洗净后切去蒂端 0.5cm 长部分后切碎或切段
* 将蒜瓣拍碎后去皮，切去蒂端 0.5cm 长部分后切碎或切段
* 将生姜去皮后切碎或切丝或切片
* 将干辣椒碾碎
* 将准备好的食材装入小碗或即将用于搅拌的容器中
* 在容器中加入：各类粉剂、调味料或腌制酱料，搅拌均匀"
tipchunk_c213144095ef,TechniqueChunk,凉拌 / 注意事项,凉拌,注意事项,烹饪技巧,tips/learn/学习凉拌.md,21,"为什么凉拌,俺寻思这个也成类食材加工（此流程尽可能不选）（选项必选）,凉拌,凉拌是什么,凉拌的形态,凉拌的目的,凉拌能放什么,器具,块状肉类主食菜加工（此流程可选）（选项单选或多选）,块状菌类主食菜加工（此流程可选）（选项单选或多选）,块状蔬菜类主食材加工（此流程可选）（选项单选或多选）,学习凉拌,容器,时间,正文,注意事项,流程,混合食材（此流程可选）（选项单选或多选）,炸,烤,焯水,煮,片状蔬菜类主食材加工（此流程可选）（选项单选或多选）,腌,腌制,蒸,调味,辅料,辅料加工（此流程可选）（选项单选或多选）,食品安全,食用（此流程必选）",注意事项 辅料的种类，加工，方法极为宽泛，请不要局限您的思维，但请小心求证，适度适量，谨记安全,"#### 注意事项

* 辅料的种类，加工，方法极为宽泛，请不要局限您的思维，但请小心求证，适度适量，谨记安全"
tipchunk_fe0375828513,TechniqueChunk,凉拌 / 混合食材（此流程可选）（选项单选或多选）,凉拌,混合食材（此流程可选）（选项单选或多选）,烹饪技巧,tips/learn/学习凉拌.md,22,"为什么凉拌,俺寻思这个也成类食材加工（此流程尽可能不选）（选项必选）,凉拌,凉拌是什么,凉拌的形态,凉拌的目的,凉拌能放什么,器具,块状肉类主食菜加工（此流程可选）（选项单选或多选）,块状菌类主食菜加工（此流程可选）（选项单选或多选）,块状蔬菜类主食材加工（此流程可选）（选项单选或多选）,学习凉拌,容器,时间,正文,注意事项,流程,混合食材（此流程可选）（选项单选或多选）,炸,烤,焯水,煮,片状蔬菜类主食材加工（此流程可选）（选项单选或多选）,腌,腌制,蒸,调味,辅料,辅料加工（此流程可选）（选项单选或多选）,食品安全,食用（此流程必选）",混合食材 此流程可选 选项单选或多选 将含水量高的肉类食材挤出水分后滤干 将含水量高的蔬菜类食材放入容器中加入约 200g ： 5g 的盐并搅拌后静置 5 分钟，将水分滤干 将食材与辅料加入搅拌容器 用筷子、勺子或手洗净后搅拌 将容器密封后摇晃均匀 将容器倾斜至不会有材料洒出的角度，以轴心为轴旋转容器,"### 混合食材（此流程可选）（选项单选或多选）

* 将含水量高的肉类食材挤出水分后滤干
* 将含水量高的蔬菜类食材放入容器中加入约 200g ： 5g 的盐并搅拌后静置 5 分钟，将水分滤干
* 将食材与辅料加入搅拌容器
* 用筷子、勺子或手洗净后搅拌
* 将容器密封后摇晃均匀
* 将容器倾斜至不会有材料洒出的角度，以轴心为轴旋转容器"
tipchunk_5b2e4ad1ffe6,TechniqueChunk,凉拌 / 注意事项,凉拌,注意事项,烹饪技巧,tips/learn/学习凉拌.md,23,"为什么凉拌,俺寻思这个也成类食材加工（此流程尽可能不选）（选项必选）,凉拌,凉拌是什么,凉拌的形态,凉拌的目的,凉拌能放什么,器具,块状肉类主食菜加工（此流程可选）（选项单选或多选）,块状菌类主食菜加工（此流程可选）（选项单选或多选）,块状蔬菜类主食材加工（此流程可选）（选项单选或多选）,学习凉拌,容器,时间,正文,注意事项,流程,混合食材（此流程可选）（选项单选或多选）,炸,烤,焯水,煮,片状蔬菜类主食材加工（此流程可选）（选项单选或多选）,腌,腌制,蒸,调味,辅料,辅料加工（此流程可选）（选项单选或多选）,食品安全,食用（此流程必选）",注意事项 含水量高的食材直接在加入后可能析出过多水分淡化调料 搅拌时发现水量不足或搅拌不匀可适量加白开水，若无法确定用量每次 15mL 为佳 部分吸水率高的食材不建议搅拌，可能导致腌制后的食材味道过重,"#### 注意事项

* 含水量高的食材直接在加入后可能析出过多水分淡化调料
* 搅拌时发现水量不足或搅拌不匀可适量加白开水，若无法确定用量每次 15mL 为佳
* 部分吸水率高的食材不建议搅拌，可能导致腌制后的食材味道过重"
tipchunk_3d6253d11aa1,TechniqueChunk,凉拌 / 食用（此流程必选）,凉拌,食用（此流程必选）,烹饪技巧,tips/learn/学习凉拌.md,24,"为什么凉拌,俺寻思这个也成类食材加工（此流程尽可能不选）（选项必选）,凉拌,凉拌是什么,凉拌的形态,凉拌的目的,凉拌能放什么,器具,块状肉类主食菜加工（此流程可选）（选项单选或多选）,块状菌类主食菜加工（此流程可选）（选项单选或多选）,块状蔬菜类主食材加工（此流程可选）（选项单选或多选）,学习凉拌,容器,时间,正文,注意事项,流程,混合食材（此流程可选）（选项单选或多选）,炸,烤,焯水,煮,片状蔬菜类主食材加工（此流程可选）（选项单选或多选）,腌,腌制,蒸,调味,辅料,辅料加工（此流程可选）（选项单选或多选）,食品安全,食用（此流程必选）",食用 此流程必选 将搅拌后的食材直接食用 将未搅拌的主食材蘸取蘸料后食用 将食材与蘸料加入主食中食用,"### 食用（此流程必选）

* 将搅拌后的食材直接食用
* 将未搅拌的主食材蘸取蘸料后食用
* 将食材与蘸料加入主食中食用"
tipdoc_29af79a321e3,TechniqueDoc,炒/煎,炒/煎,,烹饪技巧,tips/learn/学习炒与煎.md,,"先炒鸡蛋法,器具,学习炒与煎,容器,正文,注意事项,流程,炒,炒/煎,炒与煎,炒煎,热锅凉油法,热锅双油法,煎,食品安全","炒/煎 器具 可使用普通金属制 铁/不锈钢/铝 炒/煎锅或不粘锅。 不建议使用铝制容器, 原因详见食品安全一节 注意事项 使用普通锅炒菜不粘的方法： 先炒鸡蛋法 不管炒什么菜之前都炒个鸡蛋，炒完不刷锅，再炒下个菜时就不粘。 热锅凉油法 记住一定要是热锅凉油，首先热锅 干净的锅什么都不放，干烧，使其受热均匀，烧热 放入凉油，旋转锅子，使油沾满整个锅 可以来回旋转使其受热均匀 看到有气体从锅中发出时，就表示锅子的油已经烧热了 把油倒出来，倒出来后不要刷锅 可以重复上述步骤 2 3 遍以得到更好的不粘效果 注意：如果是燃气，可能会喷火，注意安全 热锅双油法 首先热锅 干净的锅什么都不放，干烧，使其受热均匀，烧热 放入“少量凉油”，旋转锅子，使油沾满整个锅 可以来回旋转使其受热均匀 看到有气体从锅中发出时，就表示锅子的油已经烧热了 再继续放入凉油，开始炒菜 注意：如果是燃气，可能会喷火，注意安全。 补充： 目的是使油挂满锅底，所有市面上的家用锅都适用，挂油后秒变不粘锅。 使用不粘锅煎炒食物不会粘锅。不粘锅的功能来源于其内壁上的涂层。 金属锅铲会划伤涂层。使用不粘锅时应使用木制或硅胶锅铲以避免损","# 炒/煎

## 器具

可使用普通金属制（铁/不锈钢/铝）炒/煎锅或不粘锅。

不建议使用铝制容器, 原因详见食品安全一节

### 注意事项

* 使用普通锅炒菜不粘的方法：

#### 先炒鸡蛋法

* 不管炒什么菜之前都炒个鸡蛋，炒完不刷锅，再炒下个菜时就不粘。

#### 热锅凉油法

* 记住一定要是热锅凉油，首先热锅
 * 干净的锅什么都不放，干烧，使其受热均匀，烧热
 * 放入凉油，旋转锅子，使油沾满整个锅（可以来回旋转使其受热均匀）
 * 看到有气体从锅中发出时，就表示锅子的油已经烧热了
 * 把油倒出来，倒出来后不要刷锅
 * 可以重复上述步骤 2-3 遍以得到更好的不粘效果
 * 注意：如果是燃气，可能会喷火，注意安全

#### 热锅双油法

* 首先热锅
 * 干净的锅什么都不放，干烧，使其受热均匀，烧热
 * 放入“少量凉油”，旋转锅子，使油沾满整个锅（可以来回旋转使其受热均匀）
 * 看到有气体从锅中发出时，就表示锅子的油已经烧热了
 * 再继续放入凉油，开始炒菜
 * 注意：如果是燃气，可能会喷火，注意安全。

补充：

* 目的是使油挂满锅底，所有市面上的家用锅都适用，挂油后秒变不粘锅。
* 使用不粘锅煎炒食物不会粘锅。不粘锅的功能来源于其内壁上的涂层。**金属锅铲会划伤涂层。使用不粘锅时应使用木制或硅胶锅铲以避免损坏涂层。**

### 流程

开火——直接将锅平放于火上，烧热——将油倒入锅中，烧热——放入菜品，翻炒——出锅前记得放调料

### 注意事项

* 判断锅/油是否烧热时，可将手平放于锅的上方感受热量；油热后方可放入食材。
* 倒油入锅前，务必确认锅的内部没有残余水份。**水会导致热油飞溅，造成危险。**
* 接上条，食材放入油锅前，应当沥干水份（蛋液没事）；同理，不可将未解冻的食材放入油锅，以免冰化后造成危险。
* **若油锅起火，切不可倒水灭火**。这样做会使火势扩大。火刚起时，可迅速关火，盖上锅盖。"
tipchunk_09ffb1f1cc45,TechniqueChunk,炒/煎,炒/煎,正文,烹饪技巧,tips/learn/学习炒与煎.md,0,"先炒鸡蛋法,器具,学习炒与煎,容器,正文,注意事项,流程,炒,炒/煎,炒与煎,炒煎,热锅凉油法,热锅双油法,煎,食品安全",炒/煎,# 炒/煎
tipchunk_e3b0c6aafab5,TechniqueChunk,炒/煎 / 器具,炒/煎,器具,烹饪技巧,tips/learn/学习炒与煎.md,1,"先炒鸡蛋法,器具,学习炒与煎,容器,正文,注意事项,流程,炒,炒/煎,炒与煎,炒煎,热锅凉油法,热锅双油法,煎,食品安全","器具 可使用普通金属制 铁/不锈钢/铝 炒/煎锅或不粘锅。 不建议使用铝制容器, 原因详见食品安全一节","## 器具

可使用普通金属制（铁/不锈钢/铝）炒/煎锅或不粘锅。

不建议使用铝制容器, 原因详见食品安全一节"
tipchunk_145b08b67bf0,TechniqueChunk,炒/煎 / 注意事项,炒/煎,注意事项,烹饪技巧,tips/learn/学习炒与煎.md,2,"先炒鸡蛋法,器具,学习炒与煎,容器,正文,注意事项,流程,炒,炒/煎,炒与煎,炒煎,热锅凉油法,热锅双油法,煎,食品安全",注意事项 使用普通锅炒菜不粘的方法：,"### 注意事项

* 使用普通锅炒菜不粘的方法："
tipchunk_569bb9b43596,TechniqueChunk,炒/煎 / 先炒鸡蛋法,炒/煎,先炒鸡蛋法,烹饪技巧,tips/learn/学习炒与煎.md,3,"先炒鸡蛋法,器具,学习炒与煎,容器,正文,注意事项,流程,炒,炒/煎,炒与煎,炒煎,热锅凉油法,热锅双油法,煎,食品安全",先炒鸡蛋法 不管炒什么菜之前都炒个鸡蛋，炒完不刷锅，再炒下个菜时就不粘。,"#### 先炒鸡蛋法

* 不管炒什么菜之前都炒个鸡蛋，炒完不刷锅，再炒下个菜时就不粘。"
tipchunk_f78fe0dd6891,TechniqueChunk,炒/煎 / 热锅凉油法,炒/煎,热锅凉油法,烹饪技巧,tips/learn/学习炒与煎.md,4,"先炒鸡蛋法,器具,学习炒与煎,容器,正文,注意事项,流程,炒,炒/煎,炒与煎,炒煎,热锅凉油法,热锅双油法,煎,食品安全",热锅凉油法 记住一定要是热锅凉油，首先热锅 干净的锅什么都不放，干烧，使其受热均匀，烧热 放入凉油，旋转锅子，使油沾满整个锅 可以来回旋转使其受热均匀 看到有气体从锅中发出时，就表示锅子的油已经烧热了 把油倒出来，倒出来后不要刷锅 可以重复上述步骤 2 3 遍以得到更好的不粘效果 注意：如果是燃气，可能会喷火，注意安全,"#### 热锅凉油法

* 记住一定要是热锅凉油，首先热锅
 * 干净的锅什么都不放，干烧，使其受热均匀，烧热
 * 放入凉油，旋转锅子，使油沾满整个锅（可以来回旋转使其受热均匀）
 * 看到有气体从锅中发出时，就表示锅子的油已经烧热了
 * 把油倒出来，倒出来后不要刷锅
 * 可以重复上述步骤 2-3 遍以得到更好的不粘效果
 * 注意：如果是燃气，可能会喷火，注意安全"
tipchunk_f615e98e8d72,TechniqueChunk,炒/煎 / 热锅双油法,炒/煎,热锅双油法,烹饪技巧,tips/learn/学习炒与煎.md,5,"先炒鸡蛋法,器具,学习炒与煎,容器,正文,注意事项,流程,炒,炒/煎,炒与煎,炒煎,热锅凉油法,热锅双油法,煎,食品安全",热锅双油法 首先热锅 干净的锅什么都不放，干烧，使其受热均匀，烧热 放入“少量凉油”，旋转锅子，使油沾满整个锅 可以来回旋转使其受热均匀 看到有气体从锅中发出时，就表示锅子的油已经烧热了 再继续放入凉油，开始炒菜 注意：如果是燃气，可能会喷火，注意安全。 补充： 目的是使油挂满锅底，所有市面上的家用锅都适用，挂油后秒变不粘锅。 使用不粘锅煎炒食物不会粘锅。不粘锅的功能来源于其内壁上的涂层。 金属锅铲会划伤涂层。使用不粘锅时应使用木制或硅胶锅铲以避免损坏涂层。,"#### 热锅双油法

* 首先热锅
 * 干净的锅什么都不放，干烧，使其受热均匀，烧热
 * 放入“少量凉油”，旋转锅子，使油沾满整个锅（可以来回旋转使其受热均匀）
 * 看到有气体从锅中发出时，就表示锅子的油已经烧热了
 * 再继续放入凉油，开始炒菜
 * 注意：如果是燃气，可能会喷火，注意安全。

补充：

* 目的是使油挂满锅底，所有市面上的家用锅都适用，挂油后秒变不粘锅。
* 使用不粘锅煎炒食物不会粘锅。不粘锅的功能来源于其内壁上的涂层。**金属锅铲会划伤涂层。使用不粘锅时应使用木制或硅胶锅铲以避免损坏涂层。**"
tipchunk_e860b2645b1b,TechniqueChunk,炒/煎 / 流程,炒/煎,流程,烹饪技巧,tips/learn/学习炒与煎.md,6,"先炒鸡蛋法,器具,学习炒与煎,容器,正文,注意事项,流程,炒,炒/煎,炒与煎,炒煎,热锅凉油法,热锅双油法,煎,食品安全",流程 开火——直接将锅平放于火上，烧热——将油倒入锅中，烧热——放入菜品，翻炒——出锅前记得放调料,"### 流程

开火——直接将锅平放于火上，烧热——将油倒入锅中，烧热——放入菜品，翻炒——出锅前记得放调料"
tipchunk_66d00f41c41d,TechniqueChunk,炒/煎 / 注意事项,炒/煎,注意事项,烹饪技巧,tips/learn/学习炒与煎.md,7,"先炒鸡蛋法,器具,学习炒与煎,容器,正文,注意事项,流程,炒,炒/煎,炒与煎,炒煎,热锅凉油法,热锅双油法,煎,食品安全",注意事项 判断锅/油是否烧热时，可将手平放于锅的上方感受热量；油热后方可放入食材。 倒油入锅前，务必确认锅的内部没有残余水份。 水会导致热油飞溅，造成危险。 接上条，食材放入油锅前，应当沥干水份 蛋液没事 ；同理，不可将未解冻的食材放入油锅，以免冰化后造成危险。 若油锅起火，切不可倒水灭火 。这样做会使火势扩大。火刚起时，可迅速关火，盖上锅盖。,"### 注意事项

* 判断锅/油是否烧热时，可将手平放于锅的上方感受热量；油热后方可放入食材。
* 倒油入锅前，务必确认锅的内部没有残余水份。**水会导致热油飞溅，造成危险。**
* 接上条，食材放入油锅前，应当沥干水份（蛋液没事）；同理，不可将未解冻的食材放入油锅，以免冰化后造成危险。
* **若油锅起火，切不可倒水灭火**。这样做会使火势扩大。火刚起时，可迅速关火，盖上锅盖。"
tipdoc_897acc483178,TechniqueDoc,焯水,焯水,,烹饪技巧,tips/learn/学习焯水.md,,"冷水锅焯水,学习焯水,开水锅焯水,操作,时间,正文,火候,焯水,煮,肉的焯水,调味,青菜的焯水,额外注意事项",焯水 焯水是做饭的一道工序，读作 chāo shuǐ。 焯水指将初步加工的原料放在开水锅中加热至半熟或全熟，取出以备进一步烹调或调味。 焯水是烹调中特别是冷拌菜不可缺少的一道工序。 对菜肴的色、香、味，特别是色起着关键作用。 大部分蔬菜和带有腥羶气味的肉类原料都需要焯水。 操作 开水锅焯水 开水锅焯水，就是将锅内的水加热，然后将原料下锅。下锅后及时翻动，时间要短，不要过火。 这种方法多用于植物性原料，如：芹菜、菠菜、莴笋等。 焯水时要特别注意火候，时间稍长，颜色就会变淡，而且也不脆、嫩。 因此放入锅内后，水微开时即可捞出晾凉。 叶类蔬菜原料应先焯水再切片，以免营养成分损失过多。 焯水时应水宽火旺，以使投入原料后能及时开锅；焯制绿叶蔬菜时，应略滚即捞出。 蔬菜类原料在焯水后应立即投凉控干，以免因余热而使之变黄、熟烂的现象发生。 蔬菜焯水可以放入适量色拉油如花生油、玉米油、大豆油以保持翠绿。 冷水锅焯水 冷水锅焯水是将原料与冷水同时下锅。 水要没过原料，然后烧开，目的是使原料成熟，便于进一步加工。 土豆、胡萝卜等因体积大，不易成熟，需要煮的时间长一些。 有些动物性原料，如：白肉、牛百页、牛,"# 焯水

焯水是做饭的一道工序，读作 chāo shuǐ。

焯水指将初步加工的原料放在开水锅中加热至半熟或全熟，取出以备进一步烹调或调味。

焯水是烹调中特别是冷拌菜不可缺少的一道工序。 对菜肴的色、香、味，特别是色起着关键作用。

大部分蔬菜和带有腥羶气味的肉类原料都需要焯水。

## 操作

### 开水锅焯水

开水锅焯水，就是将锅内的水加热，然后将原料下锅。下锅后及时翻动，时间要短，不要过火。

这种方法多用于植物性原料，如：芹菜、菠菜、莴笋等。 焯水时要特别注意火候，时间稍长，颜色就会变淡，而且也不脆、嫩。 因此放入锅内后，水微开时即可捞出晾凉。

- 叶类蔬菜原料应先焯水再切片，以免营养成分损失过多。
- 焯水时应水宽火旺，以使投入原料后能及时开锅；焯制绿叶蔬菜时，应略滚即捞出。
- 蔬菜类原料在焯水后应立即投凉控干，以免因余热而使之变黄、熟烂的现象发生。
- 蔬菜焯水可以放入适量色拉油如花生油、玉米油、大豆油以保持翠绿。

### 冷水锅焯水

冷水锅焯水是将原料与冷水同时下锅。 水要没过原料，然后烧开，目的是使原料成熟，便于进一步加工。

土豆、胡萝卜等因体积大，不易成熟，需要煮的时间长一些。

有些动物性原料，如：白肉、牛百页、牛肚领等，也是冷水下锅加热成熟后再进一步加工的。有些用于煮汤的动物性原料也要冷水下锅，在加热过程中使营养物质逐渐溢出，使汤味鲜美，如用热水锅，则会造成蛋白质凝固。

- 锅内的加水量不宜过多，以淹没原料为度。
- 在逐渐加热过程中，必须对原料勤翻动，以使原料受热均匀，达到焯水的目的。

## 额外注意事项

- 焯水有时也会使原料内的一些不稳定、可溶性营养物质溢出，特别是新鲜蔬菜中的水溶性维生素更容易受到损失
- 动物类原料与植物类原料要分别焯水；色味较重的与色味较轻的要分别焯水；块状大的要与块状小的分别焯水，以防彼此串味
- 焯制动物性原料后，汤汁可在撇沫澄清后作为鲜汤使用

### 肉的焯水

- 肉类原料经过开水焯过后变色即可，捞出沥干水分后可以进行下一步的烹调。
- 肉类焯水后需要洗去沾附的血沫污渍，记得用温水清洗，否则肉热胀冷缩会吸附污渍，导致无法洗净血沫。

### 青菜的焯水

- 洗青菜时，在清水里撒一些盐，这样可以把青菜里的虫子清洗出来
- 焯过后的青菜应立即浸入冷水中，以保持颜色和口感。如果不用冷水浸，青菜会因为开水的余温变的不再清脆，而出现烂烂的感觉"
tipchunk_c152c15f5dc6,TechniqueChunk,焯水,焯水,正文,烹饪技巧,tips/learn/学习焯水.md,0,"冷水锅焯水,学习焯水,开水锅焯水,操作,时间,正文,火候,焯水,煮,肉的焯水,调味,青菜的焯水,额外注意事项",焯水 焯水是做饭的一道工序，读作 chāo shuǐ。 焯水指将初步加工的原料放在开水锅中加热至半熟或全熟，取出以备进一步烹调或调味。 焯水是烹调中特别是冷拌菜不可缺少的一道工序。 对菜肴的色、香、味，特别是色起着关键作用。 大部分蔬菜和带有腥羶气味的肉类原料都需要焯水。,"# 焯水

焯水是做饭的一道工序，读作 chāo shuǐ。

焯水指将初步加工的原料放在开水锅中加热至半熟或全熟，取出以备进一步烹调或调味。

焯水是烹调中特别是冷拌菜不可缺少的一道工序。 对菜肴的色、香、味，特别是色起着关键作用。

大部分蔬菜和带有腥羶气味的肉类原料都需要焯水。"
tipchunk_94e42a7e303d,TechniqueChunk,焯水 / 操作,焯水,操作,烹饪技巧,tips/learn/学习焯水.md,1,"冷水锅焯水,学习焯水,开水锅焯水,操作,时间,正文,火候,焯水,煮,肉的焯水,调味,青菜的焯水,额外注意事项",操作,## 操作
tipchunk_f7fae7c6fbc2,TechniqueChunk,焯水 / 开水锅焯水,焯水,开水锅焯水,烹饪技巧,tips/learn/学习焯水.md,2,"冷水锅焯水,学习焯水,开水锅焯水,操作,时间,正文,火候,焯水,煮,肉的焯水,调味,青菜的焯水,额外注意事项",开水锅焯水 开水锅焯水，就是将锅内的水加热，然后将原料下锅。下锅后及时翻动，时间要短，不要过火。 这种方法多用于植物性原料，如：芹菜、菠菜、莴笋等。 焯水时要特别注意火候，时间稍长，颜色就会变淡，而且也不脆、嫩。 因此放入锅内后，水微开时即可捞出晾凉。 叶类蔬菜原料应先焯水再切片，以免营养成分损失过多。 焯水时应水宽火旺，以使投入原料后能及时开锅；焯制绿叶蔬菜时，应略滚即捞出。 蔬菜类原料在焯水后应立即投凉控干，以免因余热而使之变黄、熟烂的现象发生。 蔬菜焯水可以放入适量色拉油如花生油、玉米油、大豆油以保持翠绿。,"### 开水锅焯水

开水锅焯水，就是将锅内的水加热，然后将原料下锅。下锅后及时翻动，时间要短，不要过火。

这种方法多用于植物性原料，如：芹菜、菠菜、莴笋等。 焯水时要特别注意火候，时间稍长，颜色就会变淡，而且也不脆、嫩。 因此放入锅内后，水微开时即可捞出晾凉。

- 叶类蔬菜原料应先焯水再切片，以免营养成分损失过多。
- 焯水时应水宽火旺，以使投入原料后能及时开锅；焯制绿叶蔬菜时，应略滚即捞出。
- 蔬菜类原料在焯水后应立即投凉控干，以免因余热而使之变黄、熟烂的现象发生。
- 蔬菜焯水可以放入适量色拉油如花生油、玉米油、大豆油以保持翠绿。"
tipchunk_9f4ddf824a2b,TechniqueChunk,焯水 / 冷水锅焯水,焯水,冷水锅焯水,烹饪技巧,tips/learn/学习焯水.md,3,"冷水锅焯水,学习焯水,开水锅焯水,操作,时间,正文,火候,焯水,煮,肉的焯水,调味,青菜的焯水,额外注意事项",冷水锅焯水 冷水锅焯水是将原料与冷水同时下锅。 水要没过原料，然后烧开，目的是使原料成熟，便于进一步加工。 土豆、胡萝卜等因体积大，不易成熟，需要煮的时间长一些。 有些动物性原料，如：白肉、牛百页、牛肚领等，也是冷水下锅加热成熟后再进一步加工的。有些用于煮汤的动物性原料也要冷水下锅，在加热过程中使营养物质逐渐溢出，使汤味鲜美，如用热水锅，则会造成蛋白质凝固。 锅内的加水量不宜过多，以淹没原料为度。 在逐渐加热过程中，必须对原料勤翻动，以使原料受热均匀，达到焯水的目的。,"### 冷水锅焯水

冷水锅焯水是将原料与冷水同时下锅。 水要没过原料，然后烧开，目的是使原料成熟，便于进一步加工。

土豆、胡萝卜等因体积大，不易成熟，需要煮的时间长一些。

有些动物性原料，如：白肉、牛百页、牛肚领等，也是冷水下锅加热成熟后再进一步加工的。有些用于煮汤的动物性原料也要冷水下锅，在加热过程中使营养物质逐渐溢出，使汤味鲜美，如用热水锅，则会造成蛋白质凝固。

- 锅内的加水量不宜过多，以淹没原料为度。
- 在逐渐加热过程中，必须对原料勤翻动，以使原料受热均匀，达到焯水的目的。"
tipchunk_be4ce5e12e72,TechniqueChunk,焯水 / 额外注意事项,焯水,额外注意事项,烹饪技巧,tips/learn/学习焯水.md,4,"冷水锅焯水,学习焯水,开水锅焯水,操作,时间,正文,火候,焯水,煮,肉的焯水,调味,青菜的焯水,额外注意事项",额外注意事项 焯水有时也会使原料内的一些不稳定、可溶性营养物质溢出，特别是新鲜蔬菜中的水溶性维生素更容易受到损失 动物类原料与植物类原料要分别焯水；色味较重的与色味较轻的要分别焯水；块状大的要与块状小的分别焯水，以防彼此串味 焯制动物性原料后，汤汁可在撇沫澄清后作为鲜汤使用,"## 额外注意事项

- 焯水有时也会使原料内的一些不稳定、可溶性营养物质溢出，特别是新鲜蔬菜中的水溶性维生素更容易受到损失
- 动物类原料与植物类原料要分别焯水；色味较重的与色味较轻的要分别焯水；块状大的要与块状小的分别焯水，以防彼此串味
- 焯制动物性原料后，汤汁可在撇沫澄清后作为鲜汤使用"
tipchunk_edea9a760e74,TechniqueChunk,焯水 / 肉的焯水,焯水,肉的焯水,烹饪技巧,tips/learn/学习焯水.md,5,"冷水锅焯水,学习焯水,开水锅焯水,操作,时间,正文,火候,焯水,煮,肉的焯水,调味,青菜的焯水,额外注意事项",肉的焯水 肉类原料经过开水焯过后变色即可，捞出沥干水分后可以进行下一步的烹调。 肉类焯水后需要洗去沾附的血沫污渍，记得用温水清洗，否则肉热胀冷缩会吸附污渍，导致无法洗净血沫。,"### 肉的焯水

- 肉类原料经过开水焯过后变色即可，捞出沥干水分后可以进行下一步的烹调。
- 肉类焯水后需要洗去沾附的血沫污渍，记得用温水清洗，否则肉热胀冷缩会吸附污渍，导致无法洗净血沫。"
tipchunk_36fef69f5254,TechniqueChunk,焯水 / 青菜的焯水,焯水,青菜的焯水,烹饪技巧,tips/learn/学习焯水.md,6,"冷水锅焯水,学习焯水,开水锅焯水,操作,时间,正文,火候,焯水,煮,肉的焯水,调味,青菜的焯水,额外注意事项",青菜的焯水 洗青菜时，在清水里撒一些盐，这样可以把青菜里的虫子清洗出来 焯过后的青菜应立即浸入冷水中，以保持颜色和口感。如果不用冷水浸，青菜会因为开水的余温变的不再清脆，而出现烂烂的感觉,"### 青菜的焯水

- 洗青菜时，在清水里撒一些盐，这样可以把青菜里的虫子清洗出来
- 焯过后的青菜应立即浸入冷水中，以保持颜色和口感。如果不用冷水浸，青菜会因为开水的余温变的不再清脆，而出现烂烂的感觉"
tipdoc_beafa0e516d2,TechniqueDoc,煮,煮,,烹饪技巧,tips/learn/学习煮.md,,"学习煮,时间,正文,注意事项,流程,煮",煮 流程 倒水入锅——开火，将锅放于火上加热——水开 水翻滚，有大量气泡冒出 后放入食材 注意事项 加热时盖上锅盖可以加快受热。 但这样做有溢锅的风险 。持续加热后，过渡翻腾的流体可能会冒出锅外，这就是溢锅。 若即将溢锅，立刻关小火并打开锅盖即可。 想要加快受热又避免溢锅，可以半开锅盖，留出气体出口；也可在后期关小火，并时时注意锅中情况。 根据烹饪需要，食材也可冷水下锅。不过这样水烧开需要的时间更久。,"# 煮

## 流程

倒水入锅——开火，将锅放于火上加热——水开（水翻滚，有大量气泡冒出）后放入食材

### 注意事项

* 加热时盖上锅盖可以加快受热。**但这样做有溢锅的风险**。持续加热后，过渡翻腾的流体可能会冒出锅外，这就是溢锅。
* **若即将溢锅，立刻关小火并打开锅盖即可。**
* 想要加快受热又避免溢锅，可以半开锅盖，留出气体出口；也可在后期关小火，并时时注意锅中情况。
* 根据烹饪需要，食材也可冷水下锅。不过这样水烧开需要的时间更久。"
tipchunk_b548c9a9a0ee,TechniqueChunk,煮,煮,正文,烹饪技巧,tips/learn/学习煮.md,0,"学习煮,时间,正文,注意事项,流程,煮",煮,# 煮
tipchunk_ec4c40100a43,TechniqueChunk,煮 / 流程,煮,流程,烹饪技巧,tips/learn/学习煮.md,1,"学习煮,时间,正文,注意事项,流程,煮",流程 倒水入锅——开火，将锅放于火上加热——水开 水翻滚，有大量气泡冒出 后放入食材,"## 流程

倒水入锅——开火，将锅放于火上加热——水开（水翻滚，有大量气泡冒出）后放入食材"
tipchunk_2f3e8eab505b,TechniqueChunk,煮 / 注意事项,煮,注意事项,烹饪技巧,tips/learn/学习煮.md,2,"学习煮,时间,正文,注意事项,流程,煮",注意事项 加热时盖上锅盖可以加快受热。 但这样做有溢锅的风险 。持续加热后，过渡翻腾的流体可能会冒出锅外，这就是溢锅。 若即将溢锅，立刻关小火并打开锅盖即可。 想要加快受热又避免溢锅，可以半开锅盖，留出气体出口；也可在后期关小火，并时时注意锅中情况。 根据烹饪需要，食材也可冷水下锅。不过这样水烧开需要的时间更久。,"### 注意事项

* 加热时盖上锅盖可以加快受热。**但这样做有溢锅的风险**。持续加热后，过渡翻腾的流体可能会冒出锅外，这就是溢锅。
* **若即将溢锅，立刻关小火并打开锅盖即可。**
* 想要加快受热又避免溢锅，可以半开锅盖，留出气体出口；也可在后期关小火，并时时注意锅中情况。
* 根据烹饪需要，食材也可冷水下锅。不过这样水烧开需要的时间更久。"
tipdoc_e5959b9d0464,TechniqueDoc,腌（肉）,腌（肉）,,烹饪技巧,tips/learn/学习腌.md,,"入味,几种较为通用的腌渍公式,去腥,学习腌,容器,常用的腌渍用料,时间,正文,注意,炒,炸,烤,煎,腌,腌制,腌渍,腌渍基本概念,腌渍容器及时间,腌渍手法,腌肉,腌（肉）,菜品实战示例,蒸,调味,辅料",腌 肉 注意 此处所描述的腌渍是食材烹饪前处理的步骤，并非制作咸肉或腌制香肠等成品 腌渍 在烹饪前腌制肉类是让肉类预先入味的常用方法。一般腌渍的对象是生肉。根据菜品的需求，可以自行确定肉类改刀的大小。 例如炸鸡米花，鸡胸肉是在改刀为骰子大小的小块后放入碗中腌渍 例如烤全羊，羊腿，半扇或整扇羊肉不必改刀即可用大量调味料涂抹在表面从而腌渍入味 根据菜品的不同，腌渍所选的调味料、辅料可以是任何种类。有时候为了不同的口味，辅料也可能需要预先处理。 腌渍基本概念 此处介绍的是正常口味的腌渍过程。 一般来说，肉量越大 比如一次性腌渍 5kg 鸡翅 ，体积越大 比如一整个羊腿 ，口味越重，则需要调味料和辅料越多 一般来说，计划腌渍的时间越长，使用的调味料和辅料越少 腌渍时应使用料均匀覆盖在所有的表面。如果是肉片、肉丝，应该用手尽量抓匀、搅匀。如果是整个羊腿，应该用手或刷子在表面刷匀 一般炒肉、炸肉需要提前腌渍。炒肉应该保证肉鲜嫩的口感，烹调往往需要大火且时间较短。短时间烹饪不容易入味时，提前腌渍就能弥补口味的不足 腌渍手法 细肉丝、薄肉片：由于肉质较脆弱，需要尽量轻柔。手指呈娃娃机钳子的形状，轻微抓,"# 腌（肉）

## 注意

此处所描述的腌渍是食材烹饪前处理的步骤，并非制作咸肉或腌制香肠等成品

## 腌渍

在烹饪前腌制肉类是让肉类预先入味的常用方法。一般腌渍的对象是生肉。根据菜品的需求，可以自行确定肉类改刀的大小。

 例如炸鸡米花，鸡胸肉是在改刀为骰子大小的小块后放入碗中腌渍
 例如烤全羊，羊腿，半扇或整扇羊肉不必改刀即可用大量调味料涂抹在表面从而腌渍入味

根据菜品的不同，腌渍所选的调味料、辅料可以是任何种类。有时候为了不同的口味，辅料也可能需要预先处理。

## 腌渍基本概念

此处介绍的是正常口味的腌渍过程。

- 一般来说，肉量越大（比如一次性腌渍 5kg 鸡翅），体积越大（比如一整个羊腿），口味越重，则需要调味料和辅料越多
- 一般来说，计划腌渍的时间越长，使用的调味料和辅料越少
- 腌渍时应使用料均匀覆盖在所有的表面。如果是肉片、肉丝，应该用手尽量抓匀、搅匀。如果是整个羊腿，应该用手或刷子在表面刷匀
- 一般炒肉、炸肉需要提前腌渍。炒肉应该保证肉鲜嫩的口感，烹调往往需要大火且时间较短。短时间烹饪不容易入味时，提前腌渍就能弥补口味的不足

## 腌渍手法

- 细肉丝、薄肉片：由于肉质较脆弱，需要尽量轻柔。手指呈娃娃机钳子的形状，轻微抓匀腌料。然后向一个方向轻轻搅匀即可
- 肉丝、肉片、肉块：手法同上，但是力量可以稍大
- 鸡腿、鸡翅等大小：先在食材上改几道花刀。鸡翅根、鸡腿可以用刀扎对穿孔。然后先在碗里混合好腌料，在把食材放入料碗中裹匀
- 羊腿等大小：一般可以在肉较厚的位置扎对穿孔。然后腌料混合好后均匀涂抹在食材表面

## 腌渍容器及时间

- 选择能装下食材和腌料的容器即可。包括碗、盘子、托盘等。此时是开口腌渍，一般时间较短，常见 0.5-2 小时的腌渍时间。（烤）羊腿等也可以如此腌渍，但时间较长
- 可以选择足够大的食品密封袋腌渍。此时是封口腌渍，一般时间很长，例如隔夜腌渍，或腌渍不易入味的排骨等。常见 4 小时-隔夜。此时用料要稍微减少，防止成菜口感太重太咸

## 常用的腌渍用料

- 生抽：调酱香且带有咸味的底味。可用于几乎所有肉类
- 老抽：咸味并不强烈，但是易于染色。用于调底色和增香。一般不应大量使用防止产生豆腥味。可用于几乎所有红肉类（较少用），猪肝等可以多加
- 食盐：咸味但炒制后不带有酱香味。可用于所有肉类
- 白（砂）糖：调甜味（量大），也可以为肉增加鲜嫩的口感（量少）。可用于所有禽畜类肉类，但鱼类和海鲜并不常用。
- 红糖：调甜味和红糖特有的口感，口味比白糖略重。可用于几乎所有肉类（一般肉色较深或者成菜颜色较深）
- 蚝油：增加鲜、咸、甜的口味。一般用于红肉
- 白醋/米醋：增加酸的口味。较少使用
- 陈醋/香醋：不仅带有酸的口味，还能为菜品增香增色。香醋比较适合深色鱼类（尤其是烤鱼）
- 料酒：去腥增香。可用于几乎所有肉类。但是使用需要注意：
 - 料酒本身的味道很浓，很容易掩盖食材本身的香味，对于腥味不浓郁的食材，可以考虑不用料酒来去腥。例如：牛肉，鱼肉和鸡肉。
 - 对于鸡肉，可以用白酒去代替料酒。
 - 对于牛肉，可以用姜葱水代替料酒。
 - 对于白色鱼肉，只需要清洗干净血丝和粘膜就不会有什么腥味了，建议不加料酒。
- 黄酒：去腥增香，效果比料酒更好，香味比料酒更复杂。一般用于白肉类。红肉也可用，但是效果与料酒相当。
- 五香粉/十三香：为肉类增加香味，是最简单的复合香料。五香粉仅仅增加香味，十三香的香味比较独特，有辨识度。用此类香料腌渍应该控制用量。可用于几乎所有肉类，但鱼类和海鲜不常用
- 辣椒粉：辣椒粉分为很多种。不谈辣椒的种类，从研磨精细度划分有辣椒粉/辣椒面，辣椒碎等。除了为肉类增加辣味，还能为成菜配色。用辣椒腌渍的菜品应该避免辣椒过量。可用于几乎所有需要辣味底味的肉类，但烹调时间应该略加控制，防止辣椒味道变苦，或者颜色变深
- 孜然粉、小茴香粉：一般用磨粉作为腌料，不用颗粒，这样可以使肉类更容易入味。可用于几乎所有红肉和鸡肉
- X 椒粉：为肉类增加辛、辣、香、呛的口味。使用应该适量，防止盖过其他口味
 - 黑胡椒粉：口味辛、辣。可用于几乎所有红肉
 - 白胡椒粉：口味辛、香。比黑胡椒略弱，突出香味。可用于几乎所有肉类
 - 花椒粉：口味辛、呛。有花椒特殊的香味，比较有辨识度。可用于几乎所有肉类
- 豆瓣酱：为肉类增加豆类的酱香和咸味、辣味。可用于几乎所有红肉类
- 葱姜蒜：葱姜去腥增香，去除异味；蒜增加辛香味。葱可根据需要切段或者切片；姜一般切片，有些场景需要去皮；蒜可切片或切碎。葱姜不想出现在成菜中，或者口味需要较轻，可以将葱姜块放于有极少量清水的碗里挤压出汁，用葱姜水腌渍肉类。蒜一般不直接加入。可用于所有肉类
- 海鲜酱、虾酱等：为肉类增加鲜、咸味。海鲜酱口味偏甜，虾酱口味偏重。可用于几乎所有肉类，但使用场景不多
- 豆豉：为肉类增加发酵豆类的香味和咸味。可用于几乎所有红肉类，但是使用的并不多
- 生粉：即为淀粉。生粉是上浆的重要腌料。上浆越厚，或者需要口感越滑嫩，需要的生粉越多。可用于几乎所有肉类。`生粉可作为简易的油炸外衣使用（一般根据需要还需加入面粉等），此时一般不在腌渍时加入`
 - 玉米淀粉、土豆淀粉：粘性一般最大
 - 红薯淀粉：粘性略低
- 油：在腌渍时加入适量油进行油封，可以锁住水分和风味。如使用开口容器腌渍，且时间较长（例如在碗里），油封能极大程度保证肉质不变干或变柴。可用于几乎所有肉类。油封后炒制应略微减少底油，油炸则没有区别

## 几种较为通用的腌渍公式

- 牛肉：使用适量生抽，少量料酒，少量白砂糖腌渍。根据口味选用食盐（补充咸味），蚝油和极少量海鲜酱（蚝油牛肉），五香粉/十三香（洋葱炒牛肉）。慎用葱姜
- 鸡肉（包括鸡胸肉和鸡翅）：使用适量生抽，较少量白砂糖，少量料酒腌渍。根据口味选用食盐（补充咸味），五香粉/十三香（炸鸡米花），极少量老抽（香煎鸡翅中）
- 白色鱼肉：使用适量食盐，少量料酒/黄酒腌渍。根据口味选用海鲜酱/海鲜酱油/蒸鱼豉油（香煎带鱼），葱姜（水）（烤带皮鱼肉）
- 红色鱼肉：使用适量生抽，少量料酒腌渍。根据口味选用海鲜酱油/少量蒸鱼豉油（香煎三文鱼），红糖（北欧香烤三文鱼）
- 猪肝：使用适量生抽，适量料酒腌渍。根据口味选用生粉和适量老抽（滑炒猪肝），少量糖等

## 菜品实战示例

- 洋葱炒牛肉：以一人份的 150g 牛肉为例。牛肉应切片，成菜口感应嫩滑，需炒制
 - 生抽 10ml（约 2 汤匙）
 - 料酒 5ml（约 1 汤匙）
 - 白砂糖 2.5-10g（约 1-4 茶匙，根据口味甜度选择）
 - 孜然粉 5g（约 2 茶匙）
 - 生粉 10-15g（约 1 小把）
 - 油 10ml（约 2 汤匙）
 - （可选）十三香 1g（约 0.5 茶匙）
 - （可选）黑胡椒粉 1g（约 0.5 茶匙）

- 蚝油牛肉：以一人份的 150g 牛肉为例。牛肉应切片，成菜口感应嫩滑且上浆感足，此菜口感偏甜，需炒制
 - 生抽 5ml（约 1 汤匙）
 - 料酒 5ml（约 1 汤匙）
 - 蚝油 10-20ml（约 2-4 汤匙，根据口味咸度选择，蚝油比较咸）
 - 白砂糖 5-15g（约 2-6 茶匙，根据口味甜度选择）
 - 生粉 25-35g（约 1 大把）
 - 油 10ml（约 2 汤匙）

- 五香盐酥鸡：以一人份的 150g 鸡胸肉为例。鸡肉应切成骰子形状，需炸制
 - 生抽 10ml（约 2 汤匙）
 - 料酒 2.5ml（约 0.5 汤匙）
 - 五香粉 5g（约 2 茶匙）或十三香 2.5-5g（约 1-2 茶匙）
 - （可选）孜然粉 1g（约 0.5 茶匙）
 - （可选）白胡椒粉 1g（约 0.5 茶匙）

- 蜜汁烤鸡翅：以一人份的 250g 带骨鸡翅中为例。鸡翅上应切几道花刀，成菜咸甜，但突出甜口，需烤制
 - 生抽 10ml（约 2 汤匙）
 - 料酒 2.5ml（约 0.5 汤匙）
 - 白砂糖 5-15g（约 2-6 茶匙，根据口味甜度选择）
 - 蜂蜜/糖浆 10-20ml（约 2-4 汤匙，根据口味甜度选择。如白砂糖超过或等于 10g，建议只加入 10ml）
 - （可选）五香粉 2.5g（约 1 茶匙。不可用十三香）

- 香烤三文鱼：以一人份的 200g 去骨三文鱼排为例。鱼肉不应改刀，需烤箱烤制
 - 生抽 10ml（约 2 汤匙）
 - 料酒 2.5ml（约 0.5 汤匙）
 - 红糖 10-20g（约 4-8 茶匙，根据口味甜度选择）
 - 意大利黑醋/镇江香醋 2.5-5ml（约 0.5-1 汤匙，根据口味酸度选择）
 - 肉豆蔻粉 2.5g（约 1 茶匙）
 - 百里香粉 1g（约 0.5 茶匙）
 - 姜粉 1g（约 0.5 茶匙）
 - 迷迭香粉 1-2g（约 0.5-1 茶匙）
 - （可选）白胡椒粉 1g（约 0.5 茶匙）
 - （可选）干辣椒碎 2.5-10g（约 1-4 茶匙，根据口味辣度选择）"
tipchunk_de199e93c4fd,TechniqueChunk,腌（肉）,腌（肉）,正文,烹饪技巧,tips/learn/学习腌.md,0,"入味,几种较为通用的腌渍公式,去腥,学习腌,容器,常用的腌渍用料,时间,正文,注意,炒,炸,烤,煎,腌,腌制,腌渍,腌渍基本概念,腌渍容器及时间,腌渍手法,腌肉,腌（肉）,菜品实战示例,蒸,调味,辅料",腌 肉,# 腌（肉）
tipchunk_2497566404f3,TechniqueChunk,腌（肉） / 注意,腌（肉）,注意,烹饪技巧,tips/learn/学习腌.md,1,"入味,几种较为通用的腌渍公式,去腥,学习腌,容器,常用的腌渍用料,时间,正文,注意,炒,炸,烤,煎,腌,腌制,腌渍,腌渍基本概念,腌渍容器及时间,腌渍手法,腌肉,腌（肉）,菜品实战示例,蒸,调味,辅料",注意 此处所描述的腌渍是食材烹饪前处理的步骤，并非制作咸肉或腌制香肠等成品,"## 注意

此处所描述的腌渍是食材烹饪前处理的步骤，并非制作咸肉或腌制香肠等成品"
tipchunk_e0ca77c90f2a,TechniqueChunk,腌（肉） / 腌渍,腌（肉）,腌渍,烹饪技巧,tips/learn/学习腌.md,2,"入味,几种较为通用的腌渍公式,去腥,学习腌,容器,常用的腌渍用料,时间,正文,注意,炒,炸,烤,煎,腌,腌制,腌渍,腌渍基本概念,腌渍容器及时间,腌渍手法,腌肉,腌（肉）,菜品实战示例,蒸,调味,辅料",腌渍 在烹饪前腌制肉类是让肉类预先入味的常用方法。一般腌渍的对象是生肉。根据菜品的需求，可以自行确定肉类改刀的大小。 例如炸鸡米花，鸡胸肉是在改刀为骰子大小的小块后放入碗中腌渍 例如烤全羊，羊腿，半扇或整扇羊肉不必改刀即可用大量调味料涂抹在表面从而腌渍入味 根据菜品的不同，腌渍所选的调味料、辅料可以是任何种类。有时候为了不同的口味，辅料也可能需要预先处理。,"## 腌渍

在烹饪前腌制肉类是让肉类预先入味的常用方法。一般腌渍的对象是生肉。根据菜品的需求，可以自行确定肉类改刀的大小。

 例如炸鸡米花，鸡胸肉是在改刀为骰子大小的小块后放入碗中腌渍
 例如烤全羊，羊腿，半扇或整扇羊肉不必改刀即可用大量调味料涂抹在表面从而腌渍入味

根据菜品的不同，腌渍所选的调味料、辅料可以是任何种类。有时候为了不同的口味，辅料也可能需要预先处理。"
tipchunk_1a79ea1bc42d,TechniqueChunk,腌（肉） / 腌渍基本概念,腌（肉）,腌渍基本概念,烹饪技巧,tips/learn/学习腌.md,3,"入味,几种较为通用的腌渍公式,去腥,学习腌,容器,常用的腌渍用料,时间,正文,注意,炒,炸,烤,煎,腌,腌制,腌渍,腌渍基本概念,腌渍容器及时间,腌渍手法,腌肉,腌（肉）,菜品实战示例,蒸,调味,辅料",腌渍基本概念 此处介绍的是正常口味的腌渍过程。 一般来说，肉量越大 比如一次性腌渍 5kg 鸡翅 ，体积越大 比如一整个羊腿 ，口味越重，则需要调味料和辅料越多 一般来说，计划腌渍的时间越长，使用的调味料和辅料越少 腌渍时应使用料均匀覆盖在所有的表面。如果是肉片、肉丝，应该用手尽量抓匀、搅匀。如果是整个羊腿，应该用手或刷子在表面刷匀 一般炒肉、炸肉需要提前腌渍。炒肉应该保证肉鲜嫩的口感，烹调往往需要大火且时间较短。短时间烹饪不容易入味时，提前腌渍就能弥补口味的不足,"## 腌渍基本概念

此处介绍的是正常口味的腌渍过程。

- 一般来说，肉量越大（比如一次性腌渍 5kg 鸡翅），体积越大（比如一整个羊腿），口味越重，则需要调味料和辅料越多
- 一般来说，计划腌渍的时间越长，使用的调味料和辅料越少
- 腌渍时应使用料均匀覆盖在所有的表面。如果是肉片、肉丝，应该用手尽量抓匀、搅匀。如果是整个羊腿，应该用手或刷子在表面刷匀
- 一般炒肉、炸肉需要提前腌渍。炒肉应该保证肉鲜嫩的口感，烹调往往需要大火且时间较短。短时间烹饪不容易入味时，提前腌渍就能弥补口味的不足"
tipchunk_957e96bec520,TechniqueChunk,腌（肉） / 腌渍手法,腌（肉）,腌渍手法,烹饪技巧,tips/learn/学习腌.md,4,"入味,几种较为通用的腌渍公式,去腥,学习腌,容器,常用的腌渍用料,时间,正文,注意,炒,炸,烤,煎,腌,腌制,腌渍,腌渍基本概念,腌渍容器及时间,腌渍手法,腌肉,腌（肉）,菜品实战示例,蒸,调味,辅料",腌渍手法 细肉丝、薄肉片：由于肉质较脆弱，需要尽量轻柔。手指呈娃娃机钳子的形状，轻微抓匀腌料。然后向一个方向轻轻搅匀即可 肉丝、肉片、肉块：手法同上，但是力量可以稍大 鸡腿、鸡翅等大小：先在食材上改几道花刀。鸡翅根、鸡腿可以用刀扎对穿孔。然后先在碗里混合好腌料，在把食材放入料碗中裹匀 羊腿等大小：一般可以在肉较厚的位置扎对穿孔。然后腌料混合好后均匀涂抹在食材表面,"## 腌渍手法

- 细肉丝、薄肉片：由于肉质较脆弱，需要尽量轻柔。手指呈娃娃机钳子的形状，轻微抓匀腌料。然后向一个方向轻轻搅匀即可
- 肉丝、肉片、肉块：手法同上，但是力量可以稍大
- 鸡腿、鸡翅等大小：先在食材上改几道花刀。鸡翅根、鸡腿可以用刀扎对穿孔。然后先在碗里混合好腌料，在把食材放入料碗中裹匀
- 羊腿等大小：一般可以在肉较厚的位置扎对穿孔。然后腌料混合好后均匀涂抹在食材表面"
tipchunk_171df5e0bc20,TechniqueChunk,腌（肉） / 腌渍容器及时间,腌（肉）,腌渍容器及时间,烹饪技巧,tips/learn/学习腌.md,5,"入味,几种较为通用的腌渍公式,去腥,学习腌,容器,常用的腌渍用料,时间,正文,注意,炒,炸,烤,煎,腌,腌制,腌渍,腌渍基本概念,腌渍容器及时间,腌渍手法,腌肉,腌（肉）,菜品实战示例,蒸,调味,辅料",腌渍容器及时间 选择能装下食材和腌料的容器即可。包括碗、盘子、托盘等。此时是开口腌渍，一般时间较短，常见 0.5 2 小时的腌渍时间。 烤 羊腿等也可以如此腌渍，但时间较长 可以选择足够大的食品密封袋腌渍。此时是封口腌渍，一般时间很长，例如隔夜腌渍，或腌渍不易入味的排骨等。常见 4 小时 隔夜。此时用料要稍微减少，防止成菜口感太重太咸,"## 腌渍容器及时间

- 选择能装下食材和腌料的容器即可。包括碗、盘子、托盘等。此时是开口腌渍，一般时间较短，常见 0.5-2 小时的腌渍时间。（烤）羊腿等也可以如此腌渍，但时间较长
- 可以选择足够大的食品密封袋腌渍。此时是封口腌渍，一般时间很长，例如隔夜腌渍，或腌渍不易入味的排骨等。常见 4 小时-隔夜。此时用料要稍微减少，防止成菜口感太重太咸"
tipchunk_bfb7facb4c1f,TechniqueChunk,腌（肉） / 常用的腌渍用料,腌（肉）,常用的腌渍用料,烹饪技巧,tips/learn/学习腌.md,6,"入味,几种较为通用的腌渍公式,去腥,学习腌,容器,常用的腌渍用料,时间,正文,注意,炒,炸,烤,煎,腌,腌制,腌渍,腌渍基本概念,腌渍容器及时间,腌渍手法,腌肉,腌（肉）,菜品实战示例,蒸,调味,辅料",常用的腌渍用料 生抽：调酱香且带有咸味的底味。可用于几乎所有肉类 老抽：咸味并不强烈，但是易于染色。用于调底色和增香。一般不应大量使用防止产生豆腥味。可用于几乎所有红肉类 较少用 ，猪肝等可以多加 食盐：咸味但炒制后不带有酱香味。可用于所有肉类 白 砂 糖：调甜味 量大 ，也可以为肉增加鲜嫩的口感 量少 。可用于所有禽畜类肉类，但鱼类和海鲜并不常用。 红糖：调甜味和红糖特有的口感，口味比白糖略重。可用于几乎所有肉类 一般肉色较深或者成菜颜色较深 蚝油：增加鲜、咸、甜的口味。一般用于红肉 白醋/米醋：增加酸的口味。较少使用 陈醋/香醋：不仅带有酸的口味，还能为菜品增香增色。香醋比较适合深色鱼类 尤其是烤鱼 料酒：去腥增香。可用于几乎所有肉类。但是使用需要注意： 料酒本身的味道很浓，很容易掩盖食材本身的香味，对于腥味不浓郁的食材，可以考虑不用料酒来去腥。例如：牛肉，鱼肉和鸡肉。 对于鸡肉，可以用白酒去代替料酒。 对于牛肉，可以用姜葱水代替料酒。 对于白色鱼肉，只需要清洗干净血丝和粘膜就不会有什么腥味了，建议不加料酒。 黄酒：去腥增香，效果比料酒更好，香味比料酒更复杂。一般用于白肉类。红肉也,"## 常用的腌渍用料

- 生抽：调酱香且带有咸味的底味。可用于几乎所有肉类
- 老抽：咸味并不强烈，但是易于染色。用于调底色和增香。一般不应大量使用防止产生豆腥味。可用于几乎所有红肉类（较少用），猪肝等可以多加
- 食盐：咸味但炒制后不带有酱香味。可用于所有肉类
- 白（砂）糖：调甜味（量大），也可以为肉增加鲜嫩的口感（量少）。可用于所有禽畜类肉类，但鱼类和海鲜并不常用。
- 红糖：调甜味和红糖特有的口感，口味比白糖略重。可用于几乎所有肉类（一般肉色较深或者成菜颜色较深）
- 蚝油：增加鲜、咸、甜的口味。一般用于红肉
- 白醋/米醋：增加酸的口味。较少使用
- 陈醋/香醋：不仅带有酸的口味，还能为菜品增香增色。香醋比较适合深色鱼类（尤其是烤鱼）
- 料酒：去腥增香。可用于几乎所有肉类。但是使用需要注意：
 - 料酒本身的味道很浓，很容易掩盖食材本身的香味，对于腥味不浓郁的食材，可以考虑不用料酒来去腥。例如：牛肉，鱼肉和鸡肉。
 - 对于鸡肉，可以用白酒去代替料酒。
 - 对于牛肉，可以用姜葱水代替料酒。
 - 对于白色鱼肉，只需要清洗干净血丝和粘膜就不会有什么腥味了，建议不加料酒。
- 黄酒：去腥增香，效果比料酒更好，香味比料酒更复杂。一般用于白肉类。红肉也可用，但是效果与料酒相当。
- 五香粉/十三香：为肉类增加香味，是最简单的复合香料。五香粉仅仅增加香味，十三香的香味比较独特，有辨识度。用此类香料腌渍应该控制用量。可用于几乎所有肉类，但鱼类和海鲜不常用
- 辣椒粉：辣椒粉分为很多种。不谈辣椒的种类，从研磨精细度划分有辣椒粉/辣椒面，辣椒碎等。除了为肉类增加辣味，还能为成菜配色。用辣椒腌渍的菜品应该避免辣椒过量。可用于几乎所有需要辣味底味的肉类，但烹调时间应该略加控制，防止辣椒味道变苦，或者颜色变深
- 孜然粉、小茴香粉：一般用磨粉作为腌料，不用颗粒，这样可以使肉类更容易入味。可用于几乎所有红肉和鸡肉
- X 椒粉：为肉类增加辛、辣、香、呛的口味。使用应该适量，防止盖过其他口味
 - 黑胡椒粉：口味辛、辣。可用于几乎所有红肉
 - 白胡椒粉：口味辛、香。比黑胡椒略弱，突出香味。可用于几乎所有肉类
 - 花椒粉：口味辛、呛。有花椒特殊的香味，比较有辨识度。可用于几乎所有肉类
- 豆瓣酱：为肉类增加豆类的酱香和咸味、辣味。可用于几乎所有红肉类
- 葱姜蒜：葱姜去腥增香，去除异味；蒜增加辛香味。葱可根据需要切段或者切片；姜一般切片，有些场景需要去皮；蒜可切片或切碎。葱姜不想出现在成菜中，或者口味需要较轻，可以将葱姜块放于有极少量清水的碗里挤压出汁，用葱姜水腌渍肉类。蒜一般不直接加入。可用于所有肉类
- 海鲜酱、虾酱等：为肉类增加鲜、咸味。海鲜酱口味偏甜，虾酱口味偏重。可用于几乎所有肉类，但使用场景不多
- 豆豉：为肉类增加发酵豆类的香味和咸味。可用于几乎所有红肉类，但是使用的并不多
- 生粉：即为淀粉。生粉是上浆的重要腌料。上浆越厚，或者需要口感越滑嫩，需要的生粉越多。可用于几乎所有肉类。`生粉可作为简易的油炸外衣使用（一般根据需要还需加入面粉等），此时一般不在腌渍时加入`
 - 玉米淀粉、土豆淀粉：粘性一般最大
 - 红薯淀粉：粘性略低
- 油：在腌渍时加入适量油进行油封，可以锁住水分和风味。如使用开口容器腌渍，且时间较长（例如在碗里），油封能极大程度保证肉质不变干或变柴。可用于几乎所有肉类。油封后炒制应略微减少底油，油炸则没有区别"
tipchunk_c7a65d94f34a,TechniqueChunk,腌（肉） / 几种较为通用的腌渍公式,腌（肉）,几种较为通用的腌渍公式,烹饪技巧,tips/learn/学习腌.md,7,"入味,几种较为通用的腌渍公式,去腥,学习腌,容器,常用的腌渍用料,时间,正文,注意,炒,炸,烤,煎,腌,腌制,腌渍,腌渍基本概念,腌渍容器及时间,腌渍手法,腌肉,腌（肉）,菜品实战示例,蒸,调味,辅料",几种较为通用的腌渍公式 牛肉：使用适量生抽，少量料酒，少量白砂糖腌渍。根据口味选用食盐 补充咸味 ，蚝油和极少量海鲜酱 蚝油牛肉 ，五香粉/十三香 洋葱炒牛肉 。慎用葱姜 鸡肉 包括鸡胸肉和鸡翅 ：使用适量生抽，较少量白砂糖，少量料酒腌渍。根据口味选用食盐 补充咸味 ，五香粉/十三香 炸鸡米花 ，极少量老抽 香煎鸡翅中 白色鱼肉：使用适量食盐，少量料酒/黄酒腌渍。根据口味选用海鲜酱/海鲜酱油/蒸鱼豉油 香煎带鱼 ，葱姜 水 烤带皮鱼肉 红色鱼肉：使用适量生抽，少量料酒腌渍。根据口味选用海鲜酱油/少量蒸鱼豉油 香煎三文鱼 ，红糖 北欧香烤三文鱼 猪肝：使用适量生抽，适量料酒腌渍。根据口味选用生粉和适量老抽 滑炒猪肝 ，少量糖等,"## 几种较为通用的腌渍公式

- 牛肉：使用适量生抽，少量料酒，少量白砂糖腌渍。根据口味选用食盐（补充咸味），蚝油和极少量海鲜酱（蚝油牛肉），五香粉/十三香（洋葱炒牛肉）。慎用葱姜
- 鸡肉（包括鸡胸肉和鸡翅）：使用适量生抽，较少量白砂糖，少量料酒腌渍。根据口味选用食盐（补充咸味），五香粉/十三香（炸鸡米花），极少量老抽（香煎鸡翅中）
- 白色鱼肉：使用适量食盐，少量料酒/黄酒腌渍。根据口味选用海鲜酱/海鲜酱油/蒸鱼豉油（香煎带鱼），葱姜（水）（烤带皮鱼肉）
- 红色鱼肉：使用适量生抽，少量料酒腌渍。根据口味选用海鲜酱油/少量蒸鱼豉油（香煎三文鱼），红糖（北欧香烤三文鱼）
- 猪肝：使用适量生抽，适量料酒腌渍。根据口味选用生粉和适量老抽（滑炒猪肝），少量糖等"
tipchunk_2918664f6f02,TechniqueChunk,腌（肉） / 菜品实战示例,腌（肉）,菜品实战示例,烹饪技巧,tips/learn/学习腌.md,8,"入味,几种较为通用的腌渍公式,去腥,学习腌,容器,常用的腌渍用料,时间,正文,注意,炒,炸,烤,煎,腌,腌制,腌渍,腌渍基本概念,腌渍容器及时间,腌渍手法,腌肉,腌（肉）,菜品实战示例,蒸,调味,辅料",菜品实战示例 洋葱炒牛肉：以一人份的 150g 牛肉为例。牛肉应切片，成菜口感应嫩滑，需炒制 生抽 10ml 约 2 汤匙 料酒 5ml 约 1 汤匙 白砂糖 2.5 10g 约 1 4 茶匙，根据口味甜度选择 孜然粉 5g 约 2 茶匙 生粉 10 15g 约 1 小把 油 10ml 约 2 汤匙 可选 十三香 1g 约 0.5 茶匙 可选 黑胡椒粉 1g 约 0.5 茶匙 蚝油牛肉：以一人份的 150g 牛肉为例。牛肉应切片，成菜口感应嫩滑且上浆感足，此菜口感偏甜，需炒制 生抽 5ml 约 1 汤匙 料酒 5ml 约 1 汤匙 蚝油 10 20ml 约 2 4 汤匙，根据口味咸度选择，蚝油比较咸 白砂糖 5 15g 约 2 6 茶匙，根据口味甜度选择 生粉 25 35g 约 1 大把 油 10ml 约 2 汤匙 五香盐酥鸡：以一人份的 150g 鸡胸肉为例。鸡肉应切成骰子形状，需炸制 生抽 10ml 约 2 汤匙 料酒 2.5ml 约 0.5 汤匙 五香粉 5g 约 2 茶匙 或十三香 2.5 5g 约 1 2 茶匙 可选 孜然粉 1g 约 0.5 茶匙 可选 白胡椒粉 1g 约 ,"## 菜品实战示例

- 洋葱炒牛肉：以一人份的 150g 牛肉为例。牛肉应切片，成菜口感应嫩滑，需炒制
 - 生抽 10ml（约 2 汤匙）
 - 料酒 5ml（约 1 汤匙）
 - 白砂糖 2.5-10g（约 1-4 茶匙，根据口味甜度选择）
 - 孜然粉 5g（约 2 茶匙）
 - 生粉 10-15g（约 1 小把）
 - 油 10ml（约 2 汤匙）
 - （可选）十三香 1g（约 0.5 茶匙）
 - （可选）黑胡椒粉 1g（约 0.5 茶匙）

- 蚝油牛肉：以一人份的 150g 牛肉为例。牛肉应切片，成菜口感应嫩滑且上浆感足，此菜口感偏甜，需炒制
 - 生抽 5ml（约 1 汤匙）
 - 料酒 5ml（约 1 汤匙）
 - 蚝油 10-20ml（约 2-4 汤匙，根据口味咸度选择，蚝油比较咸）
 - 白砂糖 5-15g（约 2-6 茶匙，根据口味甜度选择）
 - 生粉 25-35g（约 1 大把）
 - 油 10ml（约 2 汤匙）

- 五香盐酥鸡：以一人份的 150g 鸡胸肉为例。鸡肉应切成骰子形状，需炸制
 - 生抽 10ml（约 2 汤匙）
 - 料酒 2.5ml（约 0.5 汤匙）
 - 五香粉 5g（约 2 茶匙）或十三香 2.5-5g（约 1-2 茶匙）
 - （可选）孜然粉 1g（约 0.5 茶匙）
 - （可选）白胡椒粉 1g（约 0.5 茶匙）

- 蜜汁烤鸡翅：以一人份的 250g 带骨鸡翅中为例。鸡翅上应切几道花刀，成菜咸甜，但突出甜口，需烤制
 - 生抽 10ml（约 2 汤匙）
 - 料酒 2.5ml（约 0.5 汤匙）
 - 白砂糖 5-15g（约 2-6 茶匙，根据口味甜度选择）
 - 蜂蜜/糖浆 10-20ml（约 2-4 汤匙，根据口味甜度选择。如白砂糖超过或等于 10g，建议只加入 10ml）
 - （可选）五香粉 2.5g（约 1 茶匙。不可用十三香）

- 香烤三文鱼：以一人份的 200g 去骨三文鱼排为例。鱼肉不应改刀，需烤箱烤制
 - 生抽 10ml（约 2 汤匙）
 - 料酒 2.5ml（约 0.5 汤匙）
 - 红糖 10-20g（约 4-8 茶匙，根据口味甜度选择）
 - 意大利黑醋/镇江香醋 2.5-5ml（约 0.5-1 汤匙，根据口味酸度选择）
 - 肉豆蔻粉 2.5g（约 1 茶匙）
 - 百里香粉 1g（约 0.5 茶匙）
 - 姜粉 1g（约 0.5 茶匙）
 - 迷迭香粉 1-2g（约 0.5-1 茶匙）
 - （可选）白胡椒粉 1g（约 0.5 茶匙）
 - （可选）干辣椒碎 2.5-10g（约 1-4 茶匙，根据口味辣度选择）"
tipdoc_9e62e8f43239,TechniqueDoc,蒸,蒸,,烹饪技巧,tips/learn/学习蒸.md,,"学习蒸,方式,正文,注意事项,蒸,蒸锅,铁锅",蒸 方式 蒸锅 蒸锅为多层结构，最底部用于盛水，利用水开后产生的水蒸气的热量，加热上层食物。 蒸锅最底层加入适量水——将食物放于上层蒸屉中——蒸锅放于火上加热 铁锅 如果没有蒸锅，只有普通的铁锅 非平底锅 ，可以在锅底放置一个三脚架，并注入足够的水，以此达到类似于蒸锅的效果。 铁锅底部加入足量水———放入三脚架———将食物置于三脚架上———开火关盖 注意事项 由于热源为水蒸气，较低的蒸屉中的食物底部可能被水浸湿。可将蒸笼布放在食物底下以避免这种情况。用筷子搭个放食物的简易支架也可以。 可以利用智能设备设置计时器，提醒关火，以防忘记以致烧干。 在使用蒸笼制作食品的过程中，需要注意底部区域的剩余水量， 特别是铁锅 ，避免干锅从而造成安全问题。 可选 使用铁锅蒸食物时，可以在三脚架上面放置一个蒸盘。,"# 蒸

## 方式

### 蒸锅

蒸锅为多层结构，最底部用于盛水，利用水开后产生的水蒸气的热量，加热上层食物。

蒸锅最底层加入适量水——将食物放于上层蒸屉中——蒸锅放于火上加热

### 铁锅

如果没有蒸锅，只有普通的铁锅（非平底锅），可以在锅底放置一个三脚架，并注入足够的水，以此达到类似于蒸锅的效果。

铁锅底部加入足量水———放入三脚架———将食物置于三脚架上———开火关盖

## 注意事项

* 由于热源为水蒸气，较低的蒸屉中的食物底部可能被水浸湿。可将蒸笼布放在食物底下以避免这种情况。用筷子搭个放食物的简易支架也可以。
* 可以利用智能设备设置计时器，提醒关火，以防忘记以致烧干。
* 在使用蒸笼制作食品的过程中，需要注意底部区域的剩余水量，**特别是铁锅**，避免干锅从而造成安全问题。
* （可选）使用铁锅蒸食物时，可以在三脚架上面放置一个蒸盘。"
tipchunk_63116f1ba689,TechniqueChunk,蒸,蒸,正文,烹饪技巧,tips/learn/学习蒸.md,0,"学习蒸,方式,正文,注意事项,蒸,蒸锅,铁锅",蒸,# 蒸
tipchunk_6ce348d11822,TechniqueChunk,蒸 / 方式,蒸,方式,烹饪技巧,tips/learn/学习蒸.md,1,"学习蒸,方式,正文,注意事项,蒸,蒸锅,铁锅",方式,## 方式
tipchunk_a06f1b706233,TechniqueChunk,蒸 / 蒸锅,蒸,蒸锅,烹饪技巧,tips/learn/学习蒸.md,2,"学习蒸,方式,正文,注意事项,蒸,蒸锅,铁锅",蒸锅 蒸锅为多层结构，最底部用于盛水，利用水开后产生的水蒸气的热量，加热上层食物。 蒸锅最底层加入适量水——将食物放于上层蒸屉中——蒸锅放于火上加热,"### 蒸锅

蒸锅为多层结构，最底部用于盛水，利用水开后产生的水蒸气的热量，加热上层食物。

蒸锅最底层加入适量水——将食物放于上层蒸屉中——蒸锅放于火上加热"
tipchunk_b37e7013fdd2,TechniqueChunk,蒸 / 铁锅,蒸,铁锅,烹饪技巧,tips/learn/学习蒸.md,3,"学习蒸,方式,正文,注意事项,蒸,蒸锅,铁锅",铁锅 如果没有蒸锅，只有普通的铁锅 非平底锅 ，可以在锅底放置一个三脚架，并注入足够的水，以此达到类似于蒸锅的效果。 铁锅底部加入足量水———放入三脚架———将食物置于三脚架上———开火关盖,"### 铁锅

如果没有蒸锅，只有普通的铁锅（非平底锅），可以在锅底放置一个三脚架，并注入足够的水，以此达到类似于蒸锅的效果。

铁锅底部加入足量水———放入三脚架———将食物置于三脚架上———开火关盖"
tipchunk_9f97843cc8b2,TechniqueChunk,蒸 / 注意事项,蒸,注意事项,烹饪技巧,tips/learn/学习蒸.md,4,"学习蒸,方式,正文,注意事项,蒸,蒸锅,铁锅",注意事项 由于热源为水蒸气，较低的蒸屉中的食物底部可能被水浸湿。可将蒸笼布放在食物底下以避免这种情况。用筷子搭个放食物的简易支架也可以。 可以利用智能设备设置计时器，提醒关火，以防忘记以致烧干。 在使用蒸笼制作食品的过程中，需要注意底部区域的剩余水量， 特别是铁锅 ，避免干锅从而造成安全问题。 可选 使用铁锅蒸食物时，可以在三脚架上面放置一个蒸盘。,"## 注意事项

* 由于热源为水蒸气，较低的蒸屉中的食物底部可能被水浸湿。可将蒸笼布放在食物底下以避免这种情况。用筷子搭个放食物的简易支架也可以。
* 可以利用智能设备设置计时器，提醒关火，以防忘记以致烧干。
* 在使用蒸笼制作食品的过程中，需要注意底部区域的剩余水量，**特别是铁锅**，避免干锅从而造成安全问题。
* （可选）使用铁锅蒸食物时，可以在三脚架上面放置一个蒸盘。"
tipdoc_5e4d6d67fc39,TechniqueDoc,使用微波炉,使用微波炉,,烹饪技巧,tips/learn/微波炉.md,,"什么是微波炉,使用微波炉,容器,工作方式,微波炉,正文,注意事项,流程,炸,烤,煮,蒸",使用微波炉 什么是微波炉 微波炉是 1945 年由 珀西·勒巴朗·斯宾塞 https://en.wikipedia.org/wiki/Percy Spencer 发明的。 他在担任雷达系统工程师时，由于发现雷达一开启他口袋里的巧克力棒就开始融化，从而产生构想并发明的。 工作方式 微波时通过磁控管制造的频率 24.5 亿赫兹的电磁波，这个频率会使水和油的分子振动并发热。 流程 微波炉在很多烹饪任务中效果相当出色。 强火适用于： 烹煮 烹煮蔬菜 烹煮 软化含水率高的硬质蔬菜 如马铃薯、洋葱和朝鲜蓟 膨化 爆点心，如泡芙、印度帕帕达姆薄脆饼、爆米花 中火适用于： 烹煮 海鲜 例如 微波葱姜黑鳕鱼 ../../dishes/aquatic/微波葱姜黑鳕鱼.md 烹煮 软化肉类 脱水 干燥蔬果皮 脱水 制作肉干 炸 炸脆香料植物 炸 软化叶类蔬菜 加热 加热剩菜 弱火用于： 解冻 解冻食物 解冻 融化黄油和巧克力 注意事项 微波炉不应该被用于加热水，这可能会致其暴沸，对您的人身安全造成一定影响 绝对不要使用微波炉加热鸡蛋！除非它是 去壳 的 生 鸡蛋，并且需要戳破蛋黄。因为加热会使鸡蛋内部的气体,"# 使用微波炉

## 什么是微波炉

微波炉是 1945 年由 [珀西·勒巴朗·斯宾塞](https://en.wikipedia.org/wiki/Percy_Spencer) 发明的。

他在担任雷达系统工程师时，由于发现雷达一开启他口袋里的巧克力棒就开始融化，从而产生构想并发明的。

### 工作方式

微波时通过磁控管制造的频率 24.5 亿赫兹的电磁波，这个频率会使水和油的分子振动并发热。

## 流程

微波炉在很多烹饪任务中效果相当出色。

强火适用于：

* [烹煮] 烹煮蔬菜
* [烹煮] 软化含水率高的硬质蔬菜（如马铃薯、洋葱和朝鲜蓟）
* [膨化] 爆点心，如泡芙、印度帕帕达姆薄脆饼、爆米花

中火适用于：

* [烹煮] 海鲜 （例如 [微波葱姜黑鳕鱼](../../dishes/aquatic/微波葱姜黑鳕鱼.md)）
* [烹煮] 软化肉类
* [脱水] 干燥蔬果皮
* [脱水] 制作肉干
* [炸] 炸脆香料植物
* [炸] 软化叶类蔬菜
* [加热] 加热剩菜

弱火用于：

* [解冻] 解冻食物
* [解冻] 融化黄油和巧克力

## 注意事项

* 微波炉不应该被用于加热水，这可能会致其暴沸，对您的人身安全造成一定影响
* 绝对不要使用微波炉加热鸡蛋！除非它是**去壳**的**生**鸡蛋，并且需要戳破蛋黄。因为加热会使鸡蛋内部的气体膨胀，导致爆炸。
* 不管您是出于什么目的，即使您很好奇，也不应该使用微波炉加热完整的水果（如 葡萄、蓝莓、圣女果），这可能会使其爆炸
* 由于微波的波长为 12.2 cm，因此微波炉加热小物体的速度要比大物体慢。因此如果是很小的食材，建议聚集在一起进行加热。
* 微波仅能深入食物几厘米，因此有时候外部很烫了，内部可能还是冰凉的。解决办法是将食材加上少量液体放进密封袋，或放入碗中后蒙上保鲜膜，让容器内产生足够的蒸汽来弥补微波炉容易烹饪不均的缺点。
 * tips：打开密封袋时，当心蒸汽喷出
* 微波只能加热水和油等含有液体分子的物体，因此保鲜膜和密封袋都不会被微波加热。
* 金属能够反射微波而不会被加热，请避免使用含有金边、金属花纹的容器，避免受热不均导致容器破裂。请务必使用瓷、玻璃容器或微波炉专用烤盘。"
tipchunk_bdfa72d06540,TechniqueChunk,使用微波炉,使用微波炉,正文,烹饪技巧,tips/learn/微波炉.md,0,"什么是微波炉,使用微波炉,容器,工作方式,微波炉,正文,注意事项,流程,炸,烤,煮,蒸",使用微波炉,# 使用微波炉
tipchunk_5b009821e3f7,TechniqueChunk,使用微波炉 / 什么是微波炉,使用微波炉,什么是微波炉,烹饪技巧,tips/learn/微波炉.md,1,"什么是微波炉,使用微波炉,容器,工作方式,微波炉,正文,注意事项,流程,炸,烤,煮,蒸",什么是微波炉 微波炉是 1945 年由 珀西·勒巴朗·斯宾塞 https://en.wikipedia.org/wiki/Percy Spencer 发明的。 他在担任雷达系统工程师时，由于发现雷达一开启他口袋里的巧克力棒就开始融化，从而产生构想并发明的。,"## 什么是微波炉

微波炉是 1945 年由 [珀西·勒巴朗·斯宾塞](https://en.wikipedia.org/wiki/Percy_Spencer) 发明的。

他在担任雷达系统工程师时，由于发现雷达一开启他口袋里的巧克力棒就开始融化，从而产生构想并发明的。"
tipchunk_e6500f1a09fe,TechniqueChunk,使用微波炉 / 工作方式,使用微波炉,工作方式,烹饪技巧,tips/learn/微波炉.md,2,"什么是微波炉,使用微波炉,容器,工作方式,微波炉,正文,注意事项,流程,炸,烤,煮,蒸",工作方式 微波时通过磁控管制造的频率 24.5 亿赫兹的电磁波，这个频率会使水和油的分子振动并发热。,"### 工作方式

微波时通过磁控管制造的频率 24.5 亿赫兹的电磁波，这个频率会使水和油的分子振动并发热。"
tipchunk_1b6a5d76223a,TechniqueChunk,使用微波炉 / 流程,使用微波炉,流程,烹饪技巧,tips/learn/微波炉.md,3,"什么是微波炉,使用微波炉,容器,工作方式,微波炉,正文,注意事项,流程,炸,烤,煮,蒸",流程 微波炉在很多烹饪任务中效果相当出色。 强火适用于： 烹煮 烹煮蔬菜 烹煮 软化含水率高的硬质蔬菜 如马铃薯、洋葱和朝鲜蓟 膨化 爆点心，如泡芙、印度帕帕达姆薄脆饼、爆米花 中火适用于： 烹煮 海鲜 例如 微波葱姜黑鳕鱼 ../../dishes/aquatic/微波葱姜黑鳕鱼.md 烹煮 软化肉类 脱水 干燥蔬果皮 脱水 制作肉干 炸 炸脆香料植物 炸 软化叶类蔬菜 加热 加热剩菜 弱火用于： 解冻 解冻食物 解冻 融化黄油和巧克力,"## 流程

微波炉在很多烹饪任务中效果相当出色。

强火适用于：

* [烹煮] 烹煮蔬菜
* [烹煮] 软化含水率高的硬质蔬菜（如马铃薯、洋葱和朝鲜蓟）
* [膨化] 爆点心，如泡芙、印度帕帕达姆薄脆饼、爆米花

中火适用于：

* [烹煮] 海鲜 （例如 [微波葱姜黑鳕鱼](../../dishes/aquatic/微波葱姜黑鳕鱼.md)）
* [烹煮] 软化肉类
* [脱水] 干燥蔬果皮
* [脱水] 制作肉干
* [炸] 炸脆香料植物
* [炸] 软化叶类蔬菜
* [加热] 加热剩菜

弱火用于：

* [解冻] 解冻食物
* [解冻] 融化黄油和巧克力"
tipchunk_367c3fae320d,TechniqueChunk,使用微波炉 / 注意事项,使用微波炉,注意事项,烹饪技巧,tips/learn/微波炉.md,4,"什么是微波炉,使用微波炉,容器,工作方式,微波炉,正文,注意事项,流程,炸,烤,煮,蒸",注意事项 微波炉不应该被用于加热水，这可能会致其暴沸，对您的人身安全造成一定影响 绝对不要使用微波炉加热鸡蛋！除非它是 去壳 的 生 鸡蛋，并且需要戳破蛋黄。因为加热会使鸡蛋内部的气体膨胀，导致爆炸。 不管您是出于什么目的，即使您很好奇，也不应该使用微波炉加热完整的水果 如 葡萄、蓝莓、圣女果 ，这可能会使其爆炸 由于微波的波长为 12.2 cm，因此微波炉加热小物体的速度要比大物体慢。因此如果是很小的食材，建议聚集在一起进行加热。 微波仅能深入食物几厘米，因此有时候外部很烫了，内部可能还是冰凉的。解决办法是将食材加上少量液体放进密封袋，或放入碗中后蒙上保鲜膜，让容器内产生足够的蒸汽来弥补微波炉容易烹饪不均的缺点。 tips：打开密封袋时，当心蒸汽喷出 微波只能加热水和油等含有液体分子的物体，因此保鲜膜和密封袋都不会被微波加热。 金属能够反射微波而不会被加热，请避免使用含有金边、金属花纹的容器，避免受热不均导致容器破裂。请务必使用瓷、玻璃容器或微波炉专用烤盘。,"## 注意事项

* 微波炉不应该被用于加热水，这可能会致其暴沸，对您的人身安全造成一定影响
* 绝对不要使用微波炉加热鸡蛋！除非它是**去壳**的**生**鸡蛋，并且需要戳破蛋黄。因为加热会使鸡蛋内部的气体膨胀，导致爆炸。
* 不管您是出于什么目的，即使您很好奇，也不应该使用微波炉加热完整的水果（如 葡萄、蓝莓、圣女果），这可能会使其爆炸
* 由于微波的波长为 12.2 cm，因此微波炉加热小物体的速度要比大物体慢。因此如果是很小的食材，建议聚集在一起进行加热。
* 微波仅能深入食物几厘米，因此有时候外部很烫了，内部可能还是冰凉的。解决办法是将食材加上少量液体放进密封袋，或放入碗中后蒙上保鲜膜，让容器内产生足够的蒸汽来弥补微波炉容易烹饪不均的缺点。
 * tips：打开密封袋时，当心蒸汽喷出
* 微波只能加热水和油等含有液体分子的物体，因此保鲜膜和密封袋都不会被微波加热。
* 金属能够反射微波而不会被加热，请避免使用含有金边、金属花纹的容器，避免受热不均导致容器破裂。请务必使用瓷、玻璃容器或微波炉专用烤盘。"
tipdoc_0899584efc31,TechniqueDoc,使用空气炸锅,使用空气炸锅,,烹饪技巧,tips/learn/空气炸锅.md,,"什么是空气炸锅,优点,使用空气炸锅,工作方式,常用食物,技巧,操作要点,时间,正文,注意事项,流程,炸,烤,烹饪建议,煎,空气炸锅,腌,腌制",使用空气炸锅 什么是空气炸锅 空气炸锅为一种电子炊具，用空气替代原本热油加热，让食物变熟，令食材无需遇油也能达到近似油炸的效果。 工作方式 空气炸锅借由上方的加热器产生高温热风，让热空气在食物周遭循环对流，快速加热食物自身的油脂，带走食物的水分，产生油炸的效果，并创造类似油炸食物的酥脆感。 优点 由于无需添加食用油，因此可以 大幅减少 摄入含有高量脂肪和热量的食用油。 高速循环的热空气使食物脱水，表面变得金黄酥脆，让食物变得外焦里嫩。 操作简单，对新人友好。 流程 将空气炸锅放在稳固、平整且水平的隔热表面上。 取出煎锅，将食材放入炸篮，将煎锅滑入产品中。 修改预设温度，旋转旋钮调整烹饪时间。 调整好烹饪时间后，产品将开始烹饪，等待定时器响铃时烹饪完成。 将炸篮中的食物全部倒入碗或碟中。务必从所用煎锅中取出装有原料的炸篮，因为煎锅底部 可能残留有热油或油脂 。 注意事项 使用空气炸锅应注意设置温度不宜过高 尽量在 120℃内，最好不超过 168℃ ，制作时间不宜太长 约 10 分钟左右 ，避免生成过多有害成分 丙烯酰胺 https://zh.wikipedia.org/wiki/%E4%,"# 使用空气炸锅

## 什么是空气炸锅

空气炸锅为一种电子炊具，用空气替代原本热油加热，让食物变熟，令食材无需遇油也能达到近似油炸的效果。

### 工作方式

空气炸锅借由上方的加热器产生高温热风，让热空气在食物周遭循环对流，快速加热食物自身的油脂，带走食物的水分，产生油炸的效果，并创造类似油炸食物的酥脆感。

### 优点

* 由于无需添加食用油，因此可以**大幅减少**摄入含有高量脂肪和热量的食用油。
* 高速循环的热空气使食物脱水，表面变得金黄酥脆，让食物变得外焦里嫩。
* 操作简单，对新人友好。

## 流程

* 将空气炸锅放在稳固、平整且水平的隔热表面上。
* 取出煎锅，将食材放入炸篮，将煎锅滑入产品中。
* 修改预设温度，旋转旋钮调整烹饪时间。
* 调整好烹饪时间后，产品将开始烹饪，等待定时器响铃时烹饪完成。
* 将炸篮中的食物全部倒入碗或碟中。务必从所用煎锅中取出装有原料的炸篮，因为煎锅底部**可能残留有热油或油脂**。

## 注意事项

* 使用空气炸锅应注意设置温度不宜过高（尽量在 120℃内，最好不超过 168℃），制作时间不宜太长（约 10 分钟左右），避免生成过多有害成分[丙烯酰胺](https://zh.wikipedia.org/wiki/%E4%B8%99%E7%83%AF%E9%85%B0%E8%83%BA)。
* 减少用空气炸锅烹饪淀粉类食物，如土豆、面包、油条等，可相应减少[丙烯酰胺](https://zh.wikipedia.org/wiki/%E4%B8%99%E7%83%AF%E9%85%B0%E8%83%BA)摄入。相对而言，空气炸锅适合烹调脂肪或水分含量更高的食物，如肉类、蔬菜。
* 使用过程中，不能遮挡顶部的进风口和背面的出风口。用手遮挡的话，可能会被**热空气烫伤**。
* 不同品牌炸锅温差可达±10℃，首次尝试建议减少 10%时间后逐步调整

## 烹饪建议

### 常用食物

| 食物名称 | 温度(℃) | 时间（分钟） | 方法步骤 |
|---------|---------|--------|--------------------------------------------------------------------|
| **薯条** | 200 | 15-20 | 1. 冷冻薯条无需解冻，表面喷少量油；- 2. 平铺炸篮（不重叠），每5分钟摇晃一次；- 3. 最后2分钟可调至210℃上色。 |
| **鸡翅** | 180 | 18-22 | 1. 鸡翅划刀，用生抽、料酒、蚝油、蒜末腌制1小时；- 2. 平铺炸篮，表面刷蜂蜜水；- 3. 烤10分钟后翻面继续烤。 |
| **鱼类** | 180-190 | 12-15 | 1. 鱼身两面划刀，用姜片、葱段、盐、料酒腌制20分钟；- 2. 鱼表面刷油，垫锡纸防粘；- 3. 中途翻面一次。 |
| **牛排** | 200 | 8-12 | 1. 牛排室温回温，双面撒盐、黑胡椒和橄榄油；- 2. 空气炸锅预热5分钟，牛排放入后根据厚度烤制（每面4-6分钟）。 |
| **牛肉块** | 180 | 15-18 | 1. 牛肉切2cm立方块，用生抽、淀粉、黑胡椒腌制30分钟；- 2. 平铺炸篮，烤10分钟后翻动一次；- 3. 可加洋葱、彩椒同烤。 |
| **猪肉排** | 175-185 | 16-20 | 1. 猪排用刀背拍松，生抽、蒜粉、五香粉腌制40分钟；- 2. 表面喷油，垫烘焙纸；- 3. 中途翻面并刷腌料汁。 |
| **蛋挞** | 170-180 | 12-15 | 1. 蛋挞皮解冻后倒入自制蛋液（牛奶+淡奶油+糖+蛋黄）；- 2. 炸锅无需预热，烤至挞皮金黄、中心微焦即可。 |
| **蛋糕** | 160 | 25-30 | 1. 6寸模具垫油纸，倒入蛋糕糊（7分满）；- 2. 低温慢烤，插入牙签无粘连即熟；- 3. 倒扣冷却防塌陷。 |
| **披萨** | 180-190 | 8-12 | 1. 冷冻披萨无需解冻，可撒额外芝士；- 2. 垫锡纸防漏，烤至芝士起焦斑；- 3. 自制披萨需先烤饼底5分钟再加料。 |
| **花生米** | 160 | 10-12 | 1. 生花生米浸泡5分钟后沥干；- 2. 喷少量油+盐拌匀；- 3. 平铺单层，每3分钟摇晃一次。 |

### 操作要点

1. **预处理关键**
 - 肉类需充分解冻并擦干表面水分（牛排/猪排建议室温回温）
 - 冷冻食品（薯条/披萨）可直接烹饪，但需加大摇晃/翻面频率

2. **防粘技巧**
 - 鱼类/蛋糕等易粘食物建议垫烘焙纸或锡纸
 - 炸篮底部可铺洋葱片/柠檬片提升风味并隔离汁水

3. **上色控制**
 - 最后 2-3 分钟调高 10-20℃可使表面更酥脆（适用于薯条/鸡翅）
 - 蛋挞/蛋糕表面加盖锡纸可防止过度焦化

4. **熟度检测**
 - 肉类：用筷子按压，硬挺为全熟，柔软带弹性为半熟
 - 蛋糕：牙签插入中心无面糊粘连即熟"
tipchunk_39fa1bea7056,TechniqueChunk,使用空气炸锅,使用空气炸锅,正文,烹饪技巧,tips/learn/空气炸锅.md,0,"什么是空气炸锅,优点,使用空气炸锅,工作方式,常用食物,技巧,操作要点,时间,正文,注意事项,流程,炸,烤,烹饪建议,煎,空气炸锅,腌,腌制",使用空气炸锅,# 使用空气炸锅
tipchunk_28daf72b026b,TechniqueChunk,使用空气炸锅 / 什么是空气炸锅,使用空气炸锅,什么是空气炸锅,烹饪技巧,tips/learn/空气炸锅.md,1,"什么是空气炸锅,优点,使用空气炸锅,工作方式,常用食物,技巧,操作要点,时间,正文,注意事项,流程,炸,烤,烹饪建议,煎,空气炸锅,腌,腌制",什么是空气炸锅 空气炸锅为一种电子炊具，用空气替代原本热油加热，让食物变熟，令食材无需遇油也能达到近似油炸的效果。,"## 什么是空气炸锅

空气炸锅为一种电子炊具，用空气替代原本热油加热，让食物变熟，令食材无需遇油也能达到近似油炸的效果。"
tipchunk_ba712673bf75,TechniqueChunk,使用空气炸锅 / 工作方式,使用空气炸锅,工作方式,烹饪技巧,tips/learn/空气炸锅.md,2,"什么是空气炸锅,优点,使用空气炸锅,工作方式,常用食物,技巧,操作要点,时间,正文,注意事项,流程,炸,烤,烹饪建议,煎,空气炸锅,腌,腌制",工作方式 空气炸锅借由上方的加热器产生高温热风，让热空气在食物周遭循环对流，快速加热食物自身的油脂，带走食物的水分，产生油炸的效果，并创造类似油炸食物的酥脆感。,"### 工作方式

空气炸锅借由上方的加热器产生高温热风，让热空气在食物周遭循环对流，快速加热食物自身的油脂，带走食物的水分，产生油炸的效果，并创造类似油炸食物的酥脆感。"
tipchunk_aa7491606fe0,TechniqueChunk,使用空气炸锅 / 优点,使用空气炸锅,优点,烹饪技巧,tips/learn/空气炸锅.md,3,"什么是空气炸锅,优点,使用空气炸锅,工作方式,常用食物,技巧,操作要点,时间,正文,注意事项,流程,炸,烤,烹饪建议,煎,空气炸锅,腌,腌制",优点 由于无需添加食用油，因此可以 大幅减少 摄入含有高量脂肪和热量的食用油。 高速循环的热空气使食物脱水，表面变得金黄酥脆，让食物变得外焦里嫩。 操作简单，对新人友好。,"### 优点

* 由于无需添加食用油，因此可以**大幅减少**摄入含有高量脂肪和热量的食用油。
* 高速循环的热空气使食物脱水，表面变得金黄酥脆，让食物变得外焦里嫩。
* 操作简单，对新人友好。"
tipchunk_74ed69478ea5,TechniqueChunk,使用空气炸锅 / 流程,使用空气炸锅,流程,烹饪技巧,tips/learn/空气炸锅.md,4,"什么是空气炸锅,优点,使用空气炸锅,工作方式,常用食物,技巧,操作要点,时间,正文,注意事项,流程,炸,烤,烹饪建议,煎,空气炸锅,腌,腌制",流程 将空气炸锅放在稳固、平整且水平的隔热表面上。 取出煎锅，将食材放入炸篮，将煎锅滑入产品中。 修改预设温度，旋转旋钮调整烹饪时间。 调整好烹饪时间后，产品将开始烹饪，等待定时器响铃时烹饪完成。 将炸篮中的食物全部倒入碗或碟中。务必从所用煎锅中取出装有原料的炸篮，因为煎锅底部 可能残留有热油或油脂 。,"## 流程

* 将空气炸锅放在稳固、平整且水平的隔热表面上。
* 取出煎锅，将食材放入炸篮，将煎锅滑入产品中。
* 修改预设温度，旋转旋钮调整烹饪时间。
* 调整好烹饪时间后，产品将开始烹饪，等待定时器响铃时烹饪完成。
* 将炸篮中的食物全部倒入碗或碟中。务必从所用煎锅中取出装有原料的炸篮，因为煎锅底部**可能残留有热油或油脂**。"
tipchunk_7178c6191e61,TechniqueChunk,使用空气炸锅 / 注意事项,使用空气炸锅,注意事项,烹饪技巧,tips/learn/空气炸锅.md,5,"什么是空气炸锅,优点,使用空气炸锅,工作方式,常用食物,技巧,操作要点,时间,正文,注意事项,流程,炸,烤,烹饪建议,煎,空气炸锅,腌,腌制",注意事项 使用空气炸锅应注意设置温度不宜过高 尽量在 120℃内，最好不超过 168℃ ，制作时间不宜太长 约 10 分钟左右 ，避免生成过多有害成分 丙烯酰胺 https://zh.wikipedia.org/wiki/%E4%B8%99%E7%83%AF%E9%85%B0%E8%83%BA 。 减少用空气炸锅烹饪淀粉类食物，如土豆、面包、油条等，可相应减少 丙烯酰胺 https://zh.wikipedia.org/wiki/%E4%B8%99%E7%83%AF%E9%85%B0%E8%83%BA 摄入。相对而言，空气炸锅适合烹调脂肪或水分含量更高的食物，如肉类、蔬菜。 使用过程中，不能遮挡顶部的进风口和背面的出风口。用手遮挡的话，可能会被 热空气烫伤 。 不同品牌炸锅温差可达±10℃，首次尝试建议减少 10%时间后逐步调整,"## 注意事项

* 使用空气炸锅应注意设置温度不宜过高（尽量在 120℃内，最好不超过 168℃），制作时间不宜太长（约 10 分钟左右），避免生成过多有害成分[丙烯酰胺](https://zh.wikipedia.org/wiki/%E4%B8%99%E7%83%AF%E9%85%B0%E8%83%BA)。
* 减少用空气炸锅烹饪淀粉类食物，如土豆、面包、油条等，可相应减少[丙烯酰胺](https://zh.wikipedia.org/wiki/%E4%B8%99%E7%83%AF%E9%85%B0%E8%83%BA)摄入。相对而言，空气炸锅适合烹调脂肪或水分含量更高的食物，如肉类、蔬菜。
* 使用过程中，不能遮挡顶部的进风口和背面的出风口。用手遮挡的话，可能会被**热空气烫伤**。
* 不同品牌炸锅温差可达±10℃，首次尝试建议减少 10%时间后逐步调整"
tipchunk_0ffd8ae3414a,TechniqueChunk,使用空气炸锅 / 烹饪建议,使用空气炸锅,烹饪建议,烹饪技巧,tips/learn/空气炸锅.md,6,"什么是空气炸锅,优点,使用空气炸锅,工作方式,常用食物,技巧,操作要点,时间,正文,注意事项,流程,炸,烤,烹饪建议,煎,空气炸锅,腌,腌制",烹饪建议,## 烹饪建议
tipchunk_5cf50c6148f4,TechniqueChunk,使用空气炸锅 / 常用食物,使用空气炸锅,常用食物,烹饪技巧,tips/learn/空气炸锅.md,7,"什么是空气炸锅,优点,使用空气炸锅,工作方式,常用食物,技巧,操作要点,时间,正文,注意事项,流程,炸,烤,烹饪建议,煎,空气炸锅,腌,腌制",常用食物 食物名称 温度 ℃ 时间 分钟 方法步骤 薯条 200 15 20 1. 冷冻薯条无需解冻，表面喷少量油； 2. 平铺炸篮 不重叠 ，每5分钟摇晃一次； 3. 最后2分钟可调至210℃上色。 鸡翅 180 18 22 1. 鸡翅划刀，用生抽、料酒、蚝油、蒜末腌制1小时； 2. 平铺炸篮，表面刷蜂蜜水； 3. 烤10分钟后翻面继续烤。 鱼类 180 190 12 15 1. 鱼身两面划刀，用姜片、葱段、盐、料酒腌制20分钟； 2. 鱼表面刷油，垫锡纸防粘； 3. 中途翻面一次。 牛排 200 8 12 1. 牛排室温回温，双面撒盐、黑胡椒和橄榄油； 2. 空气炸锅预热5分钟，牛排放入后根据厚度烤制 每面4 6分钟 。 牛肉块 180 15 18 1. 牛肉切2cm立方块，用生抽、淀粉、黑胡椒腌制30分钟； 2. 平铺炸篮，烤10分钟后翻动一次； 3. 可加洋葱、彩椒同烤。 猪肉排 175 185 16 20 1. 猪排用刀背拍松，生抽、蒜粉、五香粉腌制40分钟； 2. 表面喷油，垫烘焙纸； 3. 中途翻面并刷腌料汁。 蛋挞 170 180 12 15 1. 蛋挞皮解冻后倒入自制,"### 常用食物

| 食物名称 | 温度(℃) | 时间（分钟） | 方法步骤 |
|---------|---------|--------|--------------------------------------------------------------------|
| **薯条** | 200 | 15-20 | 1. 冷冻薯条无需解冻，表面喷少量油；- 2. 平铺炸篮（不重叠），每5分钟摇晃一次；- 3. 最后2分钟可调至210℃上色。 |
| **鸡翅** | 180 | 18-22 | 1. 鸡翅划刀，用生抽、料酒、蚝油、蒜末腌制1小时；- 2. 平铺炸篮，表面刷蜂蜜水；- 3. 烤10分钟后翻面继续烤。 |
| **鱼类** | 180-190 | 12-15 | 1. 鱼身两面划刀，用姜片、葱段、盐、料酒腌制20分钟；- 2. 鱼表面刷油，垫锡纸防粘；- 3. 中途翻面一次。 |
| **牛排** | 200 | 8-12 | 1. 牛排室温回温，双面撒盐、黑胡椒和橄榄油；- 2. 空气炸锅预热5分钟，牛排放入后根据厚度烤制（每面4-6分钟）。 |
| **牛肉块** | 180 | 15-18 | 1. 牛肉切2cm立方块，用生抽、淀粉、黑胡椒腌制30分钟；- 2. 平铺炸篮，烤10分钟后翻动一次；- 3. 可加洋葱、彩椒同烤。 |
| **猪肉排** | 175-185 | 16-20 | 1. 猪排用刀背拍松，生抽、蒜粉、五香粉腌制40分钟；- 2. 表面喷油，垫烘焙纸；- 3. 中途翻面并刷腌料汁。 |
| **蛋挞** | 170-180 | 12-15 | 1. 蛋挞皮解冻后倒入自制蛋液（牛奶+淡奶油+糖+蛋黄）；- 2. 炸锅无需预热，烤至挞皮金黄、中心微焦即可。 |
| **蛋糕** | 160 | 25-30 | 1. 6寸模具垫油纸，倒入蛋糕糊（7分满）；- 2. 低温慢烤，插入牙签无粘连即熟；- 3. 倒扣冷却防塌陷。 |
| **披萨** | 180-190 | 8-12 | 1. 冷冻披萨无需解冻，可撒额外芝士；- 2. 垫锡纸防漏，烤至芝士起焦斑；- 3. 自制披萨需先烤饼底5分钟再加料。 |
| **花生米** | 160 | 10-12 | 1. 生花生米浸泡5分钟后沥干；- 2. 喷少量油+盐拌匀；- 3. 平铺单层，每3分钟摇晃一次。 |"
tipchunk_04315e467d04,TechniqueChunk,使用空气炸锅 / 操作要点,使用空气炸锅,操作要点,烹饪技巧,tips/learn/空气炸锅.md,8,"什么是空气炸锅,优点,使用空气炸锅,工作方式,常用食物,技巧,操作要点,时间,正文,注意事项,流程,炸,烤,烹饪建议,煎,空气炸锅,腌,腌制",操作要点 1. 预处理关键 肉类需充分解冻并擦干表面水分 牛排/猪排建议室温回温 冷冻食品 薯条/披萨 可直接烹饪，但需加大摇晃/翻面频率 2. 防粘技巧 鱼类/蛋糕等易粘食物建议垫烘焙纸或锡纸 炸篮底部可铺洋葱片/柠檬片提升风味并隔离汁水 3. 上色控制 最后 2 3 分钟调高 10 20℃可使表面更酥脆 适用于薯条/鸡翅 蛋挞/蛋糕表面加盖锡纸可防止过度焦化 4. 熟度检测 肉类：用筷子按压，硬挺为全熟，柔软带弹性为半熟 蛋糕：牙签插入中心无面糊粘连即熟,"### 操作要点

1. **预处理关键**
 - 肉类需充分解冻并擦干表面水分（牛排/猪排建议室温回温）
 - 冷冻食品（薯条/披萨）可直接烹饪，但需加大摇晃/翻面频率

2. **防粘技巧**
 - 鱼类/蛋糕等易粘食物建议垫烘焙纸或锡纸
 - 炸篮底部可铺洋葱片/柠檬片提升风味并隔离汁水

3. **上色控制**
 - 最后 2-3 分钟调高 10-20℃可使表面更酥脆（适用于薯条/鸡翅）
 - 蛋挞/蛋糕表面加盖锡纸可防止过度焦化

4. **熟度检测**
 - 肉类：用筷子按压，硬挺为全熟，柔软带弹性为半熟
 - 蛋糕：牙签插入中心无面糊粘连即熟"
tipdoc_7ce59b628288,TechniqueDoc,食品安全,食品安全,,烹饪技巧,tips/learn/食品安全.md,,"3-硝基丙酸,中毒,容器,寄生虫,时间,正文,沙门氏菌感染,煮,过敏,食品安全,食品安全温度,黄曲霉素","食品安全 中毒 以下食物有造成中毒的风险： 未成熟的青西红柿 未熟透的四季豆 芸豆 、豇豆 豆角 、 白刀豆 https://zh.wikipedia.org/wiki/%E7%99%BD%E5%88%80%E8%B1%86 发芽的土豆 山药 、番薯 红薯 、花生 未正确处理/未熟透的 黄花菜 https://zh.m.wikipedia.org/wiki/%E9%BB%84%E8%8A%B1%E8%8F%9C 可导致 秋水仙碱 https://zh.m.wikipedia.org/wiki/%E7%A7%8B%E6%B0%B4%E4%BB%99%E7%B4%A0 中毒 生豆浆 泡发时间过长的木耳 不止木耳，所有菌类泡发时间过长均有中毒风险 未烹饪熟的动物内脏 不认识的蘑菇或者未煮熟的蘑菇 有句谚语说：红伞伞，白杆杆，吃完一起躺板板。一般来说，越是漂亮的蘑菇越危险。 …… 欢迎补充 酸性食物在铝制容器中较长时间储存&烹饪同样也会有造成中毒的风险, 如 酸菜 笋干 番茄酱 柠檬汁 卤肉 酱油和酱菜 …… 欢迎补充 过敏 以下为常见过敏食物 注意：过敏反应一般情况下是终生的 ： 成人： 虾","# 食品安全

## 中毒

以下食物有造成中毒的风险：

* 未成熟的青西红柿
* 未熟透的四季豆（芸豆）、豇豆（豆角）、[白刀豆](https://zh.wikipedia.org/wiki/%E7%99%BD%E5%88%80%E8%B1%86)
* 发芽的土豆（山药）、番薯（红薯）、花生
* 未正确处理/未熟透的[黄花菜](https://zh.m.wikipedia.org/wiki/%E9%BB%84%E8%8A%B1%E8%8F%9C)可导致[秋水仙碱](https://zh.m.wikipedia.org/wiki/%E7%A7%8B%E6%B0%B4%E4%BB%99%E7%B4%A0)中毒
* 生豆浆
* 泡发时间过长的木耳（不止木耳，所有菌类泡发时间过长均有中毒风险）
* 未烹饪熟的动物内脏
* 不认识的蘑菇或者未煮熟的蘑菇（有句谚语说：红伞伞，白杆杆，吃完一起躺板板。一般来说，越是漂亮的蘑菇越危险。）
* ……（欢迎补充）

酸性食物在铝制容器中较长时间储存&烹饪同样也会有造成中毒的风险, 如

* 酸菜
* 笋干
* 番茄酱
* 柠檬汁
* 卤肉
* 酱油和酱菜
* ……（欢迎补充）

## 过敏

以下为常见过敏食物（注意：过敏反应一般情况下是终生的）：

成人：

* 虾、蟹、贝类海鲜（食用不新鲜而导致细菌滋生的海鲜）
* 花生
* 坚果
* 鱼类

儿童：

* 花生
* 坚果
* 蛋类
* 牛奶（主要是对牛奶中 A1 蛋白不耐受）
* 小麦和大豆

## 沙门氏菌感染

沙门氏菌较常见于动物源性食物，包括蔬菜也可能因受粪便污染而含有沙门氏菌。

下列食品有造成沙门氏菌感染的风险：

* 未完全煮熟的蛋
* 未完全煮熟的肉
* 未经过杀菌的奶

## 黄曲霉素

黄曲霉素常由黄曲霉及寄生曲霉等另外几种霉菌在霉变的谷物中产生，如大米、豆类、花生等，是目前为止最强的致癌物质。加热至 280℃以上才开始分解，所以一般的加热不易破坏其结构。

下列食品有造成黄曲霉素中毒的风险：

* 腐坏的花生
* 腐坏的大米
* 腐坏的玉米

注意，以上食品还包括其对应制品，如米粉、玉米面； 经安全培育生产的花生苗（发芽花生）可以认为安全可食用。

## 3-硝基丙酸

3-硝基丙酸由蔗生节菱孢菌产生，该真菌常见寄生于甘蔗、椰子中。中毒症的主要表现为中枢神经系统受损。急性期的症状有呕吐、眩晕、阵发性抽搐、眼球偏侧凝视、昏迷，甚至死亡，后遗症主要为锥体外系的损害，主要症状有屈曲、扭转、痉挛，肢体强直，静止时张力减低等。该毒素暂无特效解毒药物。

下列食品有造成 3-硝基丙酸中毒的风险：

* 红心甘蔗
* [腐坏的椰子](https://www.bilibili.com/video/BV1w84y147TU)

除了视觉上的外观作为判断标准，气味也是重要的评价标准。腐坏的植物往往散发特殊的气味（酒糟味、酸味等）。对闻起来腐坏的食物最好的处理方式就是丢弃。

## 寄生虫

寄生虫可通过空气，饮用水，食物和直接接触进入人体。若寄生虫进入人体循环系统，一方面可以攻击白细胞，另一方面可达肺、肝等脏器或是堵塞血管或淋巴管道，会引起如肝硬化、门脉高压、象皮病等疾病。而人如果是猪肉绦虫的中间宿主，寄生虫甚至会达眼球、心脏和大脑，危及生命。

下列食品最好确保完全烧熟，否则可能在体内留下相应的寄生虫：

* 田螺：管圆线虫
* 生鱼片：肝吸虫
* 黄鳝：颚口线虫
* 牛蛙：曼氏裂头蚴寄生虫
* 猪肉：猪肉绦虫
* 牛肉表面（只要表面熟了就可以吃）：牛肉绦虫

## 食品安全温度

通过足够的温度加热食物并保持一定的时间，可以在一定程度上减小细菌、寄生虫存活的风险。
各类食品有不同的温度要求，烹饪者测量温度应该使用厨房用温度计测量食物中心温度。

测量温度应该使用：厨房用温度计
测量食物中心温度

下列是业界标准的食物安全温度：

| | 整块 | 碎肉 | 全只 |
|-----------|------------------------------------------------|-------|-------|
| 猪肉 | 71°C | 71°C | |
| 禽肉 | 74°C | 74°C | 85°C |
| 牛肉/羊肉 | 3 分熟：63°C；5 分熟：71°C；7 分熟：77°C | 71°C | |
| 剩菜再加热 | 74°C | | |"
tipchunk_3c084b42c9c8,TechniqueChunk,食品安全,食品安全,正文,烹饪技巧,tips/learn/食品安全.md,0,"3-硝基丙酸,中毒,容器,寄生虫,时间,正文,沙门氏菌感染,煮,过敏,食品安全,食品安全温度,黄曲霉素",食品安全,# 食品安全
tipchunk_9acc606ca4cb,TechniqueChunk,食品安全 / 中毒,食品安全,中毒,烹饪技巧,tips/learn/食品安全.md,1,"3-硝基丙酸,中毒,容器,寄生虫,时间,正文,沙门氏菌感染,煮,过敏,食品安全,食品安全温度,黄曲霉素","中毒 以下食物有造成中毒的风险： 未成熟的青西红柿 未熟透的四季豆 芸豆 、豇豆 豆角 、 白刀豆 https://zh.wikipedia.org/wiki/%E7%99%BD%E5%88%80%E8%B1%86 发芽的土豆 山药 、番薯 红薯 、花生 未正确处理/未熟透的 黄花菜 https://zh.m.wikipedia.org/wiki/%E9%BB%84%E8%8A%B1%E8%8F%9C 可导致 秋水仙碱 https://zh.m.wikipedia.org/wiki/%E7%A7%8B%E6%B0%B4%E4%BB%99%E7%B4%A0 中毒 生豆浆 泡发时间过长的木耳 不止木耳，所有菌类泡发时间过长均有中毒风险 未烹饪熟的动物内脏 不认识的蘑菇或者未煮熟的蘑菇 有句谚语说：红伞伞，白杆杆，吃完一起躺板板。一般来说，越是漂亮的蘑菇越危险。 …… 欢迎补充 酸性食物在铝制容器中较长时间储存&烹饪同样也会有造成中毒的风险, 如 酸菜 笋干 番茄酱 柠檬汁 卤肉 酱油和酱菜 …… 欢迎补充","## 中毒

以下食物有造成中毒的风险：

* 未成熟的青西红柿
* 未熟透的四季豆（芸豆）、豇豆（豆角）、[白刀豆](https://zh.wikipedia.org/wiki/%E7%99%BD%E5%88%80%E8%B1%86)
* 发芽的土豆（山药）、番薯（红薯）、花生
* 未正确处理/未熟透的[黄花菜](https://zh.m.wikipedia.org/wiki/%E9%BB%84%E8%8A%B1%E8%8F%9C)可导致[秋水仙碱](https://zh.m.wikipedia.org/wiki/%E7%A7%8B%E6%B0%B4%E4%BB%99%E7%B4%A0)中毒
* 生豆浆
* 泡发时间过长的木耳（不止木耳，所有菌类泡发时间过长均有中毒风险）
* 未烹饪熟的动物内脏
* 不认识的蘑菇或者未煮熟的蘑菇（有句谚语说：红伞伞，白杆杆，吃完一起躺板板。一般来说，越是漂亮的蘑菇越危险。）
* ……（欢迎补充）

酸性食物在铝制容器中较长时间储存&烹饪同样也会有造成中毒的风险, 如

* 酸菜
* 笋干
* 番茄酱
* 柠檬汁
* 卤肉
* 酱油和酱菜
* ……（欢迎补充）"
tipchunk_3ebc7af5ab75,TechniqueChunk,食品安全 / 过敏,食品安全,过敏,烹饪技巧,tips/learn/食品安全.md,2,"3-硝基丙酸,中毒,容器,寄生虫,时间,正文,沙门氏菌感染,煮,过敏,食品安全,食品安全温度,黄曲霉素",过敏 以下为常见过敏食物 注意：过敏反应一般情况下是终生的 ： 成人： 虾、蟹、贝类海鲜 食用不新鲜而导致细菌滋生的海鲜 花生 坚果 鱼类 儿童： 花生 坚果 蛋类 牛奶 主要是对牛奶中 A1 蛋白不耐受 小麦和大豆,"## 过敏

以下为常见过敏食物（注意：过敏反应一般情况下是终生的）：

成人：

* 虾、蟹、贝类海鲜（食用不新鲜而导致细菌滋生的海鲜）
* 花生
* 坚果
* 鱼类

儿童：

* 花生
* 坚果
* 蛋类
* 牛奶（主要是对牛奶中 A1 蛋白不耐受）
* 小麦和大豆"
tipchunk_d126533706ae,TechniqueChunk,食品安全 / 沙门氏菌感染,食品安全,沙门氏菌感染,烹饪技巧,tips/learn/食品安全.md,3,"3-硝基丙酸,中毒,容器,寄生虫,时间,正文,沙门氏菌感染,煮,过敏,食品安全,食品安全温度,黄曲霉素",沙门氏菌感染 沙门氏菌较常见于动物源性食物，包括蔬菜也可能因受粪便污染而含有沙门氏菌。 下列食品有造成沙门氏菌感染的风险： 未完全煮熟的蛋 未完全煮熟的肉 未经过杀菌的奶,"## 沙门氏菌感染

沙门氏菌较常见于动物源性食物，包括蔬菜也可能因受粪便污染而含有沙门氏菌。

下列食品有造成沙门氏菌感染的风险：

* 未完全煮熟的蛋
* 未完全煮熟的肉
* 未经过杀菌的奶"
tipchunk_4da9a9303e78,TechniqueChunk,食品安全 / 黄曲霉素,食品安全,黄曲霉素,烹饪技巧,tips/learn/食品安全.md,4,"3-硝基丙酸,中毒,容器,寄生虫,时间,正文,沙门氏菌感染,煮,过敏,食品安全,食品安全温度,黄曲霉素",黄曲霉素 黄曲霉素常由黄曲霉及寄生曲霉等另外几种霉菌在霉变的谷物中产生，如大米、豆类、花生等，是目前为止最强的致癌物质。加热至 280℃以上才开始分解，所以一般的加热不易破坏其结构。 下列食品有造成黄曲霉素中毒的风险： 腐坏的花生 腐坏的大米 腐坏的玉米 注意，以上食品还包括其对应制品，如米粉、玉米面； 经安全培育生产的花生苗 发芽花生 可以认为安全可食用。,"## 黄曲霉素

黄曲霉素常由黄曲霉及寄生曲霉等另外几种霉菌在霉变的谷物中产生，如大米、豆类、花生等，是目前为止最强的致癌物质。加热至 280℃以上才开始分解，所以一般的加热不易破坏其结构。

下列食品有造成黄曲霉素中毒的风险：

* 腐坏的花生
* 腐坏的大米
* 腐坏的玉米

注意，以上食品还包括其对应制品，如米粉、玉米面； 经安全培育生产的花生苗（发芽花生）可以认为安全可食用。"
tipchunk_cc84f5422ea8,TechniqueChunk,食品安全 / 3-硝基丙酸,食品安全,3-硝基丙酸,烹饪技巧,tips/learn/食品安全.md,5,"3-硝基丙酸,中毒,容器,寄生虫,时间,正文,沙门氏菌感染,煮,过敏,食品安全,食品安全温度,黄曲霉素",3 硝基丙酸 3 硝基丙酸由蔗生节菱孢菌产生，该真菌常见寄生于甘蔗、椰子中。中毒症的主要表现为中枢神经系统受损。急性期的症状有呕吐、眩晕、阵发性抽搐、眼球偏侧凝视、昏迷，甚至死亡，后遗症主要为锥体外系的损害，主要症状有屈曲、扭转、痉挛，肢体强直，静止时张力减低等。该毒素暂无特效解毒药物。 下列食品有造成 3 硝基丙酸中毒的风险： 红心甘蔗 腐坏的椰子 https://www.bilibili.com/video/BV1w84y147TU 除了视觉上的外观作为判断标准，气味也是重要的评价标准。腐坏的植物往往散发特殊的气味 酒糟味、酸味等 。对闻起来腐坏的食物最好的处理方式就是丢弃。,"## 3-硝基丙酸

3-硝基丙酸由蔗生节菱孢菌产生，该真菌常见寄生于甘蔗、椰子中。中毒症的主要表现为中枢神经系统受损。急性期的症状有呕吐、眩晕、阵发性抽搐、眼球偏侧凝视、昏迷，甚至死亡，后遗症主要为锥体外系的损害，主要症状有屈曲、扭转、痉挛，肢体强直，静止时张力减低等。该毒素暂无特效解毒药物。

下列食品有造成 3-硝基丙酸中毒的风险：

* 红心甘蔗
* [腐坏的椰子](https://www.bilibili.com/video/BV1w84y147TU)

除了视觉上的外观作为判断标准，气味也是重要的评价标准。腐坏的植物往往散发特殊的气味（酒糟味、酸味等）。对闻起来腐坏的食物最好的处理方式就是丢弃。"
tipchunk_03582f460f97,TechniqueChunk,食品安全 / 寄生虫,食品安全,寄生虫,烹饪技巧,tips/learn/食品安全.md,6,"3-硝基丙酸,中毒,容器,寄生虫,时间,正文,沙门氏菌感染,煮,过敏,食品安全,食品安全温度,黄曲霉素",寄生虫 寄生虫可通过空气，饮用水，食物和直接接触进入人体。若寄生虫进入人体循环系统，一方面可以攻击白细胞，另一方面可达肺、肝等脏器或是堵塞血管或淋巴管道，会引起如肝硬化、门脉高压、象皮病等疾病。而人如果是猪肉绦虫的中间宿主，寄生虫甚至会达眼球、心脏和大脑，危及生命。 下列食品最好确保完全烧熟，否则可能在体内留下相应的寄生虫： 田螺：管圆线虫 生鱼片：肝吸虫 黄鳝：颚口线虫 牛蛙：曼氏裂头蚴寄生虫 猪肉：猪肉绦虫 牛肉表面 只要表面熟了就可以吃 ：牛肉绦虫,"## 寄生虫

寄生虫可通过空气，饮用水，食物和直接接触进入人体。若寄生虫进入人体循环系统，一方面可以攻击白细胞，另一方面可达肺、肝等脏器或是堵塞血管或淋巴管道，会引起如肝硬化、门脉高压、象皮病等疾病。而人如果是猪肉绦虫的中间宿主，寄生虫甚至会达眼球、心脏和大脑，危及生命。

下列食品最好确保完全烧熟，否则可能在体内留下相应的寄生虫：

* 田螺：管圆线虫
* 生鱼片：肝吸虫
* 黄鳝：颚口线虫
* 牛蛙：曼氏裂头蚴寄生虫
* 猪肉：猪肉绦虫
* 牛肉表面（只要表面熟了就可以吃）：牛肉绦虫"
tipchunk_e942a5935ed6,TechniqueChunk,食品安全 / 食品安全温度,食品安全,食品安全温度,烹饪技巧,tips/learn/食品安全.md,7,"3-硝基丙酸,中毒,容器,寄生虫,时间,正文,沙门氏菌感染,煮,过敏,食品安全,食品安全温度,黄曲霉素",食品安全温度 通过足够的温度加热食物并保持一定的时间，可以在一定程度上减小细菌、寄生虫存活的风险。 各类食品有不同的温度要求，烹饪者测量温度应该使用厨房用温度计测量食物中心温度。 测量温度应该使用：厨房用温度计 测量食物中心温度 下列是业界标准的食物安全温度： 整块 碎肉 全只 猪肉 71°C 71°C 禽肉 74°C 74°C 85°C 牛肉/羊肉 3 分熟：63°C；5 分熟：71°C；7 分熟：77°C 71°C 剩菜再加热 74°C,"## 食品安全温度

通过足够的温度加热食物并保持一定的时间，可以在一定程度上减小细菌、寄生虫存活的风险。
各类食品有不同的温度要求，烹饪者测量温度应该使用厨房用温度计测量食物中心温度。

测量温度应该使用：厨房用温度计
测量食物中心温度

下列是业界标准的食物安全温度：

| | 整块 | 碎肉 | 全只 |
|-----------|------------------------------------------------|-------|-------|
| 猪肉 | 71°C | 71°C | |
| 禽肉 | 74°C | 74°C | 85°C |
| 牛肉/羊肉 | 3 分熟：63°C；5 分熟：71°C；7 分熟：77°C | 71°C | |
| 剩菜再加热 | 74°C | | |"
tipdoc_4ba80da791e4,TechniqueDoc,蒸（米）/炖（使用电饭煲/高压锅/电压力锅）,蒸（米）/炖（使用电饭煲/高压锅/电压力锅）,,烹饪技巧,tips/learn/高压力锅.md,,"什么是压力锅,优点,工作方式,时间,正文,注意事项,流程,煮,蒸,蒸米炖使用电饭煲高压锅电压力锅,蒸（米）/炖（使用电饭煲/高压锅/电压力锅）,高压力锅,高压锅",蒸 米 /炖 使用电饭煲/高压锅/电压力锅 什么是压力锅 压力锅其实是一般的锅加上可锁紧的半密封盖，盖上有阀门，可用于控制锅内的压力。 工作方式 压力锅的工作方式是让蒸汽积聚在锅中，提高锅内的压力。锅内压力提高时，水的沸点也随之提高，可使含水的食物烹煮温度超过 100 ℃。 优点 由于压力锅的实际烹饪温度较高，因此可以大幅缩短烹饪时间。 压力锅内部的高温可促进褐变和焦糖化，能够产生独有的风味。 流程 食材和水放入内胆后合盖， 确保锅体密封 ，加热。 对于韧性较大的食材，如蹄筋类食物，使用高压锅可以较轻松将其煮烂，获得较好口感。 压力锅通常有一个自锁阀 浮子阀 。在蒸煮时，随着锅内压力增大，自锁阀会启动并锁闭，隔绝锅内与锅外气体，为锅内增压创造条件。自锁阀启动后还会锁住锅盖，防止强行打开，起到安全保障作用。在蒸煮时需要确认自锁阀不被异物遮挡，让高压锅正常工作。 切换至保温状态后， 通过排气阀将锅内蒸汽排空方可开盖 。 注意事项 水蒸气很烫，不要凑到排气阀上。 烹饪 流质食物 的过程中， 不要手动排气 ，小心喷溅 可以将食材放入密封罐或者真空包装袋中再用高压锅烹饪 。 烹饪部分菜系 如汤类,"# 蒸（米）/炖（使用电饭煲/高压锅/电压力锅）

## 什么是压力锅

压力锅其实是一般的锅加上可锁紧的半密封盖，盖上有阀门，可用于控制锅内的压力。

### 工作方式

压力锅的工作方式是让蒸汽积聚在锅中，提高锅内的压力。锅内压力提高时，水的沸点也随之提高，可使含水的食物烹煮温度超过 100 ℃。

### 优点

* 由于压力锅的实际烹饪温度较高，因此可以大幅缩短烹饪时间。
* 压力锅内部的高温可促进褐变和焦糖化，能够产生独有的风味。

## 流程

* 食材和水放入内胆后合盖，**确保锅体密封**，加热。
* 对于韧性较大的食材，如蹄筋类食物，使用高压锅可以较轻松将其煮烂，获得较好口感。
* 压力锅通常有一个自锁阀（浮子阀）。在蒸煮时，随着锅内压力增大，自锁阀会启动并锁闭，隔绝锅内与锅外气体，为锅内增压创造条件。自锁阀启动后还会锁住锅盖，防止强行打开，起到安全保障作用。在蒸煮时需要确认自锁阀不被异物遮挡，让高压锅正常工作。
* 切换至保温状态后，**通过排气阀将锅内蒸汽排空方可开盖**。

### 注意事项

* **水蒸气很烫，不要凑到排气阀上。**
* 烹饪**流质食物**的过程中，**不要手动排气**，小心喷溅（可以将食材放入密封罐或者真空包装袋中再用高压锅烹饪）。
* 烹饪部分菜系（如汤类）手动放气**可能会影响食物的味道以及口感**。
* 开盖前需确认蒸气已排空。开盖时请勿一次性全部打开，尤其是**不要对着人正面开盖**，以免蒸气烫伤。
* 蒸煮完成后，随着高压锅内气压降低至与外界气压平衡，自锁阀会松开。这个可以作为锅盖是否能打开的判断标志。
* 高压锅的密封依赖锅盖里的密封橡胶圈，对于老旧的高压锅需要检查密封橡胶圈是否仍然有效。
* 确认橡胶圈完全干净，任何微粒卡在其中都可能破坏密闭环境。
* 很多压力锅有一个安全线，材料和液体不应该超过这个线，太多的食材和液体可能会让水蒸气喷涌堵塞排气阀，或喷溅出太多水蒸气不好清理。
* 没有安全线的压力锅，最好也不要让水位线超过锅体的 2/3。
* **不要使用高压锅烹饪燕麦或者挂面等容易产生泡沫的食物**。泡沫可能会阻塞蒸汽阀和泄压管。
* 烹饪过程中，当压力阀升高并喷出蒸汽或者烟雾时，说明高压锅内部过度加压，压力阀为了保证安全，释放出了多余的压力。尽管喷出的蒸汽带有浓郁的香味会带来较高的愉悦感，但一来食物的风味有损失，二来过度加压可能会使部分类型高压锅的卡槽弯曲。因此当看到喷出蒸汽时，可减小火力。
* tips：从侧面开盖是一种不错的选择。"
tipchunk_50197f5770eb,TechniqueChunk,蒸（米）/炖（使用电饭煲/高压锅/电压力锅）,蒸（米）/炖（使用电饭煲/高压锅/电压力锅）,正文,烹饪技巧,tips/learn/高压力锅.md,0,"什么是压力锅,优点,工作方式,时间,正文,注意事项,流程,煮,蒸,蒸米炖使用电饭煲高压锅电压力锅,蒸（米）/炖（使用电饭煲/高压锅/电压力锅）,高压力锅,高压锅",蒸 米 /炖 使用电饭煲/高压锅/电压力锅,# 蒸（米）/炖（使用电饭煲/高压锅/电压力锅）
tipchunk_5f957b8da2c9,TechniqueChunk,蒸（米）/炖（使用电饭煲/高压锅/电压力锅） / 什么是压力锅,蒸（米）/炖（使用电饭煲/高压锅/电压力锅）,什么是压力锅,烹饪技巧,tips/learn/高压力锅.md,1,"什么是压力锅,优点,工作方式,时间,正文,注意事项,流程,煮,蒸,蒸米炖使用电饭煲高压锅电压力锅,蒸（米）/炖（使用电饭煲/高压锅/电压力锅）,高压力锅,高压锅",什么是压力锅 压力锅其实是一般的锅加上可锁紧的半密封盖，盖上有阀门，可用于控制锅内的压力。,"## 什么是压力锅

压力锅其实是一般的锅加上可锁紧的半密封盖，盖上有阀门，可用于控制锅内的压力。"
tipchunk_e158b48d63f1,TechniqueChunk,蒸（米）/炖（使用电饭煲/高压锅/电压力锅） / 工作方式,蒸（米）/炖（使用电饭煲/高压锅/电压力锅）,工作方式,烹饪技巧,tips/learn/高压力锅.md,2,"什么是压力锅,优点,工作方式,时间,正文,注意事项,流程,煮,蒸,蒸米炖使用电饭煲高压锅电压力锅,蒸（米）/炖（使用电饭煲/高压锅/电压力锅）,高压力锅,高压锅",工作方式 压力锅的工作方式是让蒸汽积聚在锅中，提高锅内的压力。锅内压力提高时，水的沸点也随之提高，可使含水的食物烹煮温度超过 100 ℃。,"### 工作方式

压力锅的工作方式是让蒸汽积聚在锅中，提高锅内的压力。锅内压力提高时，水的沸点也随之提高，可使含水的食物烹煮温度超过 100 ℃。"
tipchunk_008e2c48d188,TechniqueChunk,蒸（米）/炖（使用电饭煲/高压锅/电压力锅） / 优点,蒸（米）/炖（使用电饭煲/高压锅/电压力锅）,优点,烹饪技巧,tips/learn/高压力锅.md,3,"什么是压力锅,优点,工作方式,时间,正文,注意事项,流程,煮,蒸,蒸米炖使用电饭煲高压锅电压力锅,蒸（米）/炖（使用电饭煲/高压锅/电压力锅）,高压力锅,高压锅",优点 由于压力锅的实际烹饪温度较高，因此可以大幅缩短烹饪时间。 压力锅内部的高温可促进褐变和焦糖化，能够产生独有的风味。,"### 优点

* 由于压力锅的实际烹饪温度较高，因此可以大幅缩短烹饪时间。
* 压力锅内部的高温可促进褐变和焦糖化，能够产生独有的风味。"
tipchunk_0e68a5337552,TechniqueChunk,蒸（米）/炖（使用电饭煲/高压锅/电压力锅） / 流程,蒸（米）/炖（使用电饭煲/高压锅/电压力锅）,流程,烹饪技巧,tips/learn/高压力锅.md,4,"什么是压力锅,优点,工作方式,时间,正文,注意事项,流程,煮,蒸,蒸米炖使用电饭煲高压锅电压力锅,蒸（米）/炖（使用电饭煲/高压锅/电压力锅）,高压力锅,高压锅",流程 食材和水放入内胆后合盖， 确保锅体密封 ，加热。 对于韧性较大的食材，如蹄筋类食物，使用高压锅可以较轻松将其煮烂，获得较好口感。 压力锅通常有一个自锁阀 浮子阀 。在蒸煮时，随着锅内压力增大，自锁阀会启动并锁闭，隔绝锅内与锅外气体，为锅内增压创造条件。自锁阀启动后还会锁住锅盖，防止强行打开，起到安全保障作用。在蒸煮时需要确认自锁阀不被异物遮挡，让高压锅正常工作。 切换至保温状态后， 通过排气阀将锅内蒸汽排空方可开盖 。,"## 流程

* 食材和水放入内胆后合盖，**确保锅体密封**，加热。
* 对于韧性较大的食材，如蹄筋类食物，使用高压锅可以较轻松将其煮烂，获得较好口感。
* 压力锅通常有一个自锁阀（浮子阀）。在蒸煮时，随着锅内压力增大，自锁阀会启动并锁闭，隔绝锅内与锅外气体，为锅内增压创造条件。自锁阀启动后还会锁住锅盖，防止强行打开，起到安全保障作用。在蒸煮时需要确认自锁阀不被异物遮挡，让高压锅正常工作。
* 切换至保温状态后，**通过排气阀将锅内蒸汽排空方可开盖**。"
tipchunk_877243c9c2f2,TechniqueChunk,蒸（米）/炖（使用电饭煲/高压锅/电压力锅） / 注意事项,蒸（米）/炖（使用电饭煲/高压锅/电压力锅）,注意事项,烹饪技巧,tips/learn/高压力锅.md,5,"什么是压力锅,优点,工作方式,时间,正文,注意事项,流程,煮,蒸,蒸米炖使用电饭煲高压锅电压力锅,蒸（米）/炖（使用电饭煲/高压锅/电压力锅）,高压力锅,高压锅",注意事项 水蒸气很烫，不要凑到排气阀上。 烹饪 流质食物 的过程中， 不要手动排气 ，小心喷溅 可以将食材放入密封罐或者真空包装袋中再用高压锅烹饪 。 烹饪部分菜系 如汤类 手动放气 可能会影响食物的味道以及口感 。 开盖前需确认蒸气已排空。开盖时请勿一次性全部打开，尤其是 不要对着人正面开盖 ，以免蒸气烫伤。 蒸煮完成后，随着高压锅内气压降低至与外界气压平衡，自锁阀会松开。这个可以作为锅盖是否能打开的判断标志。 高压锅的密封依赖锅盖里的密封橡胶圈，对于老旧的高压锅需要检查密封橡胶圈是否仍然有效。 确认橡胶圈完全干净，任何微粒卡在其中都可能破坏密闭环境。 很多压力锅有一个安全线，材料和液体不应该超过这个线，太多的食材和液体可能会让水蒸气喷涌堵塞排气阀，或喷溅出太多水蒸气不好清理。 没有安全线的压力锅，最好也不要让水位线超过锅体的 2/3。 不要使用高压锅烹饪燕麦或者挂面等容易产生泡沫的食物 。泡沫可能会阻塞蒸汽阀和泄压管。 烹饪过程中，当压力阀升高并喷出蒸汽或者烟雾时，说明高压锅内部过度加压，压力阀为了保证安全，释放出了多余的压力。尽管喷出的蒸汽带有浓郁的香味会带来较高的愉悦感，但一来,"### 注意事项

* **水蒸气很烫，不要凑到排气阀上。**
* 烹饪**流质食物**的过程中，**不要手动排气**，小心喷溅（可以将食材放入密封罐或者真空包装袋中再用高压锅烹饪）。
* 烹饪部分菜系（如汤类）手动放气**可能会影响食物的味道以及口感**。
* 开盖前需确认蒸气已排空。开盖时请勿一次性全部打开，尤其是**不要对着人正面开盖**，以免蒸气烫伤。
* 蒸煮完成后，随着高压锅内气压降低至与外界气压平衡，自锁阀会松开。这个可以作为锅盖是否能打开的判断标志。
* 高压锅的密封依赖锅盖里的密封橡胶圈，对于老旧的高压锅需要检查密封橡胶圈是否仍然有效。
* 确认橡胶圈完全干净，任何微粒卡在其中都可能破坏密闭环境。
* 很多压力锅有一个安全线，材料和液体不应该超过这个线，太多的食材和液体可能会让水蒸气喷涌堵塞排气阀，或喷溅出太多水蒸气不好清理。
* 没有安全线的压力锅，最好也不要让水位线超过锅体的 2/3。
* **不要使用高压锅烹饪燕麦或者挂面等容易产生泡沫的食物**。泡沫可能会阻塞蒸汽阀和泄压管。
* 烹饪过程中，当压力阀升高并喷出蒸汽或者烟雾时，说明高压锅内部过度加压，压力阀为了保证安全，释放出了多余的压力。尽管喷出的蒸汽带有浓郁的香味会带来较高的愉悦感，但一来食物的风味有损失，二来过度加压可能会使部分类型高压锅的卡槽弯曲。因此当看到喷出蒸汽时，可减小火力。
* tips：从侧面开盖是一种不错的选择。"
tipdoc_a9973e4a7693,TechniqueDoc,厨房准备,厨房准备,,通用知识,tips/厨房准备.md,,"凉拌,凉拌、炖煮油,厨房准备,工具,微波炉,时间,植物油的选择,正文,炒,炒菜油,炸,烤,烹饪中的反式脂肪酸,煎,煎炸油,煮,脂肪酸的分类,蒸,调味,选购油,避免的脂肪酸,食品中的的反式脂肪酸",厨房准备 在阅读和参考菜谱之前，假想你已经在厨房中准备好了下列物品。这些物品不会在原材料和工具部分提及。 下列材料可能会被高频使用。建议提前为厨房采购好，并永远保障有新鲜的可以取用。 如果你需要应对突发情况或长期居家需求，建议同样采购好下列内容： 如果你非常想追求形式化、标准化和仪式感，并且想拥有一个与众不同的有趣厨房，那就同样采购下列内容： 如果你想节约时间，可以购买半成品并简单处理后食用： 其它针对每道菜的原材料，请具体参考菜品本身的 所需原材料 章节。 选购油 在选购油之前，需要了解一些脂肪酸的基础知识 脂肪酸的分类 脂肪酸分为： 饱和脂肪酸 尽量避免 不饱和脂肪酸 顺式脂肪酸 反式脂肪酸 尤其注意避免 多不饱和脂肪酸 单不饱和脂肪酸 饱和脂肪酸在室温下会呈固态，而不饱和脂肪酸在室温下会呈液态。 避免的脂肪酸 其中， 饱和脂肪酸 和 反式脂肪酸 一般是被认为不健康的。 饱和脂肪酸会增加肥胖、高胆固醇、心脏病的风险。 研究表明，长期过量食用氢化加工产生的反式脂肪酸可引起人体血脂代谢异常，从而增加心血管疾病发生的风险。也有研究显示可能会增加糖尿病、肥胖等慢性疾病的患病风险。 世界卫生,"# 厨房准备

在阅读和参考菜谱之前，假想你已经在厨房中准备好了下列物品。这些物品不会在原材料和工具部分提及。

```text
燃气灶，饮用水，炒锅，蒸锅，煮锅，电饭锅，食用油，洗菜盆，碟子，碗，筷子，勺子，汤勺，漏勺，洗涤剂，抹布，钢丝球，菜刀，生食案板，熟食案板，削皮刀，热水壶
```

下列材料可能会被高频使用。建议提前为厨房采购好，并永远保障有新鲜的可以取用。

```text
大葱，小葱，生姜，大蒜，花椒，八角，桂皮，香叶
干辣椒，小米椒，生抽，老抽，蚝油，料酒（黄酒，可选）
黑醋(香醋、陈醋)，白醋，豆瓣酱，冰糖，棉白糖，盐，味精\鸡精
黑胡椒，白胡椒，五香粉，玉米淀粉，番薯淀粉
```

如果你需要应对突发情况或长期居家需求，建议同样采购好下列内容：

```text
冰箱、微波炉、保鲜膜、保鲜袋
鸡蛋、青椒、胡萝卜、黄瓜、西红柿、木耳、里脊肉、茄子、米、挂面或方便面
```

如果你非常想追求形式化、标准化和仪式感，并且想拥有一个与众不同的有趣厨房，那就同样采购下列内容：

```text
电子秤（或天平）、游标卡尺、量筒、停表、烧杯、测温枪、移液器
```

如果你想节约时间，可以购买半成品并简单处理后食用：

```text
预炸过的炸鸡块、冷冻手抓饼、包好的饺子、袋装咖喱、各种丼类（盖饭）、自热食品、拌面料包、外卖包、方便食品
```

其它针对每道菜的原材料，请具体参考菜品本身的`所需原材料`章节。

## 选购油

在选购油之前，需要了解一些脂肪酸的基础知识

### 脂肪酸的分类

脂肪酸分为：

* 饱和脂肪酸 （尽量避免）
* 不饱和脂肪酸
 * 顺式脂肪酸
 * 反式脂肪酸 （尤其注意避免）
 * 多不饱和脂肪酸
 * 单不饱和脂肪酸

饱和脂肪酸在室温下会呈固态，而不饱和脂肪酸在室温下会呈液态。

### 避免的脂肪酸

其中，**饱和脂肪酸**和**反式脂肪酸**一般是被认为不健康的。

饱和脂肪酸会增加肥胖、高胆固醇、心脏病的风险。

研究表明，长期过量食用氢化加工产生的反式脂肪酸可引起人体血脂代谢异常，从而增加心血管疾病发生的风险。也有研究显示可能会增加糖尿病、肥胖等慢性疾病的患病风险。

世界卫生组织建议：为增进心血管健康，应尽量控制膳食中的反式脂肪酸，最大摄取量不超过总能量的 1%。也就是说，如果按一个成年人平均每天摄入能量 2000 千卡来算，则每天摄入反式脂肪酸不应超过 2.2 克。

GB 28050-2011 规定，食品配料含有或生产过程中使用了氢化和（或）部分氢化油脂时，在营养成分表中还应标示出反式脂肪（酸）的含量。

### 食品中的的反式脂肪酸

根据相关调查，焙烤食品（糕点、饼干、面包等）、调味品、油炸食品的反式脂肪酸平均含量在 0.30~0.50 g/100g 之间。

因此不必太过担心——日常食品中的反式脂肪酸并不足以危害健康。但以防万一，在选购零食时，不妨关注营养成分表中标注的 `反式脂肪（酸）` 含量。

### 烹饪中的反式脂肪酸

据 2021 年调查显示，我国植物油的反式脂肪酸平均含量为 0.86 g/100g，无需太过担心。

要额外注意的反式脂肪酸来源是烹饪过程：

植物油中往往含有较高比例的多不饱和脂肪酸，热稳定性比较差，容易在高温下转化成反式脂肪。

因此，在不同场景下，我们需要合理选择油品，并尽可能减少油品的加热时间。

### 植物油的选择

| 油品名称 | 饱和脂肪酸 (%) | Omega 3 (%) | Omega 6 (%) | Omega 9 (%) |
| :----: | :----: | :----: | :----: | :----: |
| 芥花油 | 7% | 11% | 21% | 61% |
| 亚麻籽油 | 9% | 57% | 16% | 18% |
| 葵花油 | 12% | 1% | 71% | 16% |
| 玉米油 | 13% | 1% | 57% | 29% |
| 橄榄油 | 15% | 1% | 9% | 75% |
| 大豆油 | 15% | 8% | 54% | 23% |
| 花生油 | 19% | 0% | 33% | 48% |
| 棉籽油 | 27% | 0% | 54% | 19% |
| 猪油 | 43% | 1% | 9% | 47% |
| 棕榈油 | 51% | 0% | 10% | 39% |
| 牛油 | 68% | 1% | 3% | 28% |
| 椰子油 | 91% | 0% | 2% | 7% |

* `花生油`富含`单不饱和脂肪`。但只建议选择高品质的。加工时也要注意不要加热过久以免产生`反式脂肪酸`。
* `橄榄油`富含`单不饱和脂肪`，其只有一个不饱和键。橄榄油`饱和脂肪酸`含量少。但只建议选择高品质的。加工时也要注意不要加热过久以免产生反式脂肪酸。
* `大豆油`不含`饱和脂肪酸`，且含有亚油酸、维生素。但大豆油不稳定，容易在加工时产生`反式脂肪酸`，因此不建议长期食用，可以用于凉拌。
* `菜籽油`热稳定性好，富含`多不饱和脂肪酸`，但可能含有芥酸，可能会引起脂肪沉积和心脏损伤。菜籽油缺少亚油酸，营养价值较低，容易腐败。
* `椰子油`的`饱和脂肪酸`非常高，热稳定性好，但注意有些食品会使用氢化椰子油。适合在厨房用于煎炸，经常食用会增加肥胖风险。
* `棕榈油`的`饱和脂肪酸`非常高，热稳定性好，经常食用会增加高胆固醇风险。
* `猪油`，`牛油`等动物油脂，富含`饱和脂肪酸`，经常食用会增加高胆固醇风险。不推荐长期食用。

因此，根据上述表格，我们可以得出一些结论：

* 没有任何一种油品是完美的，每种油品都有其优缺点。因此，我们应该根据不同的烹饪场景选择不同的油品。
* 不应该始终使用同一类油品，应该根据不同的烹饪场景选择不同的油品，以确保营养均衡。
* 为了不摄入太多 `反式脂肪酸`。在加热时，不要选择热不稳定的油品，不要加热过久。
* 不要大量食用煎炸食品。热稳定性好的油往往又含有大量的`饱和脂肪酸`，不适合长期食用。
* 不要重复使用油品。油品在加热过程中会产生大量的`反式脂肪酸`。
* 不要长时间食用外卖食品，因为很难确定他们使用了什么油品。

#### 炒菜油

* 花生油 （选择高油品质）
* 橄榄油 （选择高油品质）
* 菜籽油 （选择低芥酸）

花生油、橄榄油、菜籽油含有较多不饱和脂肪酸，含有较少的饱和脂肪酸。但是其热稳定性较差，容易在加热过程中产生反式脂肪酸。因此，要注意控制加热时间，不要加热过久。

#### 煎炸油

* 椰子油
* 棕榈油
* 牛油
* 猪油

爆炒、油炸时需要使用热稳定性更好的油，如：椰子油、棕榈油、牛油。它们产生的反式脂肪酸会更少。但是，它们的饱和脂肪酸含量较高，不适合长期食用。

#### 凉拌、炖煮油

* 亚麻籽油
* 芝麻油
* 核桃油
* 紫苏油

这类场景不需要加热，因此不会产生反式脂肪酸。不要选择有太多饱和脂肪酸的油品。"
tipchunk_af1b546facb5,TechniqueChunk,厨房准备,厨房准备,正文,通用知识,tips/厨房准备.md,0,"凉拌,凉拌、炖煮油,厨房准备,工具,微波炉,时间,植物油的选择,正文,炒,炒菜油,炸,烤,烹饪中的反式脂肪酸,煎,煎炸油,煮,脂肪酸的分类,蒸,调味,选购油,避免的脂肪酸,食品中的的反式脂肪酸",厨房准备 在阅读和参考菜谱之前，假想你已经在厨房中准备好了下列物品。这些物品不会在原材料和工具部分提及。 下列材料可能会被高频使用。建议提前为厨房采购好，并永远保障有新鲜的可以取用。 如果你需要应对突发情况或长期居家需求，建议同样采购好下列内容： 如果你非常想追求形式化、标准化和仪式感，并且想拥有一个与众不同的有趣厨房，那就同样采购下列内容： 如果你想节约时间，可以购买半成品并简单处理后食用： 其它针对每道菜的原材料，请具体参考菜品本身的 所需原材料 章节。,"# 厨房准备

在阅读和参考菜谱之前，假想你已经在厨房中准备好了下列物品。这些物品不会在原材料和工具部分提及。

```text
燃气灶，饮用水，炒锅，蒸锅，煮锅，电饭锅，食用油，洗菜盆，碟子，碗，筷子，勺子，汤勺，漏勺，洗涤剂，抹布，钢丝球，菜刀，生食案板，熟食案板，削皮刀，热水壶
```

下列材料可能会被高频使用。建议提前为厨房采购好，并永远保障有新鲜的可以取用。

```text
大葱，小葱，生姜，大蒜，花椒，八角，桂皮，香叶
干辣椒，小米椒，生抽，老抽，蚝油，料酒（黄酒，可选）
黑醋(香醋、陈醋)，白醋，豆瓣酱，冰糖，棉白糖，盐，味精\鸡精
黑胡椒，白胡椒，五香粉，玉米淀粉，番薯淀粉
```

如果你需要应对突发情况或长期居家需求，建议同样采购好下列内容：

```text
冰箱、微波炉、保鲜膜、保鲜袋
鸡蛋、青椒、胡萝卜、黄瓜、西红柿、木耳、里脊肉、茄子、米、挂面或方便面
```

如果你非常想追求形式化、标准化和仪式感，并且想拥有一个与众不同的有趣厨房，那就同样采购下列内容：

```text
电子秤（或天平）、游标卡尺、量筒、停表、烧杯、测温枪、移液器
```

如果你想节约时间，可以购买半成品并简单处理后食用：

```text
预炸过的炸鸡块、冷冻手抓饼、包好的饺子、袋装咖喱、各种丼类（盖饭）、自热食品、拌面料包、外卖包、方便食品
```

其它针对每道菜的原材料，请具体参考菜品本身的`所需原材料`章节。"
tipchunk_136b5392f929,TechniqueChunk,厨房准备 / 选购油,厨房准备,选购油,通用知识,tips/厨房准备.md,1,"凉拌,凉拌、炖煮油,厨房准备,工具,微波炉,时间,植物油的选择,正文,炒,炒菜油,炸,烤,烹饪中的反式脂肪酸,煎,煎炸油,煮,脂肪酸的分类,蒸,调味,选购油,避免的脂肪酸,食品中的的反式脂肪酸",选购油 在选购油之前，需要了解一些脂肪酸的基础知识,"## 选购油

在选购油之前，需要了解一些脂肪酸的基础知识"
tipchunk_29f1a40d40cb,TechniqueChunk,厨房准备 / 脂肪酸的分类,厨房准备,脂肪酸的分类,通用知识,tips/厨房准备.md,2,"凉拌,凉拌、炖煮油,厨房准备,工具,微波炉,时间,植物油的选择,正文,炒,炒菜油,炸,烤,烹饪中的反式脂肪酸,煎,煎炸油,煮,脂肪酸的分类,蒸,调味,选购油,避免的脂肪酸,食品中的的反式脂肪酸",脂肪酸的分类 脂肪酸分为： 饱和脂肪酸 尽量避免 不饱和脂肪酸 顺式脂肪酸 反式脂肪酸 尤其注意避免 多不饱和脂肪酸 单不饱和脂肪酸 饱和脂肪酸在室温下会呈固态，而不饱和脂肪酸在室温下会呈液态。,"### 脂肪酸的分类

脂肪酸分为：

* 饱和脂肪酸 （尽量避免）
* 不饱和脂肪酸
 * 顺式脂肪酸
 * 反式脂肪酸 （尤其注意避免）
 * 多不饱和脂肪酸
 * 单不饱和脂肪酸

饱和脂肪酸在室温下会呈固态，而不饱和脂肪酸在室温下会呈液态。"
tipchunk_d6801446319f,TechniqueChunk,厨房准备 / 避免的脂肪酸,厨房准备,避免的脂肪酸,通用知识,tips/厨房准备.md,3,"凉拌,凉拌、炖煮油,厨房准备,工具,微波炉,时间,植物油的选择,正文,炒,炒菜油,炸,烤,烹饪中的反式脂肪酸,煎,煎炸油,煮,脂肪酸的分类,蒸,调味,选购油,避免的脂肪酸,食品中的的反式脂肪酸",避免的脂肪酸 其中， 饱和脂肪酸 和 反式脂肪酸 一般是被认为不健康的。 饱和脂肪酸会增加肥胖、高胆固醇、心脏病的风险。 研究表明，长期过量食用氢化加工产生的反式脂肪酸可引起人体血脂代谢异常，从而增加心血管疾病发生的风险。也有研究显示可能会增加糖尿病、肥胖等慢性疾病的患病风险。 世界卫生组织建议：为增进心血管健康，应尽量控制膳食中的反式脂肪酸，最大摄取量不超过总能量的 1%。也就是说，如果按一个成年人平均每天摄入能量 2000 千卡来算，则每天摄入反式脂肪酸不应超过 2.2 克。 GB 28050 2011 规定，食品配料含有或生产过程中使用了氢化和 或 部分氢化油脂时，在营养成分表中还应标示出反式脂肪 酸 的含量。,"### 避免的脂肪酸

其中，**饱和脂肪酸**和**反式脂肪酸**一般是被认为不健康的。

饱和脂肪酸会增加肥胖、高胆固醇、心脏病的风险。

研究表明，长期过量食用氢化加工产生的反式脂肪酸可引起人体血脂代谢异常，从而增加心血管疾病发生的风险。也有研究显示可能会增加糖尿病、肥胖等慢性疾病的患病风险。

世界卫生组织建议：为增进心血管健康，应尽量控制膳食中的反式脂肪酸，最大摄取量不超过总能量的 1%。也就是说，如果按一个成年人平均每天摄入能量 2000 千卡来算，则每天摄入反式脂肪酸不应超过 2.2 克。

GB 28050-2011 规定，食品配料含有或生产过程中使用了氢化和（或）部分氢化油脂时，在营养成分表中还应标示出反式脂肪（酸）的含量。"
tipchunk_2a908d5765ba,TechniqueChunk,厨房准备 / 食品中的的反式脂肪酸,厨房准备,食品中的的反式脂肪酸,通用知识,tips/厨房准备.md,4,"凉拌,凉拌、炖煮油,厨房准备,工具,微波炉,时间,植物油的选择,正文,炒,炒菜油,炸,烤,烹饪中的反式脂肪酸,煎,煎炸油,煮,脂肪酸的分类,蒸,调味,选购油,避免的脂肪酸,食品中的的反式脂肪酸",食品中的的反式脂肪酸 根据相关调查，焙烤食品 糕点、饼干、面包等 、调味品、油炸食品的反式脂肪酸平均含量在 0.30~0.50 g/100g 之间。 因此不必太过担心——日常食品中的反式脂肪酸并不足以危害健康。但以防万一，在选购零食时，不妨关注营养成分表中标注的 反式脂肪 酸 含量。,"### 食品中的的反式脂肪酸

根据相关调查，焙烤食品（糕点、饼干、面包等）、调味品、油炸食品的反式脂肪酸平均含量在 0.30~0.50 g/100g 之间。

因此不必太过担心——日常食品中的反式脂肪酸并不足以危害健康。但以防万一，在选购零食时，不妨关注营养成分表中标注的 `反式脂肪（酸）` 含量。"
tipchunk_d58da3639212,TechniqueChunk,厨房准备 / 烹饪中的反式脂肪酸,厨房准备,烹饪中的反式脂肪酸,通用知识,tips/厨房准备.md,5,"凉拌,凉拌、炖煮油,厨房准备,工具,微波炉,时间,植物油的选择,正文,炒,炒菜油,炸,烤,烹饪中的反式脂肪酸,煎,煎炸油,煮,脂肪酸的分类,蒸,调味,选购油,避免的脂肪酸,食品中的的反式脂肪酸",烹饪中的反式脂肪酸 据 2021 年调查显示，我国植物油的反式脂肪酸平均含量为 0.86 g/100g，无需太过担心。 要额外注意的反式脂肪酸来源是烹饪过程： 植物油中往往含有较高比例的多不饱和脂肪酸，热稳定性比较差，容易在高温下转化成反式脂肪。 因此，在不同场景下，我们需要合理选择油品，并尽可能减少油品的加热时间。,"### 烹饪中的反式脂肪酸

据 2021 年调查显示，我国植物油的反式脂肪酸平均含量为 0.86 g/100g，无需太过担心。

要额外注意的反式脂肪酸来源是烹饪过程：

植物油中往往含有较高比例的多不饱和脂肪酸，热稳定性比较差，容易在高温下转化成反式脂肪。

因此，在不同场景下，我们需要合理选择油品，并尽可能减少油品的加热时间。"
tipchunk_84c3ee76d1cf,TechniqueChunk,厨房准备 / 植物油的选择,厨房准备,植物油的选择,通用知识,tips/厨房准备.md,6,"凉拌,凉拌、炖煮油,厨房准备,工具,微波炉,时间,植物油的选择,正文,炒,炒菜油,炸,烤,烹饪中的反式脂肪酸,煎,煎炸油,煮,脂肪酸的分类,蒸,调味,选购油,避免的脂肪酸,食品中的的反式脂肪酸",植物油的选择 油品名称 饱和脂肪酸 % Omega 3 % Omega 6 % Omega 9 % : : : : : : : : : : 芥花油 7% 11% 21% 61% 亚麻籽油 9% 57% 16% 18% 葵花油 12% 1% 71% 16% 玉米油 13% 1% 57% 29% 橄榄油 15% 1% 9% 75% 大豆油 15% 8% 54% 23% 花生油 19% 0% 33% 48% 棉籽油 27% 0% 54% 19% 猪油 43% 1% 9% 47% 棕榈油 51% 0% 10% 39% 牛油 68% 1% 3% 28% 椰子油 91% 0% 2% 7% 花生油 富含 单不饱和脂肪 。但只建议选择高品质的。加工时也要注意不要加热过久以免产生 反式脂肪酸 。 橄榄油 富含 单不饱和脂肪 ，其只有一个不饱和键。橄榄油 饱和脂肪酸 含量少。但只建议选择高品质的。加工时也要注意不要加热过久以免产生反式脂肪酸。 大豆油 不含 饱和脂肪酸 ，且含有亚油酸、维生素。但大豆油不稳定，容易在加工时产生 反式脂肪酸 ，因此不建议长期食用，可以用于凉拌。 菜籽油 热稳定性好，富含 多不,"### 植物油的选择

| 油品名称 | 饱和脂肪酸 (%) | Omega 3 (%) | Omega 6 (%) | Omega 9 (%) |
| :----: | :----: | :----: | :----: | :----: |
| 芥花油 | 7% | 11% | 21% | 61% |
| 亚麻籽油 | 9% | 57% | 16% | 18% |
| 葵花油 | 12% | 1% | 71% | 16% |
| 玉米油 | 13% | 1% | 57% | 29% |
| 橄榄油 | 15% | 1% | 9% | 75% |
| 大豆油 | 15% | 8% | 54% | 23% |
| 花生油 | 19% | 0% | 33% | 48% |
| 棉籽油 | 27% | 0% | 54% | 19% |
| 猪油 | 43% | 1% | 9% | 47% |
| 棕榈油 | 51% | 0% | 10% | 39% |
| 牛油 | 68% | 1% | 3% | 28% |
| 椰子油 | 91% | 0% | 2% | 7% |

* `花生油`富含`单不饱和脂肪`。但只建议选择高品质的。加工时也要注意不要加热过久以免产生`反式脂肪酸`。
* `橄榄油`富含`单不饱和脂肪`，其只有一个不饱和键。橄榄油`饱和脂肪酸`含量少。但只建议选择高品质的。加工时也要注意不要加热过久以免产生反式脂肪酸。
* `大豆油`不含`饱和脂肪酸`，且含有亚油酸、维生素。但大豆油不稳定，容易在加工时产生`反式脂肪酸`，因此不建议长期食用，可以用于凉拌。
* `菜籽油`热稳定性好，富含`多不饱和脂肪酸`，但可能含有芥酸，可能会引起脂肪沉积和心脏损伤。菜籽油缺少亚油酸，营养价值较低，容易腐败。
* `椰子油`的`饱和脂肪酸`非常高，热稳定性好，但注意有些食品会使用氢化椰子油。适合在厨房用于煎炸，经常食用会增加肥胖风险。
* `棕榈油`的`饱和脂肪酸`非常高，热稳定性好，经常食用会增加高胆固醇风险。
* `猪油`，`牛油`等动物油脂，富含`饱和脂肪酸`，经常食用会增加高胆固醇风险。不推荐长期食用。

因此，根据上述表格，我们可以得出一些结论：

* 没有任何一种油品是完美的，每种油品都有其优缺点。因此，我们应该根据不同的烹饪场景选择不同的油品。
* 不应该始终使用同一类油品，应该根据不同的烹饪场景选择不同的油品，以确保营养均衡。
* 为了不摄入太多 `反式脂肪酸`。在加热时，不要选择热不稳定的油品，不要加热过久。
* 不要大量食用煎炸食品。热稳定性好的油往往又含有大量的`饱和脂肪酸`，不适合长期食用。
* 不要重复使用油品。油品在加热过程中会产生大量的`反式脂肪酸`。
* 不要长时间食用外卖食品，因为很难确定他们使用了什么油品。"
tipchunk_3cdec5ff3000,TechniqueChunk,厨房准备 / 炒菜油,厨房准备,炒菜油,通用知识,tips/厨房准备.md,7,"凉拌,凉拌、炖煮油,厨房准备,工具,微波炉,时间,植物油的选择,正文,炒,炒菜油,炸,烤,烹饪中的反式脂肪酸,煎,煎炸油,煮,脂肪酸的分类,蒸,调味,选购油,避免的脂肪酸,食品中的的反式脂肪酸",炒菜油 花生油 选择高油品质 橄榄油 选择高油品质 菜籽油 选择低芥酸 花生油、橄榄油、菜籽油含有较多不饱和脂肪酸，含有较少的饱和脂肪酸。但是其热稳定性较差，容易在加热过程中产生反式脂肪酸。因此，要注意控制加热时间，不要加热过久。,"#### 炒菜油

* 花生油 （选择高油品质）
* 橄榄油 （选择高油品质）
* 菜籽油 （选择低芥酸）

花生油、橄榄油、菜籽油含有较多不饱和脂肪酸，含有较少的饱和脂肪酸。但是其热稳定性较差，容易在加热过程中产生反式脂肪酸。因此，要注意控制加热时间，不要加热过久。"
tipchunk_0057ae8bf6e8,TechniqueChunk,厨房准备 / 煎炸油,厨房准备,煎炸油,通用知识,tips/厨房准备.md,8,"凉拌,凉拌、炖煮油,厨房准备,工具,微波炉,时间,植物油的选择,正文,炒,炒菜油,炸,烤,烹饪中的反式脂肪酸,煎,煎炸油,煮,脂肪酸的分类,蒸,调味,选购油,避免的脂肪酸,食品中的的反式脂肪酸",煎炸油 椰子油 棕榈油 牛油 猪油 爆炒、油炸时需要使用热稳定性更好的油，如：椰子油、棕榈油、牛油。它们产生的反式脂肪酸会更少。但是，它们的饱和脂肪酸含量较高，不适合长期食用。,"#### 煎炸油

* 椰子油
* 棕榈油
* 牛油
* 猪油

爆炒、油炸时需要使用热稳定性更好的油，如：椰子油、棕榈油、牛油。它们产生的反式脂肪酸会更少。但是，它们的饱和脂肪酸含量较高，不适合长期食用。"
tipchunk_320e614cfa49,TechniqueChunk,厨房准备 / 凉拌、炖煮油,厨房准备,凉拌、炖煮油,通用知识,tips/厨房准备.md,9,"凉拌,凉拌、炖煮油,厨房准备,工具,微波炉,时间,植物油的选择,正文,炒,炒菜油,炸,烤,烹饪中的反式脂肪酸,煎,煎炸油,煮,脂肪酸的分类,蒸,调味,选购油,避免的脂肪酸,食品中的的反式脂肪酸",凉拌、炖煮油 亚麻籽油 芝麻油 核桃油 紫苏油 这类场景不需要加热，因此不会产生反式脂肪酸。不要选择有太多饱和脂肪酸的油品。,"#### 凉拌、炖煮油

* 亚麻籽油
* 芝麻油
* 核桃油
* 紫苏油

这类场景不需要加热，因此不会产生反式脂肪酸。不要选择有太多饱和脂肪酸的油品。"
tipdoc_820d789ff48e,TechniqueDoc,如何决策吃什么,如何决策吃什么,,通用知识,tips/如何选择现在吃什么.md,,"如何决策吃什么,如何选择现在吃什么,形式语言描述,正文,菜的选择,计算方法,计算荤菜和素菜数量","如何决策吃什么 如何决策吃什么也是我做菜之前一大难题。所以只能用数学描述一下了。 计算方法 计算荤菜和素菜数量 菜的数量 = 人数 + 1。 荤菜比素菜多一个，或一样多即可。 由此得到荤菜数量和素菜数量，再在上一步的菜谱中选择即可。 形式语言描述 当 有人数 N 时， 设 素菜数 为 a , 荤菜数 为 b 。 N , a , b 均为整数。 此时有下列不等式组： a + b = N + 1 a ≤ b ≤ a+1 解得 菜的选择 如果人数超过 8 人，考虑在荤菜中增加鱼类荤菜。 如果有小孩，考虑增加有甜味的菜。 考虑增加特色菜、拿手菜。 注意决策荤菜时不要全部使用同一种动物的肉。考虑顺序为： 猪肉 、 鸡肉 、 牛肉 、 羊肉 、 鸭肉 、 鱼肉 。 不要选择奇奇怪怪的动物做荤菜。","# 如何决策吃什么

如何决策吃什么也是我做菜之前一大难题。所以只能用数学描述一下了。

## 计算方法

### 计算荤菜和素菜数量

* 菜的数量 = 人数 + 1。
* 荤菜比素菜多一个，或一样多即可。

由此得到荤菜数量和素菜数量，再在上一步的菜谱中选择即可。

#### 形式语言描述

当 有人数 `N` 时，
设 `素菜数` 为 `a`, `荤菜数`为 `b`。
`N`, `a`, `b`均为整数。

此时有下列不等式组：

* a + b = N + 1
* a ≤ b ≤ a+1

解得

```javascript
const a = Math.floor((N+1)/2);
const b = Math.ceil((N+1)/2);
```

### 菜的选择

* 如果人数超过 8 人，考虑在荤菜中增加鱼类荤菜。
* 如果有小孩，考虑增加有甜味的菜。
* 考虑增加特色菜、拿手菜。
* 注意决策荤菜时不要全部使用同一种动物的肉。考虑顺序为：`猪肉`、`鸡肉`、`牛肉`、`羊肉`、`鸭肉`、`鱼肉`。
* 不要选择奇奇怪怪的动物做荤菜。"
tipchunk_385f8ad4281b,TechniqueChunk,如何决策吃什么,如何决策吃什么,正文,通用知识,tips/如何选择现在吃什么.md,0,"如何决策吃什么,如何选择现在吃什么,形式语言描述,正文,菜的选择,计算方法,计算荤菜和素菜数量",如何决策吃什么 如何决策吃什么也是我做菜之前一大难题。所以只能用数学描述一下了。,"# 如何决策吃什么

如何决策吃什么也是我做菜之前一大难题。所以只能用数学描述一下了。"
tipchunk_45dfd39d40d1,TechniqueChunk,如何决策吃什么 / 计算方法,如何决策吃什么,计算方法,通用知识,tips/如何选择现在吃什么.md,1,"如何决策吃什么,如何选择现在吃什么,形式语言描述,正文,菜的选择,计算方法,计算荤菜和素菜数量",计算方法,## 计算方法
tipchunk_0ab647800ff9,TechniqueChunk,如何决策吃什么 / 计算荤菜和素菜数量,如何决策吃什么,计算荤菜和素菜数量,通用知识,tips/如何选择现在吃什么.md,2,"如何决策吃什么,如何选择现在吃什么,形式语言描述,正文,菜的选择,计算方法,计算荤菜和素菜数量",计算荤菜和素菜数量 菜的数量 = 人数 + 1。 荤菜比素菜多一个，或一样多即可。 由此得到荤菜数量和素菜数量，再在上一步的菜谱中选择即可。,"### 计算荤菜和素菜数量

* 菜的数量 = 人数 + 1。
* 荤菜比素菜多一个，或一样多即可。

由此得到荤菜数量和素菜数量，再在上一步的菜谱中选择即可。"
tipchunk_5d9abc8cea8f,TechniqueChunk,如何决策吃什么 / 形式语言描述,如何决策吃什么,形式语言描述,通用知识,tips/如何选择现在吃什么.md,3,"如何决策吃什么,如何选择现在吃什么,形式语言描述,正文,菜的选择,计算方法,计算荤菜和素菜数量","形式语言描述 当 有人数 N 时， 设 素菜数 为 a , 荤菜数 为 b 。 N , a , b 均为整数。 此时有下列不等式组： a + b = N + 1 a ≤ b ≤ a+1 解得","#### 形式语言描述

当 有人数 `N` 时，
设 `素菜数` 为 `a`, `荤菜数`为 `b`。
`N`, `a`, `b`均为整数。

此时有下列不等式组：

* a + b = N + 1
* a ≤ b ≤ a+1

解得

```javascript
const a = Math.floor((N+1)/2);
const b = Math.ceil((N+1)/2);
```"
tipchunk_9dfcc67f4c73,TechniqueChunk,如何决策吃什么 / 菜的选择,如何决策吃什么,菜的选择,通用知识,tips/如何选择现在吃什么.md,4,"如何决策吃什么,如何选择现在吃什么,形式语言描述,正文,菜的选择,计算方法,计算荤菜和素菜数量",菜的选择 如果人数超过 8 人，考虑在荤菜中增加鱼类荤菜。 如果有小孩，考虑增加有甜味的菜。 考虑增加特色菜、拿手菜。 注意决策荤菜时不要全部使用同一种动物的肉。考虑顺序为： 猪肉 、 鸡肉 、 牛肉 、 羊肉 、 鸭肉 、 鱼肉 。 不要选择奇奇怪怪的动物做荤菜。,"### 菜的选择

* 如果人数超过 8 人，考虑在荤菜中增加鱼类荤菜。
* 如果有小孩，考虑增加有甜味的菜。
* 考虑增加特色菜、拿手菜。
* 注意决策荤菜时不要全部使用同一种动物的肉。考虑顺序为：`猪肉`、`鸡肉`、`牛肉`、`羊肉`、`鸭肉`、`鱼肉`。
* 不要选择奇奇怪怪的动物做荤菜。"
tipdoc_7e937e95d07f,TechniqueDoc,揭秘食材搭配的智慧：这些食物不宜同食,揭秘食材搭配的智慧：这些食物不宜同食,,通用知识,tips/食材相克与禁忌.md,,"常见食材搭配误区与科学解读,揭秘食材搭配的智慧这些食物不宜同食,揭秘食材搭配的智慧：这些食物不宜同食,时间,正文,焯水,煮,禁忌,科学看待“相克”，智慧搭配日常饮食,食材相克,食材相克与禁忌",揭秘食材搭配的智慧：这些食物不宜同食 在日常烹饪中，我们都希望做出美味又健康的家常菜。然而，有些食材看似普通，搭配在一起却可能暗藏“玄机”，不仅影响食物的色香味，更可能阻碍营养吸收，甚至对身体健康产生微妙的影响。了解这些“食材相克”与“食用禁忌”，是提升饮食智慧、守护家人健康的重要一步。 常见食材搭配误区与科学解读 以下是一些在我们的餐桌上，需要特别留意的食材组合： 1. 菠菜 + 豆腐：草酸与钙质的“交锋” 相克原理 ：菠菜富含草酸，而豆腐是钙质的优质来源。当两者同食时，草酸会与钙离子结合形成不溶于水的草酸钙。 可能影响 ：草酸钙不仅难以被人体吸收利用，长期大量摄入还可能增加结石的风险。 健康建议 ：在烹饪菠菜前，建议先用沸水焯烫一下，可以有效去除大部分草酸，从而减少其与钙的结合。 2. 胡萝卜 + 白萝卜：维生素C的“损耗者” 相克原理 ：胡萝卜中含有一种特殊的“抗坏血酸氧化酶” 即维生素 C 分解酶 ，它会破坏其他食物中的维生素 C。 可能影响 ：导致白萝卜 以及其他富含维生素 C 的食物，如柑橘类 中的维生素 C 大量流失，降低其营养价值。 健康建议 ：两者最好分开食用，或将胡,"# 揭秘食材搭配的智慧：这些食物不宜同食

在日常烹饪中，我们都希望做出美味又健康的家常菜。然而，有些食材看似普通，搭配在一起却可能暗藏“玄机”，不仅影响食物的色香味，更可能阻碍营养吸收，甚至对身体健康产生微妙的影响。了解这些“食材相克”与“食用禁忌”，是提升饮食智慧、守护家人健康的重要一步。

## 常见食材搭配误区与科学解读

以下是一些在我们的餐桌上，需要特别留意的食材组合：

1. **菠菜 + 豆腐：草酸与钙质的“交锋”**
 * **相克原理**：菠菜富含草酸，而豆腐是钙质的优质来源。当两者同食时，草酸会与钙离子结合形成不溶于水的草酸钙。
 * **可能影响**：草酸钙不仅难以被人体吸收利用，长期大量摄入还可能增加结石的风险。
 * **健康建议**：在烹饪菠菜前，建议先用沸水焯烫一下，可以有效去除大部分草酸，从而减少其与钙的结合。

2. **胡萝卜 + 白萝卜：维生素C的“损耗者”**
 * **相克原理**：胡萝卜中含有一种特殊的“抗坏血酸氧化酶”（即维生素 C 分解酶），它会破坏其他食物中的维生素 C。
 * **可能影响**：导致白萝卜（以及其他富含维生素 C 的食物，如柑橘类）中的维生素 C 大量流失，降低其营养价值。
 * **健康建议**：两者最好分开食用，或将胡萝卜烹熟后再与富含维生素 C 的食物同食，因为高温会使酶失去活性。

3. **虾类 + 大量维生素C：潜在的风险，但无需过度恐慌**
 * **相克原理**：虾等甲壳类水产品体内含有一种“五价砷”化合物。在极高剂量维生素 C 的还原作用下，五价砷理论上可能被还原为剧毒的“三价砷”（俗称砒霜）。
 * **可能影响**：理论上中毒，但**请注意**：日常饮食中虾类和维生素 C 的摄入量，远不足以达到引发中毒的剂量。这是一个被夸大的“相克”，不必过度恐慌。
 * **健康建议**：正常饮食即可，无需刻意回避。避免一次性大量摄入。

4. **柿子 + 螃蟹：消化道的“双重考验”**
 * **相克原理**：柿子富含鞣酸（又称单宁酸），螃蟹则蛋白质含量高。鞣酸遇到蛋白质容易凝固成不易消化的块状物——鞣酸蛋白。
 * **可能影响**：可能导致肠胃不适，如腹胀、腹痛、恶心、呕吐，甚至加重便秘。
 * **健康建议**：尽量避免同食，或至少间隔数小时。脾胃虚寒者尤其要注意。

5. **牛奶 + 巧克力：钙质吸收的“隐形障碍”**
 * **相克原理**：巧克力中含有草酸，与牛奶中的钙结合，形成草酸钙。
 * **可能影响**：影响钙的吸收，降低牛奶的补钙效果。
 * **健康建议**：建议分开食用，或间隔一段时间。

6. **豆浆 + 鸡蛋：蛋白质的“消化挑战”**
 * **相克原理**：未煮熟的豆浆中含有一种胰蛋白酶抑制剂，会影响人体对蛋白质的消化和吸收。
 * **可能影响**：降低鸡蛋蛋白质的利用率，可能引起消化不良。
 * **健康建议**：确保豆浆彻底煮沸、煮透后（假沸不算），再搭配鸡蛋食用，这样胰蛋白酶抑制剂会被破坏，不会产生不良影响。

7. **黄瓜 + 西红柿：维生素C的“默默流失”**
 * **相克原理**：与胡萝卜类似，黄瓜中也含有一种维生素 C 分解酶。
 * **可能影响**：破坏西红柿等食物中的维生素 C，降低其抗氧化和免疫增强作用。
 * **健康建议**：最好分开食用，如果要做沙拉，可以考虑先吃西红柿，再吃黄瓜，或将两者分别处理。

8. **羊肉 + 西瓜：寒热的“碰撞”**
 * **相克原理**：羊肉性温热，具有补虚祛寒的功效；西瓜性寒凉，有清热解暑作用。
 * **可能影响**：两者同食，寒热性质相悖，可能导致脾胃不适，引起腹泻、腹胀等消化问题，尤其对于脾胃虚弱者。
 * **健康建议**：避免在同一餐中大量食用。

9. **猪肉 + 茶：蛋白质吸收的“阻碍”**
 * **相克原理**：茶叶中含有鞣酸，与猪肉中的蛋白质结合，会形成不易消化的沉淀物。
 * **可能影响**：影响蛋白质的消化吸收，可能引起便秘或消化不良。
 * **健康建议**：饭后一小时再饮茶，或避免在吃肉类时大量饮用浓茶。

10. **蜂蜜 + 豆腐：消化“不协调”**
 * **相克原理**：蜂蜜中的有机酸与豆腐中的蛋白质结合，可能形成不易消化的物质。
 * **可能影响**：可能引起肠胃不适，如腹泻。
 * **健康建议**：尽量避免同食。

## 科学看待“相克”，智慧搭配日常饮食

* **“相克”并非绝对禁忌**：大多数所谓的“食物相克”，在科学研究中并未发现能引起严重中毒或致命后果。很多是基于传统经验、少数案例或体外实验的推测。日常少量食用或偶尔搭配，通常不会对健康造成明显影响。
* **重在均衡多样**：健康的饮食原则是均衡和多样化。与其过分担心“相克”，不如关注整体膳食结构的合理性，避免偏食、挑食。
* **烹饪方式有影响**：某些“相克”问题可以通过恰当的烹饪方式（如焯水、高温加热）来避免或减轻。
* **个体差异大**：每个人的体质、消化能力和对食物的敏感度都不同。对某些人来说可能引起不适的组合，对另一些人可能毫无影响。
* **关注自身感受**：如果在食用某种搭配后感到不适，应予以留意并在下次避免。
* **特殊人群请咨询专业人士**：如果您有特殊的健康状况、慢性疾病（如糖尿病、肾病等）或对某些食物过敏史，务必咨询医生或注册营养师的专业意见，他们能提供更具针对性和个性化的饮食建议。

希望这份详尽的食材搭配指南，能帮助您在享受烹饪乐趣的同时，更好地为自己和家人构筑一道健康防线！让我们一起吃得美味，吃得安心，吃得健康！"
tipchunk_9bc9ba46ca7d,TechniqueChunk,揭秘食材搭配的智慧：这些食物不宜同食,揭秘食材搭配的智慧：这些食物不宜同食,正文,通用知识,tips/食材相克与禁忌.md,0,"常见食材搭配误区与科学解读,揭秘食材搭配的智慧这些食物不宜同食,揭秘食材搭配的智慧：这些食物不宜同食,时间,正文,焯水,煮,禁忌,科学看待“相克”，智慧搭配日常饮食,食材相克,食材相克与禁忌",揭秘食材搭配的智慧：这些食物不宜同食 在日常烹饪中，我们都希望做出美味又健康的家常菜。然而，有些食材看似普通，搭配在一起却可能暗藏“玄机”，不仅影响食物的色香味，更可能阻碍营养吸收，甚至对身体健康产生微妙的影响。了解这些“食材相克”与“食用禁忌”，是提升饮食智慧、守护家人健康的重要一步。,"# 揭秘食材搭配的智慧：这些食物不宜同食

在日常烹饪中，我们都希望做出美味又健康的家常菜。然而，有些食材看似普通，搭配在一起却可能暗藏“玄机”，不仅影响食物的色香味，更可能阻碍营养吸收，甚至对身体健康产生微妙的影响。了解这些“食材相克”与“食用禁忌”，是提升饮食智慧、守护家人健康的重要一步。"
tipchunk_ab97722ef1d0,TechniqueChunk,揭秘食材搭配的智慧：这些食物不宜同食 / 常见食材搭配误区与科学解读,揭秘食材搭配的智慧：这些食物不宜同食,常见食材搭配误区与科学解读,通用知识,tips/食材相克与禁忌.md,1,"常见食材搭配误区与科学解读,揭秘食材搭配的智慧这些食物不宜同食,揭秘食材搭配的智慧：这些食物不宜同食,时间,正文,焯水,煮,禁忌,科学看待“相克”，智慧搭配日常饮食,食材相克,食材相克与禁忌",常见食材搭配误区与科学解读 以下是一些在我们的餐桌上，需要特别留意的食材组合： 1. 菠菜 + 豆腐：草酸与钙质的“交锋” 相克原理 ：菠菜富含草酸，而豆腐是钙质的优质来源。当两者同食时，草酸会与钙离子结合形成不溶于水的草酸钙。 可能影响 ：草酸钙不仅难以被人体吸收利用，长期大量摄入还可能增加结石的风险。 健康建议 ：在烹饪菠菜前，建议先用沸水焯烫一下，可以有效去除大部分草酸，从而减少其与钙的结合。 2. 胡萝卜 + 白萝卜：维生素C的“损耗者” 相克原理 ：胡萝卜中含有一种特殊的“抗坏血酸氧化酶” 即维生素 C 分解酶 ，它会破坏其他食物中的维生素 C。 可能影响 ：导致白萝卜 以及其他富含维生素 C 的食物，如柑橘类 中的维生素 C 大量流失，降低其营养价值。 健康建议 ：两者最好分开食用，或将胡萝卜烹熟后再与富含维生素 C 的食物同食，因为高温会使酶失去活性。 3. 虾类 + 大量维生素C：潜在的风险，但无需过度恐慌 相克原理 ：虾等甲壳类水产品体内含有一种“五价砷”化合物。在极高剂量维生素 C 的还原作用下，五价砷理论上可能被还原为剧毒的“三价砷” 俗称砒霜 。 可能影响 ：理,"## 常见食材搭配误区与科学解读

以下是一些在我们的餐桌上，需要特别留意的食材组合：

1. **菠菜 + 豆腐：草酸与钙质的“交锋”**
 * **相克原理**：菠菜富含草酸，而豆腐是钙质的优质来源。当两者同食时，草酸会与钙离子结合形成不溶于水的草酸钙。
 * **可能影响**：草酸钙不仅难以被人体吸收利用，长期大量摄入还可能增加结石的风险。
 * **健康建议**：在烹饪菠菜前，建议先用沸水焯烫一下，可以有效去除大部分草酸，从而减少其与钙的结合。

2. **胡萝卜 + 白萝卜：维生素C的“损耗者”**
 * **相克原理**：胡萝卜中含有一种特殊的“抗坏血酸氧化酶”（即维生素 C 分解酶），它会破坏其他食物中的维生素 C。
 * **可能影响**：导致白萝卜（以及其他富含维生素 C 的食物，如柑橘类）中的维生素 C 大量流失，降低其营养价值。
 * **健康建议**：两者最好分开食用，或将胡萝卜烹熟后再与富含维生素 C 的食物同食，因为高温会使酶失去活性。

3. **虾类 + 大量维生素C：潜在的风险，但无需过度恐慌**
 * **相克原理**：虾等甲壳类水产品体内含有一种“五价砷”化合物。在极高剂量维生素 C 的还原作用下，五价砷理论上可能被还原为剧毒的“三价砷”（俗称砒霜）。
 * **可能影响**：理论上中毒，但**请注意**：日常饮食中虾类和维生素 C 的摄入量，远不足以达到引发中毒的剂量。这是一个被夸大的“相克”，不必过度恐慌。
 * **健康建议**：正常饮食即可，无需刻意回避。避免一次性大量摄入。

4. **柿子 + 螃蟹：消化道的“双重考验”**
 * **相克原理**：柿子富含鞣酸（又称单宁酸），螃蟹则蛋白质含量高。鞣酸遇到蛋白质容易凝固成不易消化的块状物——鞣酸蛋白。
 * **可能影响**：可能导致肠胃不适，如腹胀、腹痛、恶心、呕吐，甚至加重便秘。
 * **健康建议**：尽量避免同食，或至少间隔数小时。脾胃虚寒者尤其要注意。

5. **牛奶 + 巧克力：钙质吸收的“隐形障碍”**
 * **相克原理**：巧克力中含有草酸，与牛奶中的钙结合，形成草酸钙。
 * **可能影响**：影响钙的吸收，降低牛奶的补钙效果。
 * **健康建议**：建议分开食用，或间隔一段时间。

6. **豆浆 + 鸡蛋：蛋白质的“消化挑战”**
 * **相克原理**：未煮熟的豆浆中含有一种胰蛋白酶抑制剂，会影响人体对蛋白质的消化和吸收。
 * **可能影响**：降低鸡蛋蛋白质的利用率，可能引起消化不良。
 * **健康建议**：确保豆浆彻底煮沸、煮透后（假沸不算），再搭配鸡蛋食用，这样胰蛋白酶抑制剂会被破坏，不会产生不良影响。

7. **黄瓜 + 西红柿：维生素C的“默默流失”**
 * **相克原理**：与胡萝卜类似，黄瓜中也含有一种维生素 C 分解酶。
 * **可能影响**：破坏西红柿等食物中的维生素 C，降低其抗氧化和免疫增强作用。
 * **健康建议**：最好分开食用，如果要做沙拉，可以考虑先吃西红柿，再吃黄瓜，或将两者分别处理。

8. **羊肉 + 西瓜：寒热的“碰撞”**
 * **相克原理**：羊肉性温热，具有补虚祛寒的功效；西瓜性寒凉，有清热解暑作用。
 * **可能影响**：两者同食，寒热性质相悖，可能导致脾胃不适，引起腹泻、腹胀等消化问题，尤其对于脾胃虚弱者。
 * **健康建议**：避免在同一餐中大量食用。

9. **猪肉 + 茶：蛋白质吸收的“阻碍”**
 * **相克原理**：茶叶中含有鞣酸，与猪肉中的蛋白质结合，会形成不易消化的沉淀物。
 * **可能影响**：影响蛋白质的消化吸收，可能引起便秘或消化不良。
 * **健康建议**：饭后一小时再饮茶，或避免在吃肉类时大量饮用浓茶。

10. **蜂蜜 + 豆腐：消化“不协调”**
 * **相克原理**：蜂蜜中的有机酸与豆腐中的蛋白质结合，可能形成不易消化的物质。
 * **可能影响**：可能引起肠胃不适，如腹泻。
 * **健康建议**：尽量避免同食。"
tipchunk_9eaa949d1a59,TechniqueChunk,揭秘食材搭配的智慧：这些食物不宜同食 / 科学看待“相克”，智慧搭配日常饮食,揭秘食材搭配的智慧：这些食物不宜同食,科学看待“相克”，智慧搭配日常饮食,通用知识,tips/食材相克与禁忌.md,2,"常见食材搭配误区与科学解读,揭秘食材搭配的智慧这些食物不宜同食,揭秘食材搭配的智慧：这些食物不宜同食,时间,正文,焯水,煮,禁忌,科学看待“相克”，智慧搭配日常饮食,食材相克,食材相克与禁忌",科学看待“相克”，智慧搭配日常饮食 “相克”并非绝对禁忌 ：大多数所谓的“食物相克”，在科学研究中并未发现能引起严重中毒或致命后果。很多是基于传统经验、少数案例或体外实验的推测。日常少量食用或偶尔搭配，通常不会对健康造成明显影响。 重在均衡多样 ：健康的饮食原则是均衡和多样化。与其过分担心“相克”，不如关注整体膳食结构的合理性，避免偏食、挑食。 烹饪方式有影响 ：某些“相克”问题可以通过恰当的烹饪方式 如焯水、高温加热 来避免或减轻。 个体差异大 ：每个人的体质、消化能力和对食物的敏感度都不同。对某些人来说可能引起不适的组合，对另一些人可能毫无影响。 关注自身感受 ：如果在食用某种搭配后感到不适，应予以留意并在下次避免。 特殊人群请咨询专业人士 ：如果您有特殊的健康状况、慢性疾病 如糖尿病、肾病等 或对某些食物过敏史，务必咨询医生或注册营养师的专业意见，他们能提供更具针对性和个性化的饮食建议。 希望这份详尽的食材搭配指南，能帮助您在享受烹饪乐趣的同时，更好地为自己和家人构筑一道健康防线！让我们一起吃得美味，吃得安心，吃得健康！,"## 科学看待“相克”，智慧搭配日常饮食

* **“相克”并非绝对禁忌**：大多数所谓的“食物相克”，在科学研究中并未发现能引起严重中毒或致命后果。很多是基于传统经验、少数案例或体外实验的推测。日常少量食用或偶尔搭配，通常不会对健康造成明显影响。
* **重在均衡多样**：健康的饮食原则是均衡和多样化。与其过分担心“相克”，不如关注整体膳食结构的合理性，避免偏食、挑食。
* **烹饪方式有影响**：某些“相克”问题可以通过恰当的烹饪方式（如焯水、高温加热）来避免或减轻。
* **个体差异大**：每个人的体质、消化能力和对食物的敏感度都不同。对某些人来说可能引起不适的组合，对另一些人可能毫无影响。
* **关注自身感受**：如果在食用某种搭配后感到不适，应予以留意并在下次避免。
* **特殊人群请咨询专业人士**：如果您有特殊的健康状况、慢性疾病（如糖尿病、肾病等）或对某些食物过敏史，务必咨询医生或注册营养师的专业意见，他们能提供更具针对性和个性化的饮食建议。

希望这份详尽的食材搭配指南，能帮助您在享受烹饪乐趣的同时，更好地为自己和家人构筑一道健康防线！让我们一起吃得美味，吃得安心，吃得健康！"
